1022.11 -2040.61
-634.849 564.553
-2366.04 783.955
-802.211 -4035.14
-1689.84 2208.43
781.564 2462.74
462.122 463.239
1392.76 3905.93
2608.49 4.18756
-4798.86 -313.306
2306.32 -1043.95
3608.42 2069.56
-94.552 -28.4396
-108.862 255.581
865.92 -1572.38
-1414.26 3625.88
-3316.19 1749.57
598.397 1764.39
-1884.1 -4118.32
-1921.49 -1094.38
4926.64 1655.27
943.656 -1735.4
408.916 -666.2
1425.56 -1342.69
416.225 1597.14
2957.37 -1250.45
-362.925 -418.919
3802.3 -509.398
1326.09 -2547.23
180.595 1899.94
924.289 3519.84
-4495.32 -2217.96
-378.221 -1498.33
858.951 412.589
-1412.16 1439.08
2147.55 -390.282
3644.11 1603.25
551.535 -2676.4
-1018.73 2314.58
-320.516 -559.744
-1042.83 1510.11
-728.066 3216.26
-3514.16 -1594.06
-270.831 -3552.12
2033.19 1670.29
-2796.75 -221.14
-106.146 2641.43
48.6001 -559.518
403.373 3623.72
-299.119 444.573
-1647.73 -3583.06
-900.414 3046.94
155.554 16.9696
-372.852 -804.427
971.237 1739.94
-1865 -4714.56
1150.05 2462.68
-118.487 704.166
2735.58 -761.408
1293.64 401.661
732.027 -3310.94
-1407.38 1387.13
-1636.89 1263.49
-4873.97 -1683.14
1387.5 -762.343
2648.82 -2815.79
-2522.83 2533.92
-4638.7 14.2437
4390.11 753.648
-32.4841 215.593
2547.39 -1724.97
-512.31 4222.26
-1001.69 -1389.05
-3364.42 -3043.28
331.476 -219.982
-1679.13 -1755.39
-797.105 2709.64
2147.9 3576.89
1700.6 -27.5863
4212.21 756.656
-1477.82 -1084.14
-2802.06 2142.92
-478.264 -1869.08
-2252.64 -878.528
-388.313 -384.729
3157.36 1581.96
-449.594 -321.228
-3491.93 3336.15
-433.423 -1104.2
-2959.19 170.969
424.912 -800.243
-3611.24 329.449
1341.9 -2096.37
-1139.74 4647.99
-3719.79 3431.5
4690.14 1205.74
1770.02 1990.51
1983.91 494.271
-45.689 2290.24
844.462 -2377.58
2836.99 -623.865
-739.026 -918.483
1229.79 932.983
378.286 -0.598159
2049.48 -695.911
1204.73 -1554.29
-1259.68 1753.15
-34.1284 -229.792
178.973 246.18
-2978.46 -2700.96
2782.11 4213.87
-3539.17 3766.33
-1484 -2100.06
-1007.44 -4295.12
1892.46 1626.13
-2560.17 403.528
2033.44 -2067.34
3270.57 -2155.01
4930.25 -1448.72
-662.36 -2326.12
-2276.72 -3220.35
-3836.41 -3638.27
3878.72 2727.44
4196.05 -2207.19
-3558.47 3128.35
2966.71 -3330.1
-2822.73 1923.91
2759.55 3186.13
2892.96 2088.7
-3548.34 -1087.08
-389.729 1791.77
-124.925 775.552
876.392 1445.79
720.489 239.804
3326.42 -1358.68
249.421 -1727.05
-2026.78 1293.76
773.454 2269.05
1241.58 -1438.91
-1092.41 -400.992
3247.75 -2587.5
5202.19 1037.68
-2415.98 3743.25
-4068.46 653.236
2071.25 2669.86
-4559.44 1014.42
4441.45 -2807.75
-1639.63 2140.51
-245.977 -822.034
4131.7 -2488.8
-412.413 -1042.31
-1677 -3846.55
-3423.98 -393.345
-851.134 3455.15
3430.84 -1936.93
1059.27 -3852.48
495.225 -2808.55
-681.734 3809.59
-592.058 276.751
-1001.06 1724.14
-965.169 -220.247
-2006.98 4249.32
3206.14 -764.114
-2586.96 -2636.18
-856.173 1002.16
3861.29 3154.92
-355.103 -423.994
-597.15 705.835
-3126.03 493.16
2106.31 -3211.57
4030.67 496.849
2134.56 -1562.51
-4825.6 -408.241
1315.44 4300.54
-369.965 140.427
-813.412 799.795
-778.23 144.765
-2998.83 -3418.9
715.686 4436.5
1338.19 -512.567
-39.8349 -127.471
596.948 1550.51
3973.43 2832.37
2439.63 -962.98
3671.26 108.691
334.103 1316.19
-2877.19 3962.39
378.061 1192.89
4626.83 1252.59
-94.4811 270.37
-94.2313 205.177
-192.26 -186.941
-4926.17 -1147.16
1980.48 287.06
-1370.56 -5112.36
347.14 -99.8691
1874.42 -1935.15
1813.71 1302.53
5124.63 -102.526
3797.81 991.892
2167.31 1070.54
3487.1 3012.41
2346.19 950.08
-881.849 415.059
-3868.47 2055.12
-2513.43 312.68
1781.98 -221.695
-2272.47 1810.92
-3075.59 4039.9
1874.67 1137.47
-887.1 -194.669
-1038.74 785.455
3319.21 -3714.48
905.341 234.574
1456.15 -1765.09
-1003.34 1846.57
-908.034 -1411.28
182.484 552.179
3091.36 4288.29
-4412.41 -1607.39
-882.883 -4229.16
4146.8 -1245.99
3742.24 -3221.83
557.662 195.791
-3751.21 552.45
2597.31 -2966.52
635.91 1191.83
-535.249 3896.5
-266.727 3300.09
2856.74 3547.57
931.029 -300.999
14.825 -222.014
-618.178 -1434.08
502.322 -2135.53
-3036.95 101.411
369.24 3121.53
-4932.51 725.364
1205.02 4881.29
398.347 -742.428
-1149.76 -2476.56
1401.73 -1788.84
245.452 -208.861
1584.8 3013.77
-539.78 -289.135
2098.69 2650.84
-456.058 -3356.86
-1397.91 -2285.22
-2276.67 -1760.15
111.766 -4509.43
-153.136 2247.65
-312.807 -676.072
-490.763 -4223.95
-811.015 904.834
-1766.6 315.452
1000.56 746.572
-345.206 -3295.3
161.231 1310.67
176.791 -1835.76
-2692.44 -2211.42
4162.47 681.508
1809.98 2719.57
1483.59 -463.895
2142.47 3987.45
-3133.18 -21.609
-684.478 -4742.45
-1079.03 1598.45
-2512.34 -1470.01
1871.3 -979.64
-4041.12 -1992.48
-208.056 245.628
2743.93 -522.081
-93.2289 3579.13
2372.9 1753.93
-1702.17 -3899.08
-2411.97 -1362.9
1682.78 -705.484
-4704.05 659.005
2433.57 -2671.19
-301.773 -1200.69
148.27 -2074.02
-574.799 3002.37
4603.49 -1560.26
-1131.21 23.8625
-939.769 3460.57
1187.11 -3193.42
1122.89 1391.32
1948.64 389.633
-1452.23 -5066.33
2594.52 -1226.77
-1351.41 3221.48
551.053 -504.575
821.652 -3011.11
1557.92 -35.6941
-268.661 -456.999
-968.389 2960.48
-2412.69 -2525.05
3534.42 -118.053
819.444 -88.8188
-2677.84 -271.085
1502.59 2633.7
-635.597 2015.28
1942.67 -1835.31
1516.11 2539.16
-16.3249 584.84
2535.95 -4347.91
-3169.19 294.136
1277.25 1643.21
-289.007 1108.29
979.867 -3809.68
-652.848 851.016
-193.039 -5139.42
209.474 3305.32
95.7051 -372.93
2095.83 -1729.08
1642.15 -2841.89
-138.219 68.3479
126.933 -319.933
503.37 52.4962
4.94199 -576.918
3165.28 -1161.44
1484.05 -968.259
-1726.9 -273.875
-928.216 -569.484
1086.57 707.918
-823.735 -2725.38
-614.71 -3467.35
248.625 -1457.68
130.668 -152.05
442.552 -109.548
-4128.9 -2604.15
533.173 -315.551
25.0163 283.654
-1105.74 506.733
-517.871 -899.91
93.1203 264.797
2355.88 -3135.56
3259.75 3150.35
2437.14 3347.67
580.844 3790.74
1410.27 1709.41
4.80399 301.641
-804.206 3076.48
-3542.86 -238.765
-570.243 -1648.98
-26.7312 -422.746
-2772.2 486.135
-1608.62 3374.6
2883.48 1956.26
936.443 -2322.07
243.353 1295.68
-349.213 3225.88
2990.77 -3653.61
-2144.44 -291.402
1026.15 -1580.8
4352.04 -2706.46
-3773.92 1654.2
1577.78 1725.1
238.594 -1176.57
22.5386 853.833
-1692.12 158.866
2780.34 1749.57
884.345 -148.314
-3716.85 3807.69
-356.271 -1850.39
-902.516 -1925.64
-947.488 304.479
1747.96 -1581.23
107.664 79.4006
-31.937 3689.43
-894.47 -373.725
2132.83 4178.12
-2297.12 3921.11
-1801 3179.89
-102.956 -215.422
1141.17 546.712
8.94021 1824.56
-1847.97 -4295.22
-905.702 -2803.34
-50.4264 40.1055
-3475.93 -1429.09
-4405.95 1731.91
-230.118 873.654
2179.15 -375
209.511 10.9112
163.702 2000.58
-1902.45 -928.372
-4357.72 1486.21
1194.84 -34.2691
3591.93 -63.3918
-644.487 -1933.54
-2971.08 -1763.69
-12.5745 -516.712
2609.82 3814.27
2100.64 4757.47
-3852.9 -1351.4
3138.29 -1144.92
1353.01 -3672.22
2798.05 393.324
-54.1931 -145.654
4381.57 1998.95
-442.703 -1834.09
394.8 -1219.72
-1126.75 -1904.56
-1915.17 -2309.82
-3138.58 2192.74
621.326 100.45
18.6402 -450.192
-515.313 2583.9
-1491.57 4556.79
489.933 1587.52
-2110.64 -676.752
116.119 -570.705
1051.2 2687.66
-5.56441 -726.557
-4690.67 1090.77
-1141.38 -559.033
-1628.65 -2166.57
2050.79 2360.47
3576.9 778.461
-1356.29 2183.88
-23.6027 -1840.29
2809.22 -3977.84
-1168.04 1040.11
-1763.55 -127.014
-61.5262 35.5016
-309.667 -393.574
642.609 848.874
-44.9293 -339.938
-941.039 581.116
2641.31 -2226.32
231.166 1575.61
1689.55 2015.89
-2241.3 1144.32
-12.3598 -3409.07
46.0134 -2974.83
2590.81 -4262.94
4670.74 836.415
2291.5 1311.85
-249.729 1229.35
4759.73 -2391.62
128.43 615.617
-1436.55 -4953.02
1708 3173.59
1426.46 -3821.19
-1259.75 1520.56
-569.889 1971.68
100.916 228.402
-2090.01 -3985.58
1654.28 -1195.75
1415.32 -1039.81
881.796 43.9092
1191.17 -192.404
-1366.47 -1804.93
-240.401 153.629
323.834 -2239.11
1704.94 2386.41
1039.08 2538.04
2652.03 511.798
-2578.45 1713.98
-657.262 -4935.49
898.484 -784.021
3042.04 2327.81
-4863.1 -689.848
-1481.92 -653.245
2573.48 -255.232
-171.916 -33.0563
4463.35 1105.49
-4563.12 -1169.44
2309.5 2064.34
913.662 290.657
-323.645 3551.15
928.562 -118.49
2789.56 -2029.86
1357.53 3868.43
-732.807 -1456.99
-1029.49 -3073.58
-346.271 -135.873
-3520.23 1360.42
2044.91 229.036
930.701 2307.06
904.94 -1179.82
5116.46 680.289
-2107.62 -3524.28
-480.936 223.967
-684.754 -5175.69
-2260.21 3948.48
-1090.36 869.938
3047.25 2137.89
-3583.06 526.315
3820.39 -1577.62
1250.72 4741.36
799.043 1603.26
3614.24 -1328.12
100.324 22.8738
2661.09 213.278
2318.66 -2655.27
2056.19 1885.07
1927.09 -4620.17
-4262.41 306.353
-256.307 3625.41


1031.27 -2036
-645.826 551.932
-2368.93 775.168
-794.771 -4036.61
-1697.34 2202.68
771.107 2466.04
447.156 477.728
1385.32 3908.58
2608.45 14.2778
-4798.37 -320.708
2310.39 -1034.92
3604.28 2076.76
-61.9871 -74.2334
-140.217 240.227
876.023 -1566.77
-1421.84 3622.91
-3320.15 1742.05
586.478 1768.39
-1876.8 -4121.65
-1916.29 -1103.46
4924.5 1661.62
953.406 -1730.06
425.754 -655.611
1432.96 -1334.78
405.185 1599.97
2960.74 -1242.44
-345.059 -433.817
3803.48 -500.514
1334.75 -2542.71
169.604 1900.95
916.5 3521.88
-4492.39 -2223.88
-364.481 -1501.74
851.14 428.515
-1419.48 1431.85
2149.66 -378.535
3640.79 1610.77
561.229 -2674.38
-1027.82 2310.56
-302.134 -569.899
-1053.31 1502.83
-736.575 3214.32
-3511.02 -1600.97
-262.831 -3552.72
2026.78 1678.08
-2795.97 -230.821
-116.277 2641.01
69.9962 -557.229
394.64 3624.68
-317.089 431.912
-1640.03 -3586.59
-908.228 3044.62
144.378 60.9199
-357.647 -811.288
961.379 1745.41
-1857.78 -4717.41
1141.73 2466.55
-139.298 700.401
2737.97 -752.76
1289.42 415.032
740.078 -3309.14
-1415.44 1378.9
-1643.76 1254.53
-4871.79 -1689.44
1393.5 -751.32
2654.26 -2810.66
-2528.55 2528.2
-4638.71 6.73977
4388.82 761.13
-68.5187 207.03
2552.34 -1717.64
-520.347 4221.27
-992.473 -1395.64
-3359.21 -3049.03
345.512 -197.253
-1671.74 -1762.43
-806.858 2706.76
2141.41 3580.78
1700.75 -15.6077
4210.8 764.466
-1470.71 -1093.76
-2807.55 2135.73
-467.149 -1871.89
-2249.19 -887.306
-370.892 -401.673
3153.45 1589.74
-435.386 -340.356
-3496.52 3331.35
-420.796 -1109.06
-2959.67 162.436
440.461 -791.804
-3611.93 321.766
1350.97 -2090.54
-1146.63 4646.29
-3725.07 3425.77
4688.48 1212.15
1762.44 1997.22
1981.41 504.142
-56.7672 2289.99
853.426 -2374.37
2838.81 -615.521
-727.314 -927.785
1222.13 943.002
377.362 27.2231
2052.64 -686.527
1212.99 -1547.84
-1268.02 1747.12
-0.624541 -232.017
153.505 262.805
-2973.3 -2706.64
2776.44 4217.61
-3544.73 3761.11
-1474.97 -2106.41
-999.251 -4297.04
1885.21 1634.54
-2561.8 393.049
2039.69 -2061.16
3275.37 -2147.71
4932.05 -1442.57
-652.105 -2329.02
-2269.71 -3225.29
-3831.92 -3643
3874.19 2733.86
4199.5 -2200.61
-3563.48 3122.64
2971.96 -3325.42
-2828.11 1916
2753.15 3191.66
2887.61 2096.09
-3545.86 -1095.16
-400.711 1789.34
-144.3 772.214
864.819 1452.75
713.928 258.789
3329.46 -1351.22
260.571 -1725.4
-2032.37 1284.96
763.3 2272.49
1250.86 -1430.85
-1087.35 -414.502
3252.74 -2581.23
5200.72 1045
-2421.76 3739.51
-4069.6 646.088
2065.01 2674.69
-4561.14 1006.75
4444.96 -2802.2
-1647.23 2134.66
-229.905 -826.654
4135.71 -2482.15
-397.548 -1048.08
-1669.48 -3849.82
-3423.06 -401.217
-859.488 3453.08
3434.97 -1929.6
1066.49 -3850.49
503.8 -2807.02
-689.652 3808.17
-599.714 259.626
-1010.02 1718.9
-961.236 -236.881
-2013.57 4246.21
3208.36 -754.746
-2581.31 -2641.71
-866.077 993.599
3856.34 3160.97
-337.145 -438.459
-611.235 693.717
-3127.4 484.37
2113.51 -3206.84
4029.72 504.427
2140.52 -1554.34
-4824.97 -415.617
1308.63 4302.62
-378.634 115.1
-824.351 788.526
-781.247 127.385
-2992.97 -3424.03
708.735 4437.61
1343.44 -498.692
4.38658 -131.708
584.283 1555.34
3969.27 2838.2
2443.36 -953.498
3671.02 116.346
320.779 1319.5
-2883.54 3957.77
364.096 1197.23
4624.8 1260.05
-124.923 257.898
-125.127 187.816
-167.576 -209.468
-4924.48 -1154.4
1978.76 298.667
-1363.62 -5114.22
354.348 -70.9737
1881.05 -1928.7
1807.51 1311.12
5124.77 -95.5018
3795.65 1000.14
2163.09 1079.03
3482.01 3018.29
2342.57 958.954
-888.393 400.826
-3872.4 2047.71
-2514.76 301.794
1783.51 -209.038
-2278.8 1802.95
-3081.69 4035.25
1868.52 1147.56
-883.646 -209.653
-1046.57 774.96
3324.22 -3709.99
900.886 251.166
1463.58 -1758.93
-1013.11 1841.22
-897.546 -1417.98
160.342 559.078
3085.99 4292.15
-4409.96 -1614.1
-874.777 -4230.84
4148.9 -1238.95
3746.59 -3216.77
550.701 214.446
-3752.29 545.067
2603.21 -2961.34
624.797 1197.67
-542.805 3895.45
-275.284 3299.38
2850.39 3552.67
936.085 -284.911
51.3817 -216.602
-606.349 -1439.12
512.961 -2133
-3037.22 93.107
359.57 3122.66
-4933.46 718.907
1198.33 4882.94
414.13 -733.748
-1140.54 -2480.82
1410.4 -1782.01
263.268 -185.829
1577.69 3017.5
-528.781 -308.914
2091.97 2656.14
-447.188 -3358.06
-1390.19 -2289.92
-2271.07 -1767.36
118.78 -4509.25
-164.531 2246.84
-294.927 -684.081
-482.926 -4224.85
-822.422 894.491
-1768.6 304.023
991.896 758.045
-336.971 -3296.15
146.263 1312.43
188.507 -1834.59
-2687.29 -2217.67
4161.21 689.178
1803.08 2724.14
1487.71 -450.563
2136.15 3990.84
-3133.1 -31.0933
-676.75 -4743.56
-1088.74 1591.85
-2507.29 -1478.61
1876.47 -969.701
-4037.99 -1998.8
-228.302 226.688
2745.66 -512.917
-101.371 3578.91
2367.36 1761.4
-1694.37 -3902.48
-2407.01 -1371.63
1686.93 -695.468
-4705.09 651.53
2439.88 -2665.44
-288.707 -1203.88
159.376 -2073.19
-583.742 3000.64
4605.92 -1553.08
-1131.45 7.68211
-947.942 3458.34
1194.57 -3190.63
1114.39 1398.12
1946.37 400.815
-1445.7 -5068.19
2598.21 -1218.92
-1359.86 3217.92
562.631 -491.574
829.648 -3008.91
1558.16 -22.6175
-247.582 -468.835
-977.306 2957.55
-2406.1 -2531.33
3534.71 -108.957
821.196 -70.8439
-2676.84 -280.763
1494.12 2638.52
-646.489 2011.81
1949.35 -1828.22
1508.16 2543.89
-36.0926 583.892
2542.02 -4344.36
-3169.93 285.991
1269.24 1649.4
-302.22 1104.74
987.758 -3807.65
-665.706 841.008
-185.263 -5139.71
199.994 3305.91
119.058 -365.964
2101.78 -1721.85
1649.26 -2837.77
-152.53 24.6387
154.352 -307.789
500.651 73.4141
28.0345 -576.316
3168.1 -1153.72
1491.22 -957.192
-1725.07 -285.148
-919.23 -583.92
1078.19 720.64
-814.254 -2728.23
-606.921 -3468.72
262.84 -1455.2
159.973 -122.016
448.029 -84.6856
-4124.91 -2610.46
543.581 -297.278
-3.91292 284.427
-1111.98 492.915
-503.305 -908.151
62.7532 273.552
2361.94 -3131
3254.03 3156.26
2430.35 3352.6
572.284 3792.04
1402.13 1716.1
-24.4856 300.543
-812.956 3074.18
-3542.22 -248.037
-558.413 -1653.02
0.324741 -423.692
-2773.9 476.376
-1616.55 3370.81
2878.21 1964
945.233 -2318.51
230.032 1298.1
-358.173 3224.89
2996.87 -3648.61
-2142.98 -301.928
1035.09 -1574.95
4355.99 -2700.09
-3776.93 1647.3
1569.87 1732.31
253.579 -1173.44
4.96477 854.115
-1693.28 146.022
2775.15 1757.79
887.215 -130.209
-3721.68 3802.97
-345.427 -1852.44
-893.282 -1929.94
-952.386 288.804
1755.22 -1573.17
72.0898 112.487
-40.6388 3689.35
-888.375 -387.947
2126.52 4181.34
-2303.29 3917.48
-1808.49 3175.64
-71.4268 -227.651
1135.47 558.419
-2.94011 1824.57
-1841.34 -4298.06
-896.859 -2806.18
-56.8373 -38.5962
-3472.91 -1436.4
-4408.61 1725.11
-247.556 868.894
2180.82 -365.147
204.108 50.281
151.538 2001.54
-1897.95 -937.538
-4360.28 1478.71
1195.17 -19.4627
3592.08 -54.2623
-633.878 -1937.04
-2966.32 -1771.7
8.8718 -516.722
2604.09 3818.19
2094.64 4760.12
-3850.32 -1358.74
3141.57 -1135.88
1360.5 -3669.46
2796.72 402.631
-11.1771 -154.756
4378.76 2005.08
-430.841 -1836.92
408.212 -1215.3
-1117.24 -1910.15
-1907.62 -2316.06
-3143.12 2186.23
617.841 119.87
41.1728 -448.579
-524.26 2582.1
-1498.94 4554.37
477.078 1591.44
-2107.27 -687.205
136.6 -566.131
1043.18 2690.78
14.2948 -726.457
-4692.18 1084.24
-1135.48 -570.886
-1620.26 -2172.86
2044.4 2366
3575.12 786.578
-1365.06 2178.41
-12.4284 -1840.4
2815.73 -3973.23
-1176.03 1031.06
-1762.57 -140.133
-59.016 -35.8223
-289.352 -408.873
629.739 858.471
-15.1213 -342.682
-949.496 567.218
2646.45 -2220.21
217.581 1577.55
1681.61 2022.52
-2245.52 1136.01
-3.47513 -3409.09
54.4345 -2974.68
2597.14 -4259.08
4669.35 844.114
2286.53 1320.5
-265.153 1226.14
4763.06 -2384.99
109.896 619.133
-1430.17 -4954.87
1700.35 3177.7
1433.72 -3818.47
-1267.91 1513.76
-581.697 1968.24
65.8495 241.381
-2083.87 -3988.8
1660.67 -1186.85
1422.19 -1030.4
880.765 61.2084
1193.29 -178.682
-1358.12 -1811.22
-254.839 127.766
334.525 -2237.54
1696.77 2392.22
1030.94 2541.35
2650.08 521.786
-2583.59 1706.21
-650.137 -4936.43
908.179 -772.77
3037.07 2334.29
-4862.16 -696.48
-1476.72 -664.917
2574.41 -245.655
-159.265 -72.4618
4461.49 1112.97
-4561.21 -1176.86
2303.91 2070.57
908.179 307.422
-332.454 3550.34
930.669 -100.792
2794.46 -2023.1
1349.46 3871.26
-720.64 -1463.06
-1021.18 -3076.35
-335.471 -160.642
-3523.49 1351.95
2043.73 239.304
921.895 2310.59
915.238 -1171.84
5115.55 687.139
-2101.1 -3528.18
-490.018 203.323
-678.259 -5176.55
-2267.21 3944.46
-1098.72 859.358
3042.11 2145.2
-3584.37 517.323
3823.14 -1570.94
1243.12 4743.36
787.274 1609.08
3617.11 -1320.26
73.0716 68.0776
2660.24 223.622
2324.58 -2650.08
2049.67 1892.15
1933.83 -4617.35
-4262.91 299.274
-263.883 3624.86


1040.41 -2031.34
-656.523 539.071
-2371.78 766.368
-787.328 -4038.07
-1704.82 2196.89
760.639 2469.3
431.761 491.759
1377.87 3911.21
2608.38 24.3677
-4797.87 -328.11
2314.41 -1025.88
3600.12 2083.96
-5.75748 -90.8803
-169.71 221.684
886.087 -1561.09
-1429.41 3619.93
-3324.09 1734.51
574.536 1772.32
-1869.49 -4124.98
-1911.04 -1112.51
4922.35 1667.97
963.124 -1724.66
442.354 -644.656
1440.32 -1326.82
394.121 1602.7
2964.09 -1234.42
-326.643 -448.025
3804.64 -491.628
1343.39 -2538.16
158.605 1901.89
908.706 3523.9
-4489.46 -2229.8
-350.715 -1505.05
843.069 444.311
-1426.77 1424.57
2151.71 -366.779
3637.46 1618.29
570.916 -2672.33
-1036.9 2306.5
-283.45 -579.483
-1063.74 1495.48
-745.079 3212.36
-3507.86 -1607.87
-254.83 -3553.3
2020.33 1685.84
-2795.16 -240.5
-126.406 2640.54
91.2853 -554.088
385.905 3625.63
-334.501 418.49
-1632.33 -3590.11
-916.035 3042.27
121.53 99.9514
-342.307 -817.84
951.489 1750.81
-1850.56 -4720.26
1133.39 2470.39
-160.006 696.121
2740.33 -744.103
1285.05 428.36
748.124 -3307.33
-1423.46 1370.63
-1650.59 1245.54
-4869.6 -1695.74
1399.4 -740.248
2659.69 -2805.52
-2534.26 2522.48
-4638.72 -0.764199
4387.52 768.61
-102.606 192.582
2557.26 -1710.3
-528.382 4220.28
-983.202 -1402.16
-3353.99 -3054.77
358.031 -173.657
-1664.33 -1769.43
-816.6 2703.84
2134.91 3584.65
1700.81 -3.62826
4209.38 772.273
-1463.55 -1103.34
-2813.02 2128.52
-456.017 -1874.63
-2245.71 -896.068
-352.857 -417.951
3149.53 1597.5
-420.479 -358.939
-3501.1 3326.53
-408.102 -1113.74
-2960.12 153.902
455.854 -783.083
-3612.6 314.082
1360.01 -2084.68
-1153.53 4644.58
-3730.35 3420.03
4686.82 1218.56
1754.84 2003.91
1978.86 513.998
-67.8442 2289.7
862.375 -2371.13
2840.6 -607.171
-715.485 -936.939
1214.37 952.953
374.503 54.9047
2055.74 -677.125
1221.22 -1541.34
-1276.33 1741.04
32.8929 -228.808
126.494 276.789
-2968.13 -2712.31
2770.76 4221.34
-3550.27 3755.88
-1465.92 -2112.74
-991.058 -4298.94
1877.92 1642.92
-2563.4 382.564
2045.93 -2054.97
3280.15 -2140.41
4933.84 -1436.41
-641.838 -2331.87
-2262.69 -3230.22
-3827.42 -3647.73
3869.66 2740.27
4202.94 -2194.03
-3568.49 3116.93
2977.2 -3320.72
-2833.47 1908.08
2746.74 3197.19
2882.24 2103.47
-3543.35 -1103.24
-411.677 1786.83
-163.596 768.451
853.199 1459.64
706.932 277.617
3332.47 -1343.76
271.707 -1723.66
-2037.92 1276.14
753.132 2275.88
1260.1 -1422.74
-1082.1 -427.943
3257.71 -2574.95
5199.25 1052.32
-2427.53 3735.76
-4070.72 638.939
2058.76 2679.5
-4562.83 999.086
4448.46 -2796.63
-1654.81 2128.79
-213.737 -830.927
4139.7 -2475.49
-382.608 -1053.66
-1661.94 -3853.08
-3422.13 -409.086
-867.838 3450.99
3439.08 -1922.27
1073.71 -3848.48
512.37 -2805.46
-697.567 3806.73
-606.793 242.251
-1018.94 1713.6
-957.04 -253.451
-2020.14 4243.08
3210.56 -745.373
-2575.65 -2647.22
-875.882 984.924
3851.38 3167.01
-318.648 -452.222
-625.115 681.368
-3128.75 475.576
2120.7 -3202.09
4028.77 512.004
2146.45 -1546.15
-4824.33 -422.992
1301.82 4304.68
-385.612 89.2593
-835.144 777.117
-783.844 109.936
-2987.1 -3429.15
701.781 4438.71
1348.56 -484.773
47.8932 -117.255
571.585 1560.08
3965.11 2844.01
2447.04 -944.002
3670.76 124
307.421 1322.67
-2889.89 3953.14
350.083 1201.4
4622.76 1267.52
-153.851 242.303
-152.828 165.659
-140.4 -228.88
-4922.78 -1161.63
1976.99 310.264
-1356.67 -5116.07
359.463 -41.6592
1887.65 -1922.24
1801.27 1319.68
5124.89 -88.4775
3793.47 1008.38
2158.84 1087.5
3476.91 3024.16
2338.92 967.813
-894.684 386.479
-3876.32 2040.29
-2516.06 290.903
1784.96 -196.37
-2285.11 1794.97
-3087.79 4030.58
1862.32 1157.62
-879.88 -224.564
-1054.29 764.373
3329.23 -3705.49
896.139 267.677
1470.97 -1752.74
-1022.86 1835.83
-887.008 -1424.59
137.981 565.211
3080.62 4296.01
-4407.5 -1620.81
-866.668 -4232.51
4150.99 -1231.92
3750.94 -3211.7
543.021 232.82
-3753.35 537.682
2609.1 -2956.15
613.618 1203.39
-550.359 3894.39
-283.839 3298.66
2844.03 3557.77
940.877 -268.743
86.57 -205.42
-594.478 -1444.07
523.587 -2130.41
-3037.45 84.8021
349.897 3123.77
-4934.39 712.448
1191.64 4884.57
429.728 -724.742
-1131.3 -2485.05
1419.05 -1775.14
278.868 -161.232
1570.56 3021.21
-517.161 -328.331
2085.25 2661.42
-438.315 -3359.23
-1382.44 -2294.6
-2265.45 -1774.55
125.794 -4509.06
-175.922 2245.99
-276.856 -691.648
-475.088 -4225.74
-833.708 884.017
-1770.52 292.58
983.097 769.416
-328.732 -3296.97
131.277 1314.05
200.214 -1833.35
-2682.11 -2223.92
4159.93 696.844
1796.17 2728.7
1491.72 -437.2
2129.83 3994.21
-3133 -40.5774
-669.021 -4744.65
-1098.42 1585.19
-2502.22 -1487.19
1881.59 -959.734
-4034.86 -2005.12
-246.617 205.829
2747.35 -503.747
-109.512 3578.67
2361.8 1768.86
-1686.55 -3905.86
-2402.03 -1380.35
1691.02 -685.422
-4706.12 644.052
2446.16 -2659.67
-275.601 -1206.91
170.477 -2072.31
-592.68 2998.89
4608.33 -1545.89
-1131.48 -8.49968
-956.109 3456.09
1202.02 -3187.82
1105.85 1404.86
1944.04 411.984
-1439.18 -5070.05
2601.88 -1211.06
-1368.29 3214.35
573.849 -478.259
837.637 -3006.69
1558.3 -9.53932
-226.052 -479.816
-986.214 2954.6
-2399.5 -2537.6
3534.98 -99.8612
822.557 -52.8353
-2675.81 -290.437
1485.64 2643.31
-657.364 2008.29
1956 -1821.1
1500.2 2548.59
-55.8115 582.156
2548.08 -4340.81
-3170.65 277.844
1261.19 1655.55
-315.38 1100.99
995.645 -3805.59
-678.421 830.821
-177.487 -5139.99
190.511 3306.47
141.832 -357.217
2107.69 -1714.59
1656.35 -2833.63
-153.948 -21.1611
180.714 -293.534
496.88 94.1777
51.0876 -574.905
3170.9 -1145.99
1498.32 -946.081
-1723.15 -296.407
-910.056 -598.237
1069.68 733.276
-804.764 -2731.04
-599.128 -3470.07
277.034 -1452.59
183.432 -87.5168
452.212 -59.5788
-4120.91 -2616.77
553.373 -278.668
-32.7933 281.673
-1118.05 479.025
-488.621 -916.179
31.5751 278.772
2367.99 -3126.42
3248.3 3162.16
2423.56 3357.52
563.722 3793.33
1393.95 1722.74
-53.5218 296.338
-821.7 3071.86
-3541.57 -257.308
-546.556 -1656.99
27.3796 -423.105
-2775.56 466.613
-1624.46 3367.01
2872.93 1971.73
954.007 -2314.9
216.686 1300.38
-367.129 3223.89
3002.97 -3643.6
-2141.47 -312.446
1043.99 -1569.04
4359.94 -2693.72
-3779.94 1640.39
1561.92 1739.48
268.525 -1170.13
-12.6112 854.033
-1694.35 133.17
2769.95 1765.99
889.759 -112.056
-3726.51 3798.24
-334.569 -1854.42
-884.025 -1934.18
-957.028 273.051
1762.45 -1565.07
26.7992 130.395
-49.3404 3689.24
-882.022 -402.056
2120.21 4184.54
-2309.46 3913.85
-1815.97 3171.37
-38.3655 -234.997
1129.62 570.054
-14.8203 1824.52
-1834.71 -4300.9
-888.007 -2808.99
5.82585 -70.154
-3469.88 -1443.7
-4411.27 1718.31
-264.906 863.821
2182.44 -355.286
192.199 88.0507
139.369 2002.44
-1893.39 -946.678
-4362.82 1471.2
1195.32 -4.6533
3592.21 -45.1326
-623.25 -1940.49
-2961.54 -1779.69
30.3007 -515.715
2598.34 3822.1
2088.64 4762.75
-3847.72 -1366.08
3144.84 -1126.83
1367.98 -3666.67
2795.36 411.932
32.7666 -150.928
4375.95 2011.21
-418.961 -1839.67
421.573 -1210.72
-1107.71 -1915.7
-1900.05 -2322.28
-3147.64 2179.72
613.69 139.16
63.5819 -445.62
-533.2 2580.26
-1506.32 4551.94
464.196 1595.27
-2103.84 -697.642
156.895 -560.783
1035.16 2693.87
34.1441 -725.851
-4693.69 1077.7
-1129.44 -582.666
-1611.84 -2179.12
2038 2371.51
3573.33 794.69
-1373.81 2172.9
-1.25354 -1840.42
2822.23 -3968.62
-1183.94 1021.94
-1761.5 -153.246
9.18728 -71.2231
-268.409 -423.287
616.732 867.881
14.7916 -343.047
-957.767 553.21
2651.56 -2214.09
203.983 1579.39
1673.66 2029.11
-2249.7 1127.68
5.40958 -3409.09
62.855 -2974.51
2603.47 -4255.21
4667.96 851.81
2281.52 1329.12
-280.541 1222.76
4766.38 -2378.35
91.2429 621.981
-1423.78 -4956.71
1692.7 3181.78
1440.98 -3815.74
-1276.02 1506.91
-593.488 1964.73
29.5652 249.902
-2077.72 -3992
1667.02 -1177.91
1428.98 -1020.93
879.394 78.4839
1195.24 -164.933
-1349.75 -1817.46
-266.138 100.33
345.209 -2235.92
1688.59 2398.02
1022.79 2544.63
2648.1 531.767
-2588.71 1698.43
-643.011 -4937.36
917.732 -761.4
3032.08 2340.77
-4861.2 -703.11
-1471.43 -676.549
2575.3 -236.075
-137.543 -107.738
4459.62 1120.45
-4559.29 -1184.27
2298.29 2076.79
902.423 324.094
-341.262 3549.5
932.475 -83.0604
2799.35 -2016.33
1341.38 3874.07
-708.43 -1469.03
-1012.86 -3079.1
-322.858 -184.542
-3526.74 1343.49
2042.49 249.564
913.073 2314.08
925.463 -1163.78
5114.62 693.988
-2094.57 -3532.05
-498.209 182.31
-671.763 -5177.39
-2274.21 3940.44
-1106.97 848.695
3036.96 2152.49
-3585.66 508.329
3825.87 -1564.26
1235.51 4745.35
775.469 1614.83
3619.98 -1312.4
20.5546 88.8489
2659.36 233.963
2330.49 -2644.88
2043.14 1899.21
1940.56 -4614.53
-4263.39 292.194
-271.457 3624.3


1049.53 -2026.63
-666.936 525.977
-2374.59 757.555
-779.882 -4039.51
-1712.27 2191.08
750.159 2472.52
415.953 505.319
1370.42 3913.83
2608.27 34.4574
-4797.36 -335.511
2318.4 -1016.83
3595.96 2091.15
51.8902 -64.5219
-196.975 200.229
896.11 -1555.34
-1436.98 3616.94
-3328.02 1726.97
562.57 1776.18
-1862.18 -4128.29
-1905.74 -1121.54
4920.19 1674.32
972.809 -1719.2
458.708 -633.342
1447.63 -1318.81
383.035 1605.35
2967.42 -1226.4
-307.709 -461.523
3805.79 -482.74
1352.02 -2533.58
147.601 1902.76
900.908 3525.89
-4486.51 -2235.71
-336.924 -1508.24
834.74 459.971
-1434 1417.24
2153.71 -355.014
3634.11 1625.8
580.596 -2670.25
-1045.96 2302.4
-264.483 -588.487
-1074.13 1488.07
-753.578 3210.38
-3504.69 -1614.76
-246.827 -3553.86
2013.85 1693.57
-2794.31 -250.176
-136.534 2640.04
112.435 -550.102
377.167 3626.55
-351.323 404.329
-1624.62 -3593.61
-923.835 3039.9
88.9803 131.017
-326.836 -824.081
941.568 1756.16
-1843.33 -4723.09
1125.03 2474.19
-180.598 691.331
2742.66 -735.439
1280.56 441.643
756.165 -3305.5
-1431.42 1362.31
-1657.37 1236.5
-4867.4 -1702.04
1405.22 -729.127
2665.11 -2800.36
-2539.95 2516.74
-4638.71 -8.26817
4386.2 776.088
-133.783 172.671
2562.16 -1702.94
-536.415 4219.27
-973.88 -1408.61
-3348.76 -3060.5
368.978 -149.299
-1656.88 -1776.4
-826.334 2700.89
2128.4 3588.51
1700.77 8.35137
4207.94 780.078
-1456.32 -1112.86
-2818.47 2121.31
-444.868 -1877.3
-2242.18 -904.814
-334.237 -433.538
3145.58 1605.26
-404.899 -376.946
-3505.67 3321.71
-395.345 -1118.25
-2960.54 145.367
471.084 -774.084
-3613.25 306.395
1369.03 -2078.78
-1160.42 4642.86
-3735.61 3414.28
4685.15 1224.97
1747.2 2010.58
1976.25 523.839
-78.9197 2289.35
871.311 -2367.85
2842.36 -598.814
-703.541 -945.942
1206.53 962.836
369.726 82.3052
2058.8 -667.705
1229.41 -1534.78
-1284.61 1734.92
65.629 -220.179
98.212 287.991
-2962.94 -2717.97
2765.07 4225.06
-3555.81 3750.64
-1456.84 -2119.03
-982.862 -4300.83
1870.6 1651.28
-2564.95 372.073
2052.14 -2048.75
3284.92 -2133.09
4935.63 -1430.25
-631.56 -2334.68
-2255.66 -3235.14
-3822.92 -3652.44
3865.12 2746.68
4206.38 -2187.44
-3573.48 3111.2
2982.43 -3316.02
-2838.81 1900.14
2740.32 3202.7
2876.86 2110.84
-3540.83 -1111.31
-422.624 1784.25
-182.802 764.267
841.533 1466.44
699.506 296.276
3335.47 -1336.29
282.83 -1721.83
-2043.43 1267.3
742.95 2279.23
1269.29 -1414.58
-1076.68 -441.312
3262.68 -2568.66
5197.77 1059.64
-2433.3 3732.01
-4071.83 631.786
2052.49 2684.29
-4564.51 991.415
4451.95 -2791.06
-1662.37 2122.89
-197.478 -834.851
4143.68 -2468.82
-367.596 -1059.03
-1654.4 -3856.33
-3421.17 -416.952
-876.183 3448.88
3443.18 -1914.92
1080.92 -3846.46
520.934 -2803.87
-705.479 3805.27
-613.288 224.643
-1027.83 1708.25
-952.584 -269.952
-2026.72 4239.94
3212.73 -735.994
-2569.98 -2652.72
-885.586 976.137
3846.42 3173.05
-299.643 -465.262
-638.786 668.79
-3130.07 466.778
2127.88 -3197.33
4027.79 519.579
2152.35 -1537.93
-4823.68 -430.366
1295 4306.73
-390.87 63.0203
-845.789 765.571
-786.02 92.4284
-2981.23 -3434.27
694.825 4439.8
1353.57 -470.81
83.4618 -83.9569
558.854 1564.72
3960.93 2849.82
2450.7 -934.492
3670.49 131.654
294.031 1325.7
-2896.23 3948.5
336.023 1205.42
4620.71 1274.97
-180.927 223.788
-176.611 139.256
-111.141 -244.898
-4921.07 -1168.87
1975.14 321.85
-1349.72 -5117.91
362.465 -12.0994
1894.22 -1915.75
1794.98 1328.21
5125.01 -81.453
3791.28 1016.62
2154.54 1095.95
3471.8 3030.03
2335.23 976.655
-900.72 372.021
-3880.22 2032.87
-2517.31 280.007
1786.34 -183.694
-2291.39 1786.96
-3093.89 4025.91
1856.07 1167.66
-875.802 -239.395
-1061.88 753.696
3334.23 -3700.99
891.103 284.102
1478.34 -1746.5
-1032.58 1830.38
-876.422 -1431.13
115.43 570.569
3075.24 4299.86
-4405.03 -1627.52
-858.556 -4234.17
4153.07 -1224.88
3755.27 -3206.62
534.63 250.89
-3754.39 530.294
2614.98 -2950.95
602.374 1208.99
-557.91 3893.31
-292.392 3297.91
2837.66 3562.85
945.404 -252.499
119.463 -188.788
-582.566 -1448.91
534.201 -2127.78
-3037.66 76.4965
340.222 3124.85
-4935.32 705.987
1184.95 4886.2
445.136 -715.414
-1122.05 -2489.25
1427.66 -1768.23
292.117 -135.277
1563.43 3024.9
-504.936 -347.364
2078.5 2666.69
-429.439 -3360.38
-1374.68 -2299.24
-2259.81 -1781.72
132.807 -4508.85
-187.309 2245.09
-258.606 -698.769
-467.248 -4226.62
-844.872 873.414
-1772.36 281.124
974.164 780.683
-320.492 -3297.78
116.277 1315.52
211.914 -1832.03
-2676.93 -2230.15
4158.64 704.509
1789.25 2733.23
1495.62 -423.806
2123.5 3997.58
-3132.87 -50.0612
-661.291 -4745.74
-1108.05 1578.48
-2497.12 -1495.75
1886.65 -949.742
-4031.71 -2011.43
-262.835 183.221
2749.02 -494.571
-117.652 3578.41
2356.21 1776.29
-1678.74 -3909.24
-2397.01 -1389.06
1695.03 -675.347
-4707.14 636.573
2452.44 -2653.89
-262.457 -1209.77
181.574 -2071.36
-601.613 2997.11
4610.74 -1538.71
-1131.31 -24.6799
-964.271 3453.82
1209.47 -3185
1097.25 1411.54
1941.64 423.14
-1432.64 -5071.9
2605.51 -1203.19
-1376.72 3210.76
584.7 -464.637
845.62 -3004.44
1558.33 3.53952
-204.111 -489.926
-995.115 2951.62
-2392.88 -2543.85
3535.24 -90.7643
823.529 -34.8017
-2674.74 -300.108
1477.15 2648.07
-668.22 2004.71
1962.62 -1813.96
1492.23 2553.27
-75.4551 579.635
2554.13 -4337.25
-3171.34 269.695
1253.1 1661.64
-328.484 1097.06
1003.53 -3803.52
-690.992 820.457
-169.711 -5140.25
181.028 3307.02
163.912 -346.724
2113.58 -1707.31
1663.44 -2829.46
-142.585 -65.2194
205.84 -277.274
492.064 114.743
74.069 -572.686
3173.68 -1138.25
1505.35 -934.925
-1721.15 -307.652
-900.697 -612.432
1061.04 745.824
-795.266 -2733.83
-591.332 -3471.4
291.206 -1449.87
200.397 -49.9082
455.09 -34.3001
-4116.91 -2623.07
562.54 -259.743
-61.2623 275.392
-1123.96 465.065
-473.821 -923.991
-0.0114145 280.385
2374.03 -3121.83
3242.56 3168.06
2416.75 3362.43
555.157 3794.6
1385.74 1729.34
-82.0016 289.053
-830.437 3069.51
-3540.89 -266.577
-534.672 -1660.87
54.3356 -420.99
-2777.19 456.843
-1632.38 3363.18
2867.63 1979.45
962.765 -2311.26
203.314 1302.5
-376.083 3222.86
3009.06 -3638.58
-2139.9 -322.956
1052.86 -1563.07
4363.88 -2687.34
-3782.92 1633.48
1553.95 1746.61
283.431 -1166.64
-30.1817 853.587
-1695.33 120.312
2764.73 1774.17
891.976 -93.8612
-3731.32 3793.51
-323.698 -1856.33
-874.743 -1938.37
-961.413 257.225
1769.65 -1556.94
-22.1319 130.505
-58.0418 3689.12
-875.412 -416.049
2113.89 4187.73
-2315.61 3910.21
-1823.44 3167.08
-4.47705 -237.27
1123.63 581.615
-26.6999 1824.38
-1828.08 -4303.72
-879.146 -2811.78
68.2849 -29.8777
-3466.83 -1450.99
-4413.91 1711.51
-282.16 858.439
2184 -345.417
174.27 123.068
127.196 2003.28
-1888.78 -955.792
-4365.35 1463.69
1195.28 10.1568
3592.32 -36.0026
-612.603 -1943.87
-2956.73 -1787.68
51.6698 -513.692
2592.59 3826
2082.63 4765.38
-3845.11 -1373.41
3148.08 -1117.78
1375.45 -3663.87
2793.98 421.229
73.9202 -134.306
4373.13 2017.33
-407.066 -1842.36
434.882 -1205.99
-1098.15 -1921.2
-1892.46 -2328.48
-3152.14 2173.19
608.877 158.301
85.7998 -441.322
-542.132 2578.38
-1513.69 4549.49
451.288 1599
-2100.36 -708.062
176.974 -554.669
1027.12 2696.93
53.9695 -724.739
-4695.18 1071.17
-1123.26 -594.372
-1603.41 -2185.35
2031.58 2377
3571.51 802.798
-1382.54 2167.36
9.92134 -1840.37
2828.73 -3964
-1191.76 1012.75
-1760.34 -166.351
64.8716 -30.7692
-246.886 -436.786
603.59 877.101
44.6025 -341.04
-965.853 539.094
2656.66 -2207.96
190.371 1581.13
1665.68 2035.68
-2253.85 1119.33
14.2943 -3409.06
71.275 -2974.3
2609.8 -4251.34
4666.55 859.505
2276.49 1337.73
-295.892 1219.21
4769.69 -2371.71
72.4913 624.155
-1417.39 -4958.53
1685.03 3185.85
1448.23 -3812.99
-1284.09 1500
-605.261 1961.17
-7.25801 253.891
-2071.57 -3995.18
1673.32 -1168.93
1435.71 -1011.41
877.684 95.7292
1197.01 -151.16
-1341.34 -1823.67
-274.136 71.6501
355.885 -2234.24
1680.38 2403.79
1014.62 2547.88
2646.09 541.74
-2593.82 1690.64
-635.884 -4938.29
927.144 -749.912
3027.08 2347.23
-4860.23 -709.739
-1466.05 -688.139
2576.15 -226.491
-107.95 -136.846
4457.74 1127.92
-4557.36 -1191.69
2292.66 2082.99
896.396 340.67
-350.067 3548.65
933.981 -65.3025
2804.22 -2009.55
1333.3 3876.86
-696.178 -1474.92
-1004.54 -3081.82
-308.499 -207.445
-3529.96 1335.01
2041.19 259.817
904.235 2317.53
935.614 -1155.62
5113.69 700.836
-2088.03 -3535.92
-505.495 160.965
-665.265 -5178.23
-2281.2 3936.4
-1115.11 837.949
3031.79 2159.78
-3586.93 499.331
3828.59 -1557.57
1227.9 4747.33
763.629 1620.5
3622.82 -1304.53
-39.7335 66.8989
2658.44 244.3
2336.39 -2639.66
2036.57 1906.24
1947.3 -4611.69
-4263.87 285.112
-279.03 3623.71


1058.62 -2021.88
-677.059 512.655
-2377.36 748.729
-772.433 -4040.94
-1719.71 2185.24
739.668 2475.71
399.747 518.395
1362.97 3916.43
2608.12 44.5465
-4796.84 -342.912
2322.35 -1007.75
3591.78 2098.33
74.2372 1.53608
-221.704 176.193
906.093 -1549.52
-1444.54 3613.92
-3331.93 1719.42
550.582 1779.97
-1854.86 -4131.59
-1900.4 -1130.54
4918.03 1680.66
982.462 -1713.69
474.807 -621.675
1454.89 -1310.76
371.926 1607.89
2970.72 -1218.36
-288.286 -474.289
3806.92 -473.849
1360.63 -2528.97
136.592 1903.55
893.104 3527.87
-4483.56 -2241.62
-323.109 -1511.34
826.156 475.49
-1441.19 1409.87
2155.66 -343.239
3630.74 1633.3
590.268 -2668.13
-1055.01 2298.26
-245.251 -596.903
-1084.47 1480.6
-762.071 3208.37
-3501.5 -1621.65
-238.823 -3554.39
2007.35 1701.29
-2793.43 -259.849
-146.66 2639.51
133.413 -545.274
368.428 3627.45
-367.524 389.455
-1616.91 -3597.09
-931.627 3037.5
49.4643 151.85
-311.241 -830.008
931.616 1761.46
-1836.09 -4725.91
1116.66 2477.96
-201.057 686.034
2744.96 -726.765
1275.92 454.879
764.201 -3303.64
-1439.34 1353.94
-1664.1 1227.44
-4865.19 -1708.33
1410.94 -717.958
2670.52 -2795.2
-2545.63 2510.98
-4638.69 -15.7721
4384.87 783.564
-161.178 147.877
2567.04 -1695.56
-544.447 4218.24
-964.507 -1414.98
-3343.52 -3066.23
378.307 -124.286
-1649.4 -1783.34
-836.058 2697.91
2121.89 3592.37
1700.65 20.3305
4206.49 787.88
-1449.03 -1122.34
-2823.91 2114.08
-433.704 -1879.91
-2238.6 -913.543
-315.066 -448.409
3141.62 1613.01
-388.672 -394.351
-3510.23 3316.88
-382.525 -1122.58
-2960.93 136.83
486.147 -764.809
-3613.89 298.708
1378.03 -2072.84
-1167.31 4641.13
-3740.87 3408.53
4683.46 1231.37
1739.55 2017.21
1973.58 533.663
-89.9935 2288.96
880.233 -2364.53
2844.08 -590.452
-691.484 -954.794
1198.6 972.651
363.06 109.285
2061.8 -658.269
1237.55 -1528.17
-1292.86 1728.76
96.7772 -206.233
68.9423 296.297
-2957.74 -2723.61
2759.38 4228.77
-3561.34 3745.4
-1447.74 -2125.3
-974.662 -4302.7
1863.25 1659.61
-2566.47 361.576
2058.33 -2042.51
3289.68 -2125.77
4937.4 -1424.09
-621.269 -2337.45
-2248.62 -3240.05
-3818.41 -3657.15
3860.58 2753.08
4209.8 -2180.85
-3578.47 3105.47
2987.65 -3311.3
-2844.13 1892.19
2733.89 3208.2
2871.46 2118.19
-3538.29 -1119.37
-433.554 1781.6
-201.908 759.663
829.822 1473.17
691.654 314.754
3338.44 -1328.82
293.939 -1719.93
-2048.9 1258.43
732.753 2282.54
1278.43 -1406.36
-1071.08 -454.607
3267.63 -2562.36
5196.27 1066.96
-2439.05 3728.24
-4072.92 624.632
2046.2 2689.07
-4566.17 983.742
4455.44 -2785.49
-1669.9 2116.96
-181.137 -838.424
4147.65 -2462.15
-352.516 -1064.21
-1646.85 -3859.56
-3420.19 -424.816
-884.523 3446.75
3447.26 -1907.57
1088.13 -3844.41
529.492 -2802.25
-713.387 3803.79
-619.193 206.819
-1036.69 1702.84
-947.869 -286.379
-2033.29 4236.79
3214.88 -726.61
-2564.3 -2658.21
-895.19 967.237
3841.45 3179.08
-280.159 -477.559
-652.243 655.988
-3131.37 457.976
2135.06 -3192.55
4026.8 527.152
2158.22 -1529.69
-4823.02 -437.738
1288.18 4308.77
-394.384 36.5003
-856.283 753.889
-787.774 74.871
-2975.34 -3439.37
687.868 4440.88
1358.46 -456.805
101.916 -34.0947
546.091 1569.28
3956.75 2855.63
2454.31 -924.969
3670.2 139.307
280.61 1328.6
-2902.56 3943.86
321.918 1209.27
4618.65 1282.43
-205.84 202.598
-195.834 109.261
-80.242 -257.303
-4919.35 -1176.1
1973.23 333.427
-1342.77 -5119.74
363.349 17.5313
1900.77 -1909.23
1788.66 1336.71
5125.11 -74.4284
3789.07 1024.86
2150.2 1104.38
3466.69 3035.88
2331.5 985.483
-906.498 357.457
-3884.12 2025.44
-2518.53 269.106
1787.63 -171.01
-2297.65 1778.93
-3099.97 4021.23
1849.78 1177.66
-871.414 -254.141
-1069.34 742.929
3339.22 -3696.48
885.778 300.435
1485.67 -1740.23
-1042.27 1824.88
-865.787 -1437.59
92.7211 575.146
3069.86 4303.7
-4402.54 -1634.22
-850.441 -4235.82
4155.14 -1217.84
3759.6 -3201.54
525.539 268.632
-3755.41 522.904
2620.85 -2945.74
591.066 1214.45
-565.459 3892.21
-300.944 3297.13
2831.29 3567.93
949.664 -236.184
149.209 -167.182
-570.614 -1453.65
544.801 -2125.09
-3037.84 68.1902
330.543 3125.9
-4936.23 699.526
1178.25 4887.82
460.346 -705.769
-1112.78 -2493.42
1436.24 -1761.29
302.899 -108.179
1556.28 3028.57
-492.121 -365.99
2071.75 2671.93
-420.561 -3361.5
-1366.89 -2303.85
-2254.14 -1788.88
139.82 -4508.63
-198.693 2244.13
-240.19 -705.439
-459.407 -4227.48
-855.912 862.683
-1774.12 269.656
965.1 791.845
-312.249 -3298.56
101.263 1316.83
223.604 -1830.63
-2671.72 -2236.37
4157.33 712.171
1782.32 2737.74
1499.42 -410.383
2117.17 4000.93
-3132.71 -59.5445
-653.559 -4746.82
-1117.65 1571.71
-2491.99 -1504.3
1891.67 -939.723
-4028.55 -2017.73
-276.799 159.042
2750.65 -485.389
-125.792 3578.12
2350.6 1783.71
-1670.91 -3912.6
-2391.97 -1397.74
1698.97 -665.242
-4708.14 629.093
2458.7 -2648.09
-249.276 -1212.46
192.665 -2070.36
-610.54 2995.3
4613.14 -1531.51
-1130.93 -40.8557
-972.428 3451.53
1216.91 -3182.15
1088.6 1418.15
1939.18 434.281
-1426.11 -5073.74
2609.12 -1195.3
-1385.14 3207.14
595.177 -450.718
853.595 -3002.17
1558.25 16.6181
-181.799 -499.146
-1004.01 2948.61
-2386.24 -2550.08
3535.47 -81.6669
824.109 -16.7516
-2673.63 -309.775
1468.64 2652.81
-679.058 2001.08
1969.21 -1806.79
1484.23 2557.92
-94.9968 576.33
2560.18 -4333.68
-3172.01 261.543
1244.98 1667.69
-341.531 1092.93
1011.41 -3801.43
-703.415 809.917
-161.934 -5140.51
171.543 3307.53
185.186 -334.526
2119.45 -1700.02
1670.51 -2825.28
-119.709 -104.033
229.568 -259.129
486.21 135.066
96.9465 -569.663
3176.43 -1130.51
1512.31 -923.725
-1719.07 -318.881
-891.154 -626.502
1052.27 758.282
-785.758 -2736.59
-583.532 -3472.7
305.354 -1447.04
210.614 -10.605
456.657 -8.92245
-4112.89 -2629.37
571.07 -240.524
-88.9509 265.608
-1129.71 451.037
-458.909 -931.585
-31.5977 278.364
2380.06 -3117.23
3236.81 3173.94
2409.94 3367.32
546.589 3795.85
1377.5 1735.9
-109.623 278.746
-839.167 3067.13
-3540.19 -275.844
-522.762 -1664.67
81.0962 -417.359
-2778.79 447.069
-1640.28 3359.35
2862.32 1987.15
971.507 -2307.58
189.92 1304.48
-385.034 3221.8
3015.14 -3633.55
-2138.28 -333.458
1061.68 -1557.03
4367.81 -2680.95
-3785.9 1626.56
1545.94 1753.71
298.293 -1162.98
-47.7395 852.777
-1696.22 107.446
2759.49 1782.35
893.866 -75.6323
-3736.14 3788.77
-312.814 -1858.16
-865.438 -1942.51
-965.541 241.33
1776.81 -1548.79
-67.964 112.486
-66.7428 3688.98
-868.549 -429.921
2107.57 4190.92
-2321.76 3906.55
-1830.9 3162.78
29.5076 -234.366
1117.49 593.1
-38.5783 1824.16
-1821.44 -4306.53
-870.276 -2814.53
61.2633 38.5174
-3463.77 -1458.28
-4416.54 1704.71
-299.313 852.747
2185.51 -335.539
151.034 154.345
115.019 2004.05
-1884.12 -964.88
-4367.86 1456.18
1195.06 24.9654
3592.41 -26.8725
-601.938 -1947.2
-2951.91 -1795.65
72.9369 -510.654
2586.84 3829.88
2076.62 4768
-3842.48 -1380.73
3151.3 -1108.71
1382.92 -3661.06
2792.55 430.522
108.641 -106.034
4370.3 2023.44
-395.154 -1844.97
448.137 -1201.12
-1088.56 -1926.66
-1884.86 -2334.66
-3156.63 2166.65
603.406 177.27
107.759 -435.692
-551.057 2576.47
-1521.05 4547.04
438.354 1602.65
-2096.83 -718.464
196.812 -547.795
1019.08 2699.96
73.7575 -723.123
-4696.66 1064.63
-1116.93 -606.002
-1594.95 -2191.55
2025.14 2382.48
3569.68 810.902
-1391.25 2161.79
21.0958 -1840.25
2835.22 -3959.37
-1199.5 1003.49
-1759.11 -179.449
63.7416 41.0286
-224.831 -449.343
590.316 886.129
74.1066 -336.687
-973.75 524.873
2661.74 -2201.81
176.747 1582.77
1657.67 2042.22
-2257.95 1110.97
23.1789 -3409.02
79.6942 -2974.07
2616.12 -4247.46
4665.13 867.197
2271.42 1346.33
-311.203 1215.51
4772.99 -2365.06
53.6611 625.652
-1411 -4960.35
1677.36 3189.9
1455.48 -3810.22
-1292.12 1493.05
-617.016 1957.55
-43.957 253.405
-2065.42 -3998.36
1679.56 -1159.92
1442.37 -1001.85
875.636 112.938
1198.6 -137.364
-1332.91 -1829.83
-278.692 42.0716
366.553 -2232.52
1672.16 2409.53
1006.45 2551.1
2644.04 551.707
-2598.89 1682.83
-628.755 -4939.2
936.412 -738.307
3022.07 2353.68
-4859.25 -716.366
-1460.58 -699.687
2576.97 -216.903
-72.1337 -158.06
4455.84 1135.39
-4555.42 -1199.09
2287.01 2089.17
890.101 357.143
-358.871 3547.78
935.186 -47.5236
2809.07 -2002.75
1325.21 3879.65
-683.883 -1480.72
-996.208 -3084.52
-292.47 -229.225
-3533.17 1326.53
2039.82 270.062
895.382 2320.95
945.692 -1147.37
5112.74 707.682
-2081.49 -3539.77
-511.863 139.328
-658.766 -5179.06
-2288.18 3932.35
-1123.14 827.123
3026.61 2167.05
-3588.18 490.331
3831.3 -1550.88
1220.29 4749.3
751.754 1626.11
3625.65 -1296.66
-62.99 -5.08985
2657.48 254.635
2342.28 -2634.42
2029.99 1913.26
1954.02 -4608.85
-4264.33 278.03
-286.602 3623.11


1067.69 -2017.09
-686.889 499.111
-2380.09 739.891
-764.981 -4042.35
-1727.13 2179.38
729.166 2478.86
383.158 530.975
1355.51 3919.02
2607.93 54.635
-4796.3 -350.311
2326.27 -998.661
3587.59 2105.5
30.0224 62.5457
-243.65 149.943
916.036 -1543.63
-1452.1 3610.89
-3335.82 1711.86
538.572 1783.69
-1847.54 -4134.87
-1895.02 -1139.51
4915.85 1687
992.081 -1708.12
490.641 -609.663
1462.09 -1302.67
360.796 1610.35
2974 -1210.31
-268.405 -486.305
3808.03 -464.956
1369.23 -2524.33
125.577 1904.27
885.296 3529.83
-4480.59 -2247.52
-309.271 -1514.32
817.32 490.864
-1448.34 1402.45
2157.55 -331.457
3627.37 1640.8
599.933 -2665.98
-1064.03 2294.09
-225.774 -604.722
-1094.77 1473.07
-770.559 3206.34
-3498.29 -1628.53
-230.817 -3554.91
2000.81 1708.97
-2792.51 -269.519
-156.783 2638.93
154.187 -539.613
359.686 3628.34
-383.077 373.893
-1609.18 -3600.56
-939.412 3035.08
6.16767 161.131
-295.527 -835.62
921.633 1766.69
-1828.86 -4728.73
1108.28 2481.7
-221.369 680.235
2747.22 -718.084
1271.16 468.067
772.232 -3301.76
-1447.21 1345.53
-1670.78 1218.33
-4862.97 -1714.62
1416.56 -706.742
2675.91 -2790.02
-2551.3 2505.21
-4638.66 -23.276
4383.53 791.037
-184.035 118.919
2571.9 -1688.17
-552.477 4217.2
-955.084 -1421.29
-3338.28 -3071.95
385.978 -98.7284
-1641.89 -1790.25
-845.772 2694.9
2115.37 3596.2
1700.44 32.3086
4205.02 795.68
-1441.68 -1131.77
-2829.33 2106.83
-422.523 -1882.44
-2234.99 -922.255
-295.376 -462.542
3137.63 1620.75
-371.824 -411.127
-3514.78 3312.04
-369.645 -1126.73
-2961.29 128.291
501.036 -755.261
-3614.5 291.018
1387.01 -2066.88
-1174.2 4639.39
-3746.13 3402.76
4681.76 1237.77
1731.87 2023.82
1970.84 543.471
-101.065 2288.51
889.14 -2361.17
2845.78 -582.083
-679.316 -963.492
1190.59 982.397
354.544 135.709
2064.74 -648.816
1245.65 -1521.51
-1301.07 1722.55
125.521 -187.174
38.979 301.622
-2952.54 -2729.25
2753.69 4232.48
-3566.86 3740.15
-1438.62 -2131.52
-966.46 -4304.56
1855.87 1667.91
-2567.95 351.074
2064.5 -2036.25
3294.42 -2118.44
4939.17 -1417.93
-610.968 -2340.18
-2241.58 -3244.94
-3813.89 -3661.86
3856.02 2759.47
4213.21 -2174.25
-3583.45 3099.73
2992.86 -3306.58
-2849.44 1884.23
2727.45 3213.69
2866.05 2125.53
-3535.74 -1127.43
-444.466 1778.87
-220.903 754.642
818.066 1479.81
683.382 333.041
3341.4 -1321.33
305.034 -1717.93
-2054.34 1249.54
722.543 2285.81
1287.52 -1398.08
-1065.29 -467.827
3272.57 -2556.05
5194.77 1074.28
-2444.8 3724.46
-4074 617.475
2039.91 2693.82
-4567.83 976.066
4458.92 -2779.91
-1677.41 2111
-164.72 -841.644
4151.62 -2455.47
-337.37 -1069.19
-1639.3 -3862.79
-3419.19 -432.678
-892.858 3444.6
3451.33 -1900.21
1095.33 -3842.36
538.044 -2800.59
-721.293 3802.3
-624.5 188.795
-1045.51 1697.38
-942.896 -302.729
-2039.85 4233.64
3217.01 -717.22
-2558.6 -2663.68
-904.69 958.227
3836.47 3185.1
-260.229 -489.093
-665.482 642.967
-3132.64 449.171
2142.22 -3187.76
4025.8 534.723
2164.06 -1521.43
-4822.35 -445.11
1281.36 4310.8
-396.143 9.8177
-866.627 742.073
-789.105 57.2734
-2969.45 -3444.46
680.908 4441.95
1363.23 -442.76
92.0008 24.2664
533.297 1573.75
3952.56 2861.42
2457.9 -915.432
3669.88 146.959
267.159 1331.35
-2908.89 3939.2
307.769 1212.97
4616.58 1289.88
-228.321 179.012
-209.957 76.4207
-48.1663 -265.937
-4917.62 -1183.32
1971.26 344.992
-1335.82 -5121.56
362.13 47.0608
1907.29 -1902.69
1782.29 1345.17
5125.21 -67.4037
3786.84 1033.09
2145.82 1112.79
3461.56 3041.73
2327.74 994.294
-912.017 342.791
-3888 2018
-2519.7 258.202
1788.84 -158.318
-2303.88 1770.89
-3106.06 4016.55
1843.45 1187.63
-866.718 -268.798
-1076.68 732.073
3344.21 -3691.96
880.166 316.671
1492.96 -1733.92
-1051.93 1819.33
-855.105 -1443.96
69.8858 578.938
3064.47 4307.53
-4400.04 -1640.92
-842.323 -4237.45
4157.19 -1210.79
3763.92 -3196.45
515.758 286.021
-3756.42 515.511
2626.7 -2940.51
579.694 1219.78
-573.005 3891.1
-309.493 3296.33
2824.91 3573
953.657 -219.802
175.063 -141.212
-558.623 -1458.3
555.387 -2122.35
-3037.99 59.8832
320.861 3126.93
-4937.13 693.063
1171.56 4889.42
475.351 -695.81
-1103.51 -2497.55
1444.79 -1754.3
311.117 -80.1657
1549.12 3032.22
-478.731 -384.189
2064.98 2677.16
-411.679 -3362.61
-1359.09 -2308.44
-2248.45 -1796.01
146.832 -4508.4
-210.071 2243.13
-221.618 -711.654
-451.564 -4228.33
-866.827 851.826
-1775.8 258.175
955.906 802.9
-304.004 -3299.32
86.2376 1318
235.286 -1829.16
-2666.5 -2242.58
4156.01 719.83
1775.37 2742.23
1503.12 -396.931
2110.83 4004.27
-3132.52 -69.0273
-645.825 -4747.88
-1127.2 1564.88
-2486.84 -1512.84
1896.63 -929.678
-4025.39 -2024.03
-288.364 133.485
2752.24 -476.202
-133.931 3577.82
2344.96 1791.11
-1663.09 -3915.95
-2386.9 -1406.41
1702.83 -655.11
-4709.14 621.611
2464.94 -2642.28
-236.061 -1214.99
203.751 -2069.3
-619.462 2993.46
4615.52 -1524.32
-1130.35 -57.024
-980.579 3449.23
1224.34 -3179.28
1079.9 1424.7
1936.65 445.408
-1419.57 -5075.57
2612.7 -1187.4
-1393.55 3203.51
605.271 -436.51
861.562 -2999.87
1558.07 29.6956
-159.159 -507.463
-1012.89 2945.58
-2379.6 -2556.3
3535.68 -72.569
824.298 1.30653
-2672.49 -319.437
1460.12 2657.53
-689.877 1997.39
1975.78 -1799.6
1476.23 2562.55
-114.41 572.245
2566.22 -4330.1
-3172.65 253.389
1236.82 1673.69
-354.518 1088.61
1019.28 -3799.33
-715.688 799.204
-154.157 -5140.76
162.057 3308.03
205.54 -320.667
2125.28 -1692.69
1677.57 -2821.08
-87.5028 -134.769
251.748 -239.236
479.325 155.104
119.688 -565.844
3179.17 -1122.76
1519.2 -912.482
-1716.9 -330.095
-881.429 -640.444
1043.38 770.649
-776.241 -2739.31
-575.729 -3473.99
319.478 -1444.08
214.184 29.048
456.911 16.4809
-4108.87 -2635.66
578.955 -221.033
-115.481 252.369
-1135.29 436.943
-443.89 -938.96
-62.7732 272.724
2386.08 -3112.61
3231.05 3179.82
2403.11 3372.21
538.019 3797.08
1369.23 1742.42
-136.087 265.495
-847.89 3064.74
-3539.48 -285.11
-510.827 -1668.39
107.567 -412.234
-2780.35 437.289
-1648.17 3355.49
2856.98 1994.85
980.234 -2303.86
176.503 1306.31
-393.982 3220.72
3021.21 -3628.51
-2136.6 -343.951
1070.46 -1550.94
4371.73 -2674.56
-3788.86 1619.64
1537.9 1760.78
313.111 -1159.14
-65.2768 851.604
-1697.02 94.5752
2754.22 1790.51
895.428 -57.3755
-3740.94 3784.02
-301.919 -1859.92
-856.11 -1946.6
-969.411 225.371
1783.93 -1540.6
-104.109 78.4899
-75.4435 3688.82
-861.433 -443.668
2101.24 4194.09
-2327.91 3902.89
-1838.35 3158.46
62.837 -226.274
1111.21 604.509
-50.455 1823.87
-1814.79 -4309.33
-861.397 -2817.26
1.48616 75.1643
-3460.69 -1465.56
-4419.16 1697.9
-316.359 846.75
2186.97 -325.653
123.367 181.106
102.838 2004.75
-1879.41 -973.942
-4370.37 1448.66
1194.66 39.7701
3592.48 -17.7422
-591.253 -1950.46
-2947.08 -1803.61
94.0596 -506.605
2581.07 3833.76
2070.6 4770.61
-3839.84 -1388.05
3154.5 -1099.64
1390.39 -3658.23
2791.1 439.809
133.616 -68.2823
4367.45 2029.55
-383.227 -1847.51
461.336 -1196.09
-1078.95 -1932.07
-1877.23 -2340.81
-3161.11 2160.1
597.283 196.048
129.391 -428.74
-559.973 2574.52
-1528.42 4544.58
425.395 1606.2
-2093.25 -728.85
216.381 -540.172
1011.02 2702.96
93.4941 -721.004
-4698.13 1058.09
-1110.45 -617.555
-1586.47 -2197.73
2018.68 2387.93
3567.83 819.002
-1399.94 2156.19
32.2694 -1840.05
2841.7 -3954.73
-1207.16 994.168
-1757.79 -192.538
0.605421 71.7479
-202.294 -460.936
576.913 894.964
103.105 -330.034
-981.457 510.55
2666.81 -2195.65
163.112 1584.3
1649.64 2048.72
-2262.03 1102.59
32.0633 -3408.95
88.1127 -2973.81
2622.43 -4243.57
4663.7 874.888
2266.32 1354.9
-326.474 1211.64
4776.29 -2358.42
34.7727 626.47
-1404.6 -4962.16
1669.67 3193.94
1462.72 -3807.45
-1300.11 1486.04
-628.752 1953.87
-79.9153 248.623
-2059.26 -4001.53
1685.75 -1150.87
1448.96 -992.238
873.25 130.102
1200 -123.548
-1324.45 -1835.95
-279.693 11.9574
377.212 -2230.75
1663.92 2415.25
998.254 2554.29
2641.95 561.667
-2603.95 1675
-621.625 -4940.1
945.534 -726.588
3017.04 2360.12
-4858.26 -722.992
-1455.02 -711.192
2577.74 -207.312
-32.1198 -170.065
4453.94 1142.86
-4553.47 -1206.5
2281.34 2095.33
883.538 373.509
-367.673 3546.88
936.089 -29.7293
2813.9 -1995.94
1317.12 3882.41
-671.547 -1486.43
-987.869 -3087.2
-274.856 -249.762
-3536.37 1318.04
2038.4 280.3
886.515 2324.32
955.693 -1139.03
5111.79 714.527
-2074.93 -3543.61
-517.3 117.438
-652.266 -5179.87
-2295.16 3928.29
-1131.07 816.217
3021.41 2174.32
-3589.42 481.328
3833.99 -1544.18
1212.67 4751.26
739.845 1631.63
3628.46 -1288.78
5.75298 -56.0506
2656.49 264.965
2348.15 -2629.17
2023.37 1920.25
1960.75 -4605.99
-4264.77 270.947
-294.172 3622.48


1076.73 -2012.25
-696.421 485.351
-2382.78 731.041
-757.526 -4043.75
-1734.52 2173.49
718.653 2481.97
366.203 543.048
1348.04 3921.59
2607.7 64.7226
-4795.76 -357.71
2330.15 -989.554
3583.38 2112.67
-46.1647 54.4128
-262.631 121.865
925.937 -1537.67
-1459.65 3607.85
-3339.7 1704.3
526.539 1787.33
-1840.21 -4138.15
-1889.59 -1148.46
4913.67 1693.34
1001.67 -1702.49
506.203 -597.311
1469.25 -1294.52
349.645 1612.71
2977.25 -1202.26
-248.1 -497.553
3809.12 -456.061
1377.81 -2519.67
114.558 1904.93
877.483 3531.77
-4477.62 -2253.42
-295.412 -1517.2
808.235 506.088
-1455.44 1394.99
2159.39 -319.666
3623.97 1648.29
609.59 -2663.8
-1073.04 2289.88
-206.072 -611.938
-1105.02 1465.47
-779.041 3204.28
-3495.07 -1635.4
-222.81 -3555.41
1994.25 1716.64
-2791.57 -279.186
-166.905 2638.32
174.724 -533.127
350.943 3629.2
-397.952 357.669
-1601.45 -3604.01
-947.189 3032.63
-37.6017 158.515
-279.701 -840.913
911.62 1771.87
-1821.62 -4731.53
1099.88 2485.41
-241.519 673.939
2749.46 -709.395
1266.25 481.206
780.258 -3299.86
-1455.03 1337.08
-1677.41 1209.19
-4860.75 -1720.9
1422.1 -695.48
2681.29 -2784.82
-2556.95 2499.43
-4638.62 -30.7799
4382.17 798.508
-201.74 86.6295
2576.73 -1680.77
-560.504 4216.15
-945.611 -1427.51
-3333.02 -3077.65
391.962 -72.7391
-1634.36 -1797.12
-855.477 2691.86
2108.84 3600.03
1700.14 44.285
4203.54 803.477
-1434.26 -1141.16
-2834.74 2099.58
-411.327 -1884.91
-2231.34 -930.951
-275.202 -475.918
3133.63 1628.48
-354.386 -427.25
-3519.33 3307.19
-356.706 -1130.7
-2961.62 119.752
515.747 -745.445
-3615.09 283.327
1395.96 -2060.87
-1181.08 4637.64
-3751.37 3397
4680.06 1244.16
1724.17 2030.4
1968.05 553.263
-112.135 2288.02
898.034 -2357.77
2847.45 -573.707
-667.039 -972.036
1182.49 992.074
344.229 161.443
2067.63 -639.346
1253.71 -1514.79
-1309.25 1716.29
151.04 -163.316
8.62312 303.909
-2947.32 -2734.88
2747.99 4236.18
-3572.38 3734.89
-1429.48 -2137.72
-958.255 -4306.41
1848.46 1676.18
-2569.39 340.567
2070.65 -2029.96
3299.14 -2111.09
4940.93 -1411.76
-600.655 -2342.86
-2234.52 -3249.82
-3809.36 -3666.56
3851.45 2765.86
4216.61 -2167.64
-3588.42 3093.98
2998.07 -3301.85
-2854.73 1876.26
2721.01 3219.17
2860.62 2132.87
-3533.16 -1135.48
-455.359 1776.06
-239.777 749.209
806.266 1486.38
674.695 351.126
3344.34 -1313.84
316.114 -1715.86
-2059.73 1240.63
712.32 2289.03
1296.56 -1389.76
-1059.33 -480.969
3277.5 -2549.73
5193.26 1081.59
-2450.54 3720.66
-4075.07 610.316
2033.6 2698.56
-4569.47 968.388
4462.39 -2774.33
-1684.91 2105.01
-148.233 -844.51
4155.57 -2448.79
-322.161 -1073.97
-1631.75 -3865.99
-3418.16 -440.536
-901.188 3442.44
3455.39 -1892.84
1102.53 -3840.29
546.59 -2798.91
-729.195 3800.79
-629.203 170.588
-1054.3 1691.86
-937.666 -318.996
-2046.41 4230.47
3219.11 -707.826
-2552.89 -2669.14
-914.087 949.107
3831.48 3191.11
-239.886 -499.849
-678.499 629.731
-3133.89 440.361
2149.37 -3182.96
4024.78 542.292
2169.87 -1513.15
-4821.66 -452.481
1274.54 4312.81
-396.14 -16.9086
-876.816 730.126
-790.011 39.6449
-2963.55 -3449.55
673.947 4443
1367.87 -428.676
45.0872 70.9944
520.473 1578.13
3948.35 2867.21
2461.44 -905.883
3669.55 154.61
253.681 1333.97
-2915.21 3934.54
293.58 1216.5
4614.5 1297.33
-248.142 153.34
-218.547 41.5692
-15.39 -270.707
-4915.88 -1190.55
1969.23 356.547
-1328.87 -5123.37
358.841 76.3216
1913.79 -1896.12
1775.88 1353.61
5125.3 -60.3788
3784.59 1041.32
2141.41 1121.18
3456.43 3047.57
2323.94 1003.09
-917.276 328.027
-3891.87 2010.56
-2520.83 247.293
1789.98 -145.619
-2310.09 1762.82
-3112.13 4011.85
1837.06 1197.58
-861.714 -283.359
-1083.88 721.131
3349.19 -3687.44
874.271 332.804
1500.23 -1727.57
-1061.56 1813.73
-844.375 -1450.26
46.9552 581.942
3059.08 4311.36
-4397.54 -1647.61
-834.203 -4239.07
4159.23 -1203.74
3768.23 -3191.35
505.299 303.034
-3757.41 508.116
2632.55 -2935.27
568.262 1224.99
-580.549 3889.97
-318.039 3295.51
2818.52 3578.05
957.38 -203.359
196.403 -111.598
-546.594 -1462.84
565.96 -2119.56
-3038.11 51.5757
311.177 3127.93
-4938.03 686.598
1164.86 4891.02
490.146 -685.543
-1094.21 -2501.66
1453.31 -1747.27
316.691 -51.471
1541.96 3035.85
-464.784 -401.941
2058.19 2682.38
-402.795 -3363.69
-1351.27 -2312.99
-2242.73 -1803.12
153.844 -4508.16
-221.445 2242.07
-202.904 -717.41
-443.719 -4229.16
-877.616 840.844
-1777.4 246.683
946.583 813.846
-295.757 -3300.05
71.2026 1319.02
246.957 -1827.61
-2661.27 -2248.77
4154.68 727.487
1768.41 2746.71
1506.71 -383.452
2104.48 4007.61
-3132.31 -78.5095
-638.09 -4748.94
-1136.71 1557.99
-2481.66 -1521.35
1901.54 -919.607
-4022.2 -2030.32
-297.392 106.755
2753.8 -467.009
-142.069 3577.5
2339.3 1798.49
-1655.25 -3919.28
-2381.79 -1415.06
1706.63 -644.949
-4710.13 614.128
2471.18 -2636.45
-222.814 -1217.35
214.83 -2068.17
-628.378 2991.6
4617.9 -1517.12
-1129.56 -73.182
-988.725 3446.9
1231.76 -3176.39
1071.16 1431.19
1934.06 456.52
-1413.03 -5077.39
2616.25 -1179.49
-1401.96 3199.86
614.977 -422.021
869.523 -2997.55
1557.78 42.7709
-136.232 -514.865
-1021.76 2942.52
-2372.93 -2562.51
3535.87 -63.4707
824.097 19.364
-2671.32 -329.096
1451.58 2662.22
-700.677 1993.65
1982.33 -1792.38
1468.2 2567.15
-133.667 567.383
2572.26 -4326.51
-3173.26 245.234
1228.62 1679.64
-367.443 1084.1
1027.15 -3797.21
-727.808 788.321
-146.38 -5141
152.57 3308.5
224.861 -305.197
2131.09 -1685.35
1684.61 -2816.85
-48.7433 -155.457
272.247 -217.746
471.421 174.811
142.263 -561.234
3181.88 -1115
1526.02 -901.197
-1714.65 -341.293
-871.525 -654.256
1034.36 782.923
-766.716 -2742.01
-567.923 -3475.26
333.575 -1441.01
211.494 67.8677
455.856 41.837
-4104.83 -2641.94
586.185 -201.292
-140.463 235.752
-1140.7 422.786
-428.766 -946.113
-93.1299 263.528
2392.09 -3107.98
3225.29 3185.68
2396.28 3377.08
529.447 3798.3
1360.92 1748.9
-161.094 249.406
-856.607 3062.31
-3538.74 -294.375
-498.866 -1672.03
133.654 -405.642
-2781.89 427.505
-1656.06 3351.62
2851.63 2002.53
988.944 -2300.1
163.067 1307.99
-402.927 3219.62
3027.27 -3623.47
-2134.86 -354.435
1079.2 -1544.79
4375.64 -2668.17
-3791.81 1612.7
1529.83 1767.81
327.88 -1155.12
-82.7864 850.068
-1697.73 81.6991
2748.94 1798.66
896.66 -39.0977
-3745.74 3779.27
-291.011 -1861.61
-846.758 -1950.63
-973.02 209.351
1791.02 -1532.38
-125.053 33.0734
-84.1439 3688.64
-854.068 -457.286
2094.9 4197.25
-2334.05 3899.21
-1845.79 3154.12
94.7474 -213.083
1104.78 615.839
-62.3296 1823.5
-1808.14 -4312.12
-852.51 -2819.96
-60.1756 36.2573
-3457.59 -1472.84
-4421.77 1691.08
-333.291 840.449
2188.38 -315.759
92.2408 202.804
90.6534 2005.39
-1874.65 -982.977
-4372.86 1441.14
1194.07 54.5687
3592.53 -8.61175
-580.551 -1953.66
-2942.22 -1811.56
114.995 -501.549
2575.3 3837.63
2064.59 4773.21
-3837.19 -1395.37
3157.67 -1090.56
1397.85 -3655.38
2789.62 449.091
146.162 -24.2099
4364.6 2035.66
-371.286 -1849.98
474.477 -1190.91
-1069.31 -1937.43
-1869.59 -2346.94
-3165.57 2153.55
590.513 214.614
150.627 -420.48
-568.882 2572.53
-1535.78 4542.1
412.411 1609.67
-2089.62 -739.219
235.652 -531.809
1002.95 2705.93
113.166 -718.384
-4699.59 1051.54
-1103.84 -629.028
-1577.97 -2203.87
2012.21 2393.36
3565.96 827.097
-1408.61 2150.55
43.4416 -1839.77
2848.18 -3950.08
-1214.74 984.773
-1756.39 -205.617
-61.1634 39.644
-179.325 -471.545
563.384 903.603
131.405 -321.146
-988.974 496.128
2671.85 -2189.48
149.466 1585.73
1641.59 2055.2
-2266.06 1094.19
40.9475 -3408.86
96.5303 -2973.52
2628.74 -4239.66
4662.26 882.576
2261.18 1363.45
-341.7 1207.61
4779.57 -2351.76
15.8464 626.606
-1398.2 -4963.96
1661.98 3197.96
1469.96 -3804.65
-1308.05 1478.98
-640.469 1950.13
-114.587 239.821
-2053.09 -4004.68
1691.89 -1141.79
1455.48 -982.578
870.528 147.217
1201.23 -109.713
-1315.95 -1842.03
-277.049 -18.311
387.864 -2228.93
1655.66 2420.95
990.051 2557.44
2639.83 571.619
-2608.98 1667.16
-614.494 -4940.99
954.511 -714.757
3011.99 2366.56
-4857.27 -729.616
-1449.37 -722.653
2578.48 -197.718
9.78284 -172.039
4452.02 1150.32
-4551.51 -1213.9
2275.65 2101.47
876.711 389.763
-376.472 3545.97
936.691 -11.9255
2818.72 -1989.12
1309.03 3885.16
-659.171 -1492.05
-979.522 -3089.85
-255.749 -268.943
-3539.54 1309.55
2036.91 290.528
877.632 2327.65
965.619 -1130.59
5110.83 721.371
-2068.37 -3547.44
-521.796 95.3337
-645.765 -5180.68
-2302.13 3924.22
-1138.89 805.233
3016.2 2181.57
-3590.63 472.323
3836.67 -1537.47
1205.05 4753.21
727.903 1637.09
3631.26 -1280.9
63.7909 6.27083
2655.46 275.293
2354.01 -2623.9
2016.74 1927.21
1967.47 -4603.13
-4265.2 263.862
-301.74 3621.84


1085.75 -2007.37
-705.651 471.379
-2385.43 722.178
-750.069 -4045.13
-1741.89 2167.57
708.129 2485.04
348.898 554.602
1340.57 3924.15
2607.44 74.8094
-4795.2 -365.108
2333.99 -980.432
3579.17 2119.82
-78.0718 -10.7483
-278.533 92.3563
935.796 -1531.64
-1467.19 3604.79
-3343.56 1696.72
514.486 1790.91
-1832.88 -4141.42
-1884.11 -1157.38
4911.47 1699.68
1011.22 -1696.8
521.483 -584.628
1476.35 -1286.34
338.473 1614.98
2980.49 -1194.19
-227.404 -508.018
3810.2 -447.164
1386.38 -2514.98
103.534 1905.51
869.665 3533.69
-4474.63 -2259.32
-281.531 -1519.97
798.903 521.158
-1462.49 1387.49
2161.17 -307.867
3620.56 1655.77
619.24 -2661.58
-1082.04 2285.63
-186.164 -618.543
-1115.22 1457.82
-787.518 3202.21
-3491.83 -1642.26
-214.802 -3555.89
1987.66 1724.28
-2790.59 -288.849
-177.024 2637.67
194.995 -525.823
342.198 3630.05
-412.123 340.813
-1593.71 -3607.45
-954.959 3030.16
-78.7007 144.567
-263.768 -845.886
901.577 1776.99
-1814.37 -4734.33
1091.47 2489.09
-261.493 667.153
2751.66 -700.697
1261.22 494.294
788.278 -3297.93
-1462.8 1328.58
-1683.99 1200.02
-4858.51 -1727.19
1427.54 -684.171
2686.66 -2779.62
-2562.58 2493.64
-4638.57 -38.2836
4380.81 805.977
-213.831 51.9288
2581.54 -1673.35
-568.53 4215.08
-936.089 -1433.67
-3327.76 -3083.35
396.234 -46.4322
-1626.79 -1803.97
-865.171 2688.79
2102.31 3603.84
1699.75 56.2591
4202.05 811.271
-1426.79 -1150.49
-2840.12 2092.31
-400.117 -1887.31
-2227.64 -939.629
-254.579 -488.518
3129.62 1636.2
-336.387 -442.696
-3523.87 3302.34
-343.711 -1134.5
-2961.92 111.211
530.275 -735.363
-3615.67 275.634
1404.89 -2054.84
-1187.96 4635.88
-3756.61 3391.22
4678.34 1250.56
1716.44 2036.95
1965.2 563.038
-123.202 2287.48
906.912 -2354.34
2849.09 -565.326
-654.656 -980.424
1174.31 1001.68
332.176 186.363
2070.47 -629.859
1261.72 -1508.03
-1317.4 1709.99
172.518 -135.098
-21.8196 303.132
-2942.08 -2740.49
2742.28 4239.86
-3577.89 3729.63
-1420.31 -2143.89
-950.047 -4308.25
1841.02 1684.43
-2570.8 330.055
2076.77 -2023.66
3303.86 -2103.74
4942.67 -1405.59
-590.331 -2345.5
-2227.45 -3254.68
-3804.83 -3671.25
3846.87 2772.24
4220.01 -2161.03
-3593.38 3088.22
3003.27 -3297.11
-2859.99 1868.27
2714.55 3224.63
2855.17 2140.18
-3530.57 -1143.53
-466.232 1773.18
-258.52 743.365
794.422 1492.87
665.6 368.999
3347.27 -1306.34
327.179 -1713.7
-2065.09 1231.69
702.083 2292.21
1305.55 -1381.38
-1053.19 -494.03
3282.42 -2543.4
5191.74 1088.91
-2456.28 3716.86
-4076.12 603.155
2027.27 2703.28
-4571.1 960.707
4465.85 -2768.74
-1692.38 2099
-131.683 -847.02
4159.52 -2442.1
-306.892 -1078.55
-1624.18 -3869.19
-3417.12 -448.392
-909.512 3440.25
3459.43 -1885.46
1109.73 -3838.2
555.13 -2797.19
-737.094 3799.26
-633.297 152.217
-1063.05 1686.29
-932.182 -335.176
-2052.96 4227.29
3221.19 -698.426
-2547.16 -2674.58
-923.38 939.878
3826.48 3197.12
-219.163 -509.811
-691.289 616.285
-3135.11 431.549
2156.51 -3178.14
4023.74 549.858
2175.65 -1504.85
-4820.97 -459.85
1267.7 4314.81
-394.378 -43.5598
-886.85 718.049
-790.493 21.9952
-2957.64 -3454.62
666.984 4444.04
1372.4 -414.553
-26.7522 73.9968
507.62 1582.43
3944.15 2873
2464.95 -896.32
3669.2 162.261
240.176 1336.44
-2921.52 3929.87
279.351 1219.87
4612.41 1304.78
-265.12 125.909
-221.3 5.60993
17.6085 -271.582
-4914.14 -1197.77
1967.13 368.089
-1321.91 -5125.17
353.528 105.152
1920.26 -1889.53
1769.42 1362.01
5125.37 -53.3538
3782.33 1049.54
2136.95 1129.54
3451.29 3053.41
2320.1 1011.87
-922.272 313.169
-3895.73 2003.11
-2521.93 236.38
1791.03 -132.913
-2316.28 1754.74
-3118.2 4007.15
1830.64 1207.5
-856.405 -297.819
-1090.96 710.103
3354.16 -3682.9
868.092 348.83
1507.46 -1721.18
-1071.16 1808.08
-833.598 -1456.48
23.961 584.157
3053.68 4315.18
-4395.02 -1654.3
-826.08 -4240.67
4161.26 -1196.69
3772.54 -3186.24
494.174 319.647
-3758.38 500.719
2638.38 -2930.02
556.768 1230.06
-588.091 3888.83
-326.584 3294.67
2812.13 3583.1
960.834 -186.858
212.745 -79.1425
-534.527 -1467.28
576.519 -2116.72
-3038.21 43.2677
301.49 3128.9
-4938.91 680.132
1158.15 4892.6
504.723 -674.971
-1084.91 -2505.73
1461.79 -1740.21
319.563 -22.3374
1534.78 3039.46
-450.297 -419.227
2051.4 2687.57
-393.908 -3364.75
-1343.43 -2317.51
-2236.99 -1810.22
160.856 -4507.9
-232.814 2240.96
-184.059 -722.705
-435.873 -4229.98
-888.275 829.739
-1778.92 235.18
937.133 824.683
-287.508 -3300.76
56.1594 1319.89
258.618 -1825.99
-2656.01 -2254.95
4153.33 735.142
1761.44 2751.16
1510.2 -369.946
2098.13 4010.92
-3132.08 -87.9911
-630.354 -4749.98
-1146.18 1551.05
-2476.46 -1529.85
1906.4 -909.511
-4019.01 -2036.61
-303.759 79.0701
2755.33 -457.81
-150.207 3577.16
2333.62 1805.85
-1647.41 -3922.6
-2376.66 -1423.69
1710.35 -634.76
-4711.1 606.643
2477.4 -2630.61
-209.535 -1219.54
225.904 -2066.99
-637.288 2989.71
4620.27 -1509.92
-1128.56 -89.3267
-996.865 3444.55
1239.17 -3173.48
1062.36 1437.6
1931.4 467.617
-1406.49 -5079.2
2619.77 -1171.57
-1410.35 3196.19
624.288 -407.261
877.476 -2995.2
1557.38 55.8434
-113.059 -521.342
-1030.63 2939.44
-2366.26 -2568.7
3536.04 -54.372
823.504 37.4123
-2670.11 -338.75
1443.03 2666.89
-711.458 1989.85
1988.84 -1785.14
1460.17 2571.72
-152.743 561.747
2578.3 -4322.92
-3173.85 237.076
1220.39 1685.55
-380.303 1079.4
1035.01 -3795.08
-739.772 777.269
-138.603 -5141.23
143.082 3308.95
243.036 -288.172
2136.87 -1677.99
1691.65 -2812.61
-6.47856 -165.042
290.95 -194.818
462.507 194.143
164.64 -555.844
3184.57 -1107.24
1532.77 -889.869
-1712.32 -352.474
-861.444 -667.934
1025.22 795.103
-757.183 -2744.67
-560.113 -3476.51
347.646 -1437.82
203.126 104.881
453.5 67.0737
-4100.79 -2648.22
592.752 -181.324
-163.494 215.867
-1145.95 408.567
-413.541 -953.044
-122.267 250.882
2398.09 -3103.33
3219.52 3191.54
2389.44 3381.94
520.872 3799.49
1352.58 1755.33
-184.353 230.61
-865.317 3059.86
-3537.98 -303.637
-486.88 -1675.59
159.27 -397.617
-2783.39 417.715
-1663.94 3347.73
2846.26 2010.19
997.637 -2296.3
149.611 1309.52
-411.869 3218.49
3033.33 -3618.41
-2133.08 -364.91
1087.89 -1538.57
4379.55 -2661.77
-3794.74 1605.77
1521.72 1774.8
342.6 -1150.93
-100.261 848.17
-1698.35 68.8188
2743.64 1806.79
897.565 -20.8056
-3750.53 3774.51
-280.093 -1863.23
-837.384 -1954.61
-976.369 193.275
1798.08 -1524.13
-127.286 -17.2596
-92.8438 3688.44
-846.453 -470.771
2088.56 4200.4
-2340.18 3895.53
-1853.22 3149.77
124.472 -194.983
1098.21 627.089
-74.2016 1823.05
-1801.49 -4314.9
-843.614 -2822.63
-61.0093 -33.9835
-3454.47 -1480.1
-4424.37 1684.27
-350.103 833.847
2189.73 -305.858
58.6553 219.117
78.4662 2005.97
-1869.83 -991.985
-4375.35 1433.61
1193.3 69.3589
3592.56 0.518702
-569.83 -1956.81
-2937.34 -1819.5
135.702 -495.492
2569.53 3841.49
2058.56 4775.8
-3834.52 -1402.68
3160.83 -1081.48
1405.3 -3652.52
2788.1 458.368
144.557 22.1748
4361.74 2041.76
-359.33 -1852.37
487.559 -1185.59
-1059.64 -1942.75
-1861.93 -2353.05
-3170.02 2146.98
583.103 232.947
171.4 -410.924
-577.783 2570.51
-1543.13 4539.62
399.404 1613.04
-2085.94 -749.57
254.601 -522.716
994.872 2708.87
132.759 -715.265
-4701.04 1045
-1097.08 -640.421
-1569.46 -2209.99
2005.72 2398.77
3564.07 835.188
-1417.25 2144.89
54.612 -1839.41
2854.65 -3945.42
-1222.24 975.311
-1754.9 -218.688
-58.3479 -36.2984
-155.976 -481.156
549.732 912.046
158.827 -310.108
-996.299 481.609
2676.89 -2183.29
135.811 1587.06
1633.52 2061.65
-2270.06 1085.77
49.8315 -3408.75
104.947 -2973.2
2635.04 -4235.76
4660.81 890.262
2256.02 1371.99
-356.882 1203.43
4782.85 -2345.11
-3.09718 626.057
-1391.8 -4965.75
1654.27 3201.95
1477.19 -3801.85
-1315.95 1471.88
-652.167 1946.33
-147.509 227.346
-2046.92 -4007.83
1697.98 -1132.67
1461.93 -972.87
867.471 164.275
1202.28 -95.8615
-1307.43 -1848.07
-270.701 -48.3327
398.507 -2227.05
1647.39 2426.62
981.834 2560.56
2637.68 581.564
-2613.99 1659.31
-607.361 -4941.87
963.339 -702.815
3006.94 2372.98
-4856.26 -736.238
-1443.63 -734.07
2579.18 -188.121
51.0945 -163.727
4450.09 1157.78
-4549.53 -1221.3
2269.94 2107.6
869.622 405.901
-385.269 3545.04
936.991 5.8822
2823.51 -1982.29
1300.92 3887.9
-646.755 -1497.58
-971.168 -3092.48
-235.251 -286.66
-3542.7 1301.05
2035.36 300.748
868.734 2330.95
975.468 -1122.07
5109.85 728.213
-2061.8 -3551.25
-525.344 73.0565
-639.262 -5181.48
-2309.1 3920.14
-1146.6 794.17
3010.97 2188.81
-3591.82 463.315
3839.34 -1530.76
1197.43 4755.14
715.927 1642.47
3634.03 -1273.01
29.9228 72.9492
2654.4 285.616
2359.85 -2618.62
2010.08 1934.16
1974.18 -4600.25
-4265.62 256.777
-309.307 3621.18


1094.75 -2002.44
-714.574 457.203
-2388.05 713.303
-742.608 -4046.49
-1749.25 2161.63
697.595 2488.08
331.26 565.627
1333.09 3926.7
2607.14 84.895
-4794.64 -372.505
2337.79 -971.295
3574.94 2126.98
-51.1251 -71.1244
-291.302 61.8058
945.614 -1525.54
-1474.73 3601.71
-3347.41 1689.14
502.412 1794.41
-1825.54 -4144.67
-1878.59 -1166.27
4909.27 1706.01
1020.74 -1691.05
536.475 -571.621
1483.41 -1278.11
327.282 1617.15
2983.7 -1186.12
-206.35 -517.686
3811.26 -438.265
1394.93 -2510.26
92.5065 1906.02
861.843 3535.6
-4471.64 -2265.21
-267.631 -1522.64
789.327 536.069
-1469.5 1379.94
2162.9 -296.06
3617.14 1663.25
628.882 -2659.32
-1091.01 2281.35
-166.07 -624.531
-1125.38 1450.1
-795.989 3200.11
-3488.58 -1649.12
-206.793 -3556.35
1981.04 1731.89
-2789.58 -298.51
-187.141 2636.99
214.966 -517.714
333.451 3630.88
-425.563 323.352
-1585.97 -3610.88
-962.72 3027.67
-114.37 120.612
-247.735 -850.537
891.505 1782.05
-1807.12 -4737.11
1083.04 2492.73
-281.278 659.881
2753.83 -691.992
1256.05 507.33
796.294 -3295.99
-1470.52 1320.03
-1690.53 1190.81
-4856.26 -1733.46
1432.89 -672.818
2692.02 -2774.4
-2568.2 2487.82
-4638.5 -45.7873
4379.43 813.443
-220.013 15.7918
2586.33 -1665.91
-576.554 4214
-926.519 -1439.75
-3322.48 -3089.05
398.78 -19.9229
-1619.19 -1810.78
-874.856 2685.69
2095.76 3607.64
1699.27 68.2301
4200.54 819.063
-1419.26 -1159.78
-2845.5 2085.03
-388.891 -1889.64
-2223.91 -948.29
-233.544 -500.327
3125.58 1643.91
-317.859 -457.446
-3528.4 3297.48
-330.662 -1138.12
-2962.19 102.669
544.614 -725.02
-3616.22 267.94
1413.79 -2048.76
-1194.84 4634.11
-3761.84 3385.44
4676.61 1256.95
1708.7 2043.48
1962.29 572.795
-134.267 2286.89
915.776 -2350.87
2850.7 -556.939
-642.167 -988.655
1166.04 1011.21
318.453 210.346
2073.26 -620.357
1269.69 -1501.21
-1325.51 1703.65
189.157 -103.102
-52.0421 299.296
-2936.84 -2746.1
2736.57 4243.54
-3583.4 3724.35
-1411.13 -2150.02
-941.836 -4310.07
1833.55 1692.65
-2572.16 319.538
2082.88 -2017.33
3308.56 -2096.38
4944.41 -1399.42
-579.996 -2348.1
-2220.38 -3259.53
-3800.29 -3675.93
3842.29 2778.61
4223.39 -2154.42
-3598.33 3082.46
3008.45 -3292.35
-2865.24 1860.28
2708.08 3230.09
2849.71 2147.49
-3527.96 -1151.57
-477.086 1770.23
-277.122 737.115
782.535 1499.27
656.101 386.648
3350.17 -1298.84
338.227 -1711.45
-2070.41 1222.73
691.832 2295.34
1314.5 -1372.95
-1046.88 -507.009
3287.33 -2537.06
5190.21 1096.22
-2462.01 3713.05
-4077.15 595.992
2020.94 2707.98
-4572.72 953.024
4469.3 -2763.15
-1699.82 2092.96
-115.079 -849.173
4163.45 -2435.41
-291.566 -1082.93
-1616.61 -3872.37
-3416.05 -456.245
-917.832 3438.04
3463.46 -1878.08
1116.92 -3836.1
563.664 -2795.44
-744.99 3797.71
-636.775 133.697
-1071.77 1680.66
-926.444 -351.265
-2059.51 4224.1
3223.25 -689.022
-2541.43 -2680.01
-932.566 930.542
3821.48 3203.12
-198.094 -518.965
-703.849 602.633
-3136.3 422.732
2163.64 -3173.3
4022.69 557.423
2181.4 -1496.53
-4820.26 -467.219
1260.87 4316.8
-390.869 -70.0182
-896.728 705.846
-790.548 4.33357
-2951.72 -3459.69
660.018 4445.06
1376.8 -400.394
-78.6729 23.1423
494.737 1586.63
3939.93 2878.78
2468.43 -886.745
3668.83 169.91
226.646 1338.78
-2927.83 3925.19
265.085 1223.07
4610.31 1312.22
-279.117 97.0608
-218.051 -30.4988
50.3577 -268.596
-4912.38 -1204.99
1964.96 379.62
-1314.95 -5126.97
346.255 133.401
1926.71 -1882.91
1762.93 1370.38
5125.44 -46.3287
3780.06 1057.76
2132.46 1137.89
3446.13 3059.23
2316.22 1020.63
-927.005 298.222
-3899.57 1995.66
-2522.98 225.464
1792 -120.202
-2322.44 1746.64
-3124.27 4002.44
1824.16 1217.38
-850.791 -312.174
-1097.91 698.99
3359.13 -3678.36
861.633 364.743
1514.66 -1714.76
-1080.73 1802.37
-822.776 -1462.62
0.93433 585.583
3048.27 4318.99
-4392.49 -1660.99
-817.955 -4242.26
4163.27 -1189.63
3776.83 -3181.13
482.394 335.837
-3759.34 493.319
2644.2 -2924.76
545.216 1235.01
-595.63 3887.66
-335.126 3293.8
2805.72 3588.14
964.017 -170.304
223.756 -44.7006
-522.424 -1471.63
587.064 -2113.82
-3038.27 34.9593
291.801 3129.85
-4939.78 673.664
1151.45 4894.18
519.076 -664.1
-1075.59 -2509.77
1470.24 -1733.11
319.694 6.98753
1527.59 3043.05
-435.291 -436.028
2044.59 2692.75
-385.019 -3365.79
-1335.58 -2321.99
-2231.22 -1817.29
167.867 -4507.63
-244.177 2239.8
-165.096 -727.534
-428.026 -4230.78
-898.805 818.512
-1780.36 223.665
927.555 835.409
-279.256 -3301.45
41.11 1320.6
270.269 -1824.29
-2650.74 -2261.11
4151.97 742.794
1754.45 2755.59
1513.58 -356.415
2091.77 4014.23
-3131.81 -97.4719
-622.615 -4751.01
-1155.61 1544.05
-2471.23 -1538.34
1911.2 -899.39
-4015.81 -2042.89
-307.351 50.6642
2756.83 -448.606
-158.343 3576.79
2327.91 1813.2
-1639.57 -3925.91
-2371.5 -1432.31
1713.99 -624.545
-4712.06 599.156
2483.6 -2624.76
-196.228 -1221.56
236.971 -2065.75
-646.193 2987.8
4622.62 -1502.72
-1127.37 -105.455
-1005 3442.19
1246.58 -3170.55
1053.52 1443.95
1928.68 478.699
-1399.95 -5081.01
2623.26 -1163.63
-1418.74 3192.5
633.196 -392.239
885.422 -2992.83
1556.87 68.912
-89.6853 -526.887
-1039.49 2936.33
-2359.57 -2574.87
3536.19 -45.2729
822.52 55.4428
-2668.86 -348.399
1434.47 2671.53
-722.22 1986
1995.33 -1777.88
1452.12 2576.27
-171.609 555.342
2584.32 -4319.31
-3174.42 228.917
1212.12 1691.4
-393.097 1074.51
1042.87 -3792.93
-751.579 766.052
-130.825 -5141.45
133.593 3309.37
259.949 -269.651
2142.62 -1670.6
1698.67 -2808.34
36.2505 -163.334
307.758 -170.621
452.595 213.057
186.789 -549.684
3187.24 -1099.46
1539.45 -878.499
-1709.9 -363.638
-851.187 -681.477
1015.95 807.188
-747.64 -2747.31
-552.299 -3477.73
361.689 -1434.52
189.77 139.335
449.854 92.1199
-4096.74 -2654.49
598.65 -161.15
-184.16 192.864
-1151.03 394.288
-398.218 -959.751
-149.796 234.937
2404.08 -3098.68
3213.73 3197.39
2382.59 3386.79
512.294 3800.68
1344.2 1761.72
-205.574 209.268
-874.019 3057.39
-3537.2 -312.898
-474.871 -1679.06
184.329 -388.201
-2784.86 407.92
-1671.81 3343.82
2840.87 2017.85
1006.31 -2292.47
136.139 1310.9
-420.807 3217.33
3039.38 -3613.35
-2131.24 -375.376
1096.55 -1532.3
4383.44 -2655.36
-3797.66 1598.82
1513.59 1781.76
357.268 -1146.56
-117.692 845.911
-1698.88 55.9347
2738.32 1814.91
898.14 -2.50575
-3755.32 3769.74
-269.163 -1864.77
-827.986 -1958.54
-979.457 177.147
1805.1 -1515.85
-110.057 -64.9271
-101.543 3688.22
-838.593 -484.119
2082.22 4203.54
-2346.3 3891.83
-1860.64 3145.4
151.252 -172.277
1091.49 638.258
-86.0703 1822.52
-1794.83 -4317.67
-834.709 -2825.27
9.66875 -67.4862
-3451.34 -1487.36
-4426.96 1677.44
-366.791 826.946
2191.03 -295.949
23.5877 229.928
66.2764 2006.48
-1864.96 -1000.97
-4377.82 1426.08
1192.35 84.1384
3592.57 9.64914
-559.092 -1959.89
-2932.45 -1827.43
156.136 -488.442
2563.74 3845.33
2052.54 4778.38
-3831.83 -1409.98
3163.96 -1072.39
1412.74 -3649.64
2786.55 467.64
128.379 66.2916
4358.87 2047.86
-347.36 -1854.7
500.581 -1180.12
-1049.95 -1948.02
-1854.25 -2359.14
-3174.45 2140.4
575.059 251.027
191.639 -400.091
-586.675 2568.45
-1550.48 4537.12
386.375 1616.32
-2082.21 -759.902
273.2 -512.906
986.782 2711.79
152.26 -711.65
-4702.47 1038.45
-1090.19 -651.732
-1560.92 -2216.08
1999.21 2404.16
3562.16 843.275
-1425.87 2139.18
65.7801 -1838.98
2861.12 -3940.76
-1229.65 965.783
-1753.34 -231.748
6.16271 -67.1005
-132.298 -489.754
535.96 920.289
185.198 -297.02
-1003.43 466.997
2681.9 -2177.09
122.146 1588.28
1625.42 2068.08
-2274.02 1077.33
58.7151 -3408.61
113.362 -2972.85
2641.34 -4231.84
4659.35 897.946
2250.82 1380.5
-372.016 1199.08
4786.12 -2338.44
-22.0373 624.822
-1385.4 -4967.53
1646.56 3205.94
1484.41 -3799.03
-1323.8 1464.72
-663.846 1942.47
-178.311 211.594
-2040.74 -4010.96
1704.02 -1123.52
1468.31 -963.116
864.079 181.27
1203.15 -81.9959
-1298.88 -1854.07
-260.625 -77.6863
409.14 -2225.13
1639.1 2432.26
973.606 2563.65
2635.49 591.501
-2618.98 1651.44
-600.227 -4942.75
972.018 -690.763
3001.87 2379.38
-4855.24 -742.859
-1437.8 -745.441
2579.84 -178.521
89.2995 -145.481
4448.15 1165.24
-4547.55 -1228.69
2264.21 2113.71
862.272 421.917
-394.065 3544.08
936.989 23.6879
2828.29 -1975.44
1292.82 3890.62
-634.301 -1503.03
-962.807 -3095.08
-213.469 -302.814
-3545.84 1292.54
2033.76 310.96
859.822 2334.21
985.239 -1113.46
5108.87 735.054
-2055.23 -3555.05
-527.937 50.6465
-632.758 -5182.27
-2316.06 3916.05
-1154.19 783.031
3005.73 2196.04
-3593 454.304
3841.99 -1524.05
1189.81 4757.07
703.919 1647.77
3636.8 -1265.11
-32.1735 86.1608
2653.3 295.936
2365.68 -2613.32
2003.39 1941.08
1980.9 -4597.37
-4266.02 249.692
-316.872 3620.5


1103.73 -1997.48
-723.187 442.828
-2390.62 704.417
-735.146 -4047.85
-1756.58 2155.66
687.05 2491.08
313.306 576.113
1325.61 3929.23
2606.8 94.9794
-4794.06 -379.901
2341.56 -962.141
3570.69 2134.12
4.68139 -94.4821
-300.942 30.5881
955.388 -1519.37
-1482.26 3598.62
-3351.23 1681.55
490.318 1797.84
-1818.2 -4147.91
-1873.02 -1175.13
4907.06 1712.34
1030.22 -1685.25
551.171 -558.299
1490.41 -1269.83
316.072 1619.23
2986.88 -1178.03
-184.972 -526.544
3812.3 -429.364
1403.47 -2505.52
81.4755 1906.46
854.016 3537.48
-4468.64 -2271.09
-253.712 -1525.19
779.511 550.817
-1476.46 1372.35
2164.58 -284.246
3613.7 1670.72
638.515 -2657.04
-1099.97 2277.03
-145.811 -629.899
-1135.49 1442.32
-804.454 3197.98
-3485.31 -1655.97
-198.782 -3556.78
1974.39 1739.48
-2788.53 -308.166
-197.255 2636.27
234.607 -508.809
324.702 3631.69
-438.247 305.317
-1578.22 -3614.29
-970.474 3025.15
-142.38 88.5584
-231.607 -854.863
881.403 1787.05
-1799.87 -4739.89
1074.6 2496.35
-300.858 652.132
2755.98 -683.278
1250.75 520.313
804.304 -3294.02
-1478.19 1311.44
-1697.01 1181.56
-4854.01 -1739.74
1438.14 -661.42
2697.36 -2769.17
-2573.81 2482
-4638.42 -53.2908
4378.03 820.907
-220.162 -20.7795
2591.09 -1658.46
-584.577 4212.91
-916.9 -1445.75
-3317.2 -3094.73
399.594 6.67288
-1611.57 -1817.55
-884.531 2682.55
2089.21 3611.43
1698.69 80.1976
4199.02 826.852
-1411.66 -1169.01
-2850.85 2077.74
-377.652 -1891.9
-2220.13 -956.933
-212.134 -511.331
3121.52 1651.61
-298.833 -471.48
-3532.92 3292.61
-317.561 -1141.55
-2962.44 94.1259
558.76 -714.42
-3616.75 260.245
1422.67 -2042.66
-1201.71 4632.32
-3767.07 3379.65
4674.87 1263.34
1700.92 2049.97
1959.32 582.536
-145.329 2286.25
924.626 -2347.35
2852.28 -548.546
-629.575 -996.727
1157.69 1020.68
303.141 233.28
2076 -610.838
1277.62 -1494.34
-1333.59 1697.26
200.202 -68.0681
-81.7386 292.436
-2931.58 -2751.69
2730.85 4247.21
-3588.9 3719.07
-1401.92 -2156.12
-933.622 -4311.88
1826.05 1700.84
-2573.49 309.016
2088.96 -2010.98
3313.24 -2089.01
4946.14 -1393.24
-569.651 -2350.65
-2213.29 -3264.37
-3795.75 -3680.61
3837.69 2784.98
4226.76 -2147.8
-3603.27 3076.69
3013.63 -3287.59
-2870.47 1852.27
2701.61 3235.53
2844.23 2154.79
-3525.33 -1159.6
-487.92 1767.2
-295.573 730.464
770.606 1505.6
646.207 404.064
3353.05 -1291.33
349.258 -1709.13
-2075.69 1213.75
681.569 2298.44
1323.39 -1364.47
-1040.39 -519.903
3292.22 -2530.72
5188.68 1103.53
-2467.73 3709.23
-4078.17 588.826
2014.59 2712.66
-4574.32 945.339
4472.74 -2757.55
-1707.25 2086.89
-98.4254 -850.968
4167.38 -2428.71
-276.185 -1087.11
-1609.04 -3875.53
-3414.96 -464.095
-926.146 3435.82
3467.47 -1870.68
1124.11 -3833.98
572.192 -2793.66
-752.882 3796.15
-639.633 115.047
-1080.45 1674.97
-920.454 -367.259
-2066.05 4220.9
3225.29 -679.612
-2535.68 -2685.43
-941.646 921.098
3816.47 3209.12
-176.713 -527.3
-716.174 588.781
-3137.47 413.913
2170.77 -3168.45
4021.63 564.985
2187.12 -1488.18
-4819.54 -474.587
1254.03 4318.78
-385.634 -96.1672
-906.446 693.517
-790.178 -13.3304
-2945.8 -3464.74
653.051 4446.08
1381.08 -386.199
-80.459 -44.7618
481.826 1590.74
3935.7 2884.55
2471.87 -877.157
3668.44 177.559
213.092 1340.97
-2934.13 3920.5
250.783 1226.11
4608.2 1319.66
-290.041 67.1431
-208.787 -65.7633
82.4008 -261.838
-4910.61 -1212.21
1962.74 391.139
-1307.99 -5128.75
337.096 160.923
1933.13 -1876.26
1756.4 1378.72
5125.5 -39.3035
3777.77 1065.97
2127.93 1146.22
3440.97 3065.05
2312.31 1029.38
-931.472 283.189
-3903.41 1988.2
-2523.99 214.544
1792.89 -107.484
-2328.58 1738.52
-3130.32 3997.72
1817.65 1227.24
-844.874 -326.417
-1104.73 687.795
3364.08 -3673.81
854.895 380.538
1521.83 -1708.3
-1090.27 1796.62
-811.908 -1468.67
-22.0936 586.222
3042.86 4322.79
-4389.95 -1667.67
-809.827 -4243.84
4165.27 -1182.57
3781.12 -3176.02
469.974 351.581
-3760.27 485.916
2650.01 -2919.48
533.605 1239.82
-603.166 3886.49
-343.666 3292.91
2799.31 3593.16
966.928 -153.702
229.25 -9.15391
-510.285 -1475.87
597.595 -2110.87
-3038.31 26.6506
282.11 3130.77
-4940.64 667.195
1144.74 4895.75
533.199 -652.934
-1066.25 -2513.78
1478.66 -1725.97
317.07 36.252
1520.4 3046.62
-419.783 -452.327
2037.76 2697.9
-376.127 -3366.8
-1327.7 -2326.45
-2225.43 -1824.35
174.878 -4507.35
-255.535 2238.59
-146.027 -731.896
-420.177 -4231.57
-909.204 807.166
-1781.72 212.141
917.853 846.021
-271.003 -3302.11
26.0558 1321.17
281.908 -1822.52
-2645.46 -2267.26
4150.59 750.444
1747.45 2760
1516.86 -342.858
2085.41 4017.53
-3131.52 -106.952
-614.876 -4752.03
-1165 1537
-2465.97 -1546.81
1915.96 -889.244
-4012.59 -2049.17
-308.068 21.7856
2758.3 -439.396
-166.479 3576.41
2322.18 1820.52
-1631.72 -3929.2
-2366.32 -1440.91
1717.56 -614.302
-4713.01 591.669
2489.8 -2618.89
-182.893 -1223.41
248.031 -2064.44
-655.092 2985.85
4624.97 -1495.51
-1125.96 -121.565
-1013.13 3439.8
1253.98 -3167.6
1044.62 1450.24
1925.9 489.764
-1393.4 -5082.8
2626.72 -1155.68
-1427.11 3188.79
641.695 -376.963
893.36 -2990.43
1556.26 81.9758
-66.1518 -531.497
-1048.33 2933.2
-2352.86 -2581.03
3536.32 -36.1736
821.146 73.447
-2667.58 -358.044
1425.89 2676.15
-732.961 1982.1
2001.79 -1770.59
1444.05 2580.79
-190.239 548.175
2590.35 -4315.7
-3174.96 220.755
1203.82 1697.21
-405.822 1069.43
1050.73 -3790.76
-763.226 754.671
-123.047 -5141.65
124.103 3309.77
275.487 -249.705
2148.35 -1663.19
1705.68 -2804.06
76.616 -150.894
322.594 -145.33
441.698 231.507
208.68 -542.764
3189.89 -1091.68
1546.05 -867.089
-1707.4 -374.785
-840.758 -694.882
1006.56 819.176
-738.09 -2749.91
-544.483 -3478.94
375.702 -1431.1
172.163 170.682
444.937 116.906
-4092.68 -2660.76
603.871 -140.795
-202.031 166.941
-1155.94 379.952
-382.803 -966.231
-175.345 215.887
2410.06 -3094.01
3207.94 3203.23
2375.73 3391.62
503.715 3801.84
1335.8 1768.07
-224.479 185.57
-882.715 3054.89
-3536.41 -322.158
-462.839 -1682.45
208.749 -377.44
-2786.29 398.121
-1679.67 3339.9
2835.47 2025.49
1014.98 -2288.6
122.651 1312.13
-429.743 3216.16
3045.42 -3608.27
-2129.34 -385.833
1105.16 -1525.97
4387.33 -2648.95
-3800.56 1591.87
1505.42 1788.68
371.882 -1142.02
-135.074 843.291
-1699.32 43.0477
2732.97 1823.02
898.387 15.795
-3760.1 3764.97
-258.223 -1866.25
-818.567 -1962.41
-982.282 160.972
1812.08 -1507.54
-75.7224 -102.483
-110.242 3687.98
-830.488 -497.326
2075.87 4206.67
-2352.42 3888.12
-1868.05 3141.01
174.352 -145.387
1084.64 649.345
-97.9353 1821.91
-1788.17 -4320.43
-825.796 -2827.89
63.8341 -19.2032
-3448.19 -1494.62
-4429.54 1670.62
-383.346 819.749
2192.28 -286.034
-12.0471 235.294
54.0846 2006.93
-1860.05 -1009.92
-4380.28 1418.55
1191.21 98.905
3592.56 18.7795
-548.337 -1962.92
-2927.53 -1835.34
176.255 -480.408
2557.95 3849.17
2046.51 4780.96
-3829.13 -1417.28
3167.07 -1063.29
1420.18 -3646.75
2784.97 476.906
98.761 103.434
4355.98 2053.95
-335.377 -1856.95
513.54 -1174.5
-1040.24 -1953.24
-1846.56 -2365.2
-3178.87 2133.82
566.39 268.833
211.276 -388
-595.559 2566.35
-1557.83 4534.62
373.323 1619.51
-2078.43 -770.217
291.423 -502.39
978.681 2714.67
171.655 -707.541
-4703.9 1031.9
-1083.15 -662.96
-1552.36 -2222.14
1992.69 2409.53
3560.23 851.357
-1434.48 2133.45
76.9455 -1838.47
2867.58 -3936.08
-1236.98 956.189
-1751.69 -244.796
66.9721 -17.5914
-108.346 -497.333
522.071 928.331
210.363 -281.995
-1010.37 452.294
2686.9 -2170.87
108.474 1589.4
1617.3 2074.47
-2277.95 1068.88
67.5984 -3408.46
121.777 -2972.47
2647.63 -4227.91
4657.87 905.628
2245.6 1389
-387.101 1194.57
4789.39 -2331.78
-40.9532 622.899
-1379 -4969.31
1638.84 3209.9
1491.63 -3796.19
-1331.61 1457.52
-675.504 1938.56
-206.709 192.98
-2034.55 -4014.08
1710.01 -1114.33
1474.62 -953.316
860.354 198.195
1203.84 -68.1179
-1290.3 -1860.02
-246.833 -105.929
419.765 -2223.16
1630.79 2437.89
965.365 2566.71
2633.27 601.43
-2623.94 1643.56
-593.092 -4943.61
980.546 -678.605
2996.78 2385.78
-4854.21 -749.479
-1431.89 -756.767
2580.46 -168.919
121.998 -118.277
4446.19 1172.69
-4545.55 -1236.09
2258.46 2119.8
854.665 437.806
-402.857 3543.11
936.687 41.4861
2833.06 -1968.59
1284.71 3893.33
-621.808 -1508.38
-954.438 -3097.67
-190.519 -317.31
-3548.97 1284.03
2032.09 321.161
850.895 2337.42
994.932 -1104.76
5107.88 741.894
-2048.64 -3558.83
-529.569 28.1444
-626.254 -5183.05
-2323.01 3911.95
-1161.68 771.817
3000.47 2203.26
-3594.15 445.291
3844.62 -1517.33
1182.19 4758.99
691.88 1653
3639.54 -1257.21
-81.1753 58.8592
2652.16 306.251
2371.49 -2608.01
1996.69 1947.98
1987.6 -4594.48
-4266.41 242.605
-324.435 3619.8


1112.68 -1992.46
-731.484 428.26
-2393.15 695.518
-727.68 -4049.18
-1763.89 2149.67
676.495 2494.05
295.055 586.05
1318.13 3931.75
2606.42 105.062
-4793.47 -387.296
2345.28 -952.973
3566.44 2141.25
59.3495 -78.3784
-307.5 -0.945923
965.12 -1513.13
-1489.78 3595.51
-3355.05 1673.95
478.204 1801.19
-1810.85 -4151.14
-1867.41 -1183.96
4904.84 1718.66
1039.67 -1679.39
565.562 -544.668
1497.36 -1261.51
304.843 1621.22
2990.05 -1169.94
-163.306 -534.583
3813.33 -420.461
1411.99 -2500.75
70.4414 1906.82
846.184 3539.35
-4465.63 -2276.97
-239.775 -1527.64
769.458 565.397
-1483.37 1364.71
2166.2 -272.425
3610.25 1678.18
648.141 -2654.72
-1108.91 2272.67
-125.408 -634.64
-1145.55 1434.48
-812.914 3195.84
-3482.03 -1662.81
-190.77 -3557.2
1967.72 1747.05
-2787.46 -317.819
-207.366 2635.51
253.887 -499.121
315.952 3632.47
-450.15 286.739
-1570.46 -3617.68
-978.221 3022.61
-161.108 50.7177
-215.391 -858.863
871.272 1791.99
-1792.62 -4742.66
1066.14 2499.93
-320.222 643.913
2758.09 -674.557
1245.32 533.24
812.309 -3292.03
-1485.81 1302.81
-1703.44 1172.29
-4851.75 -1746.01
1443.3 -649.978
2702.7 -2763.93
-2579.4 2476.16
-4638.33 -60.7943
4376.63 828.369
-214.321 -56.7869
2595.83 -1651
-592.597 4211.8
-907.234 -1451.68
-3311.9 -3100.4
398.677 33.2399
-1603.91 -1824.3
-894.196 2679.39
2082.66 3615.2
1698.03 92.1608
4197.49 834.638
-1404.01 -1178.2
-2856.19 2070.44
-366.399 -1894.1
-2216.32 -965.559
-190.384 -521.52
3117.45 1659.3
-279.342 -484.78
-3537.43 3287.73
-304.41 -1144.81
-2962.65 85.5819
572.707 -703.566
-3617.27 252.548
1431.53 -2036.52
-1208.59 4630.53
-3772.28 3373.85
4673.12 1269.72
1693.13 2056.44
1956.29 592.258
-156.387 2285.56
933.46 -2343.81
2853.83 -540.147
-616.882 -1004.64
1149.26 1030.07
286.326 255.057
2078.68 -601.304
1285.5 -1487.42
-1341.63 1690.83
204.97 -30.9124
-110.608 282.615
-2926.32 -2757.27
2725.13 4250.88
-3594.39 3713.79
-1392.69 -2162.18
-925.406 -4313.68
1818.51 1709
-2574.78 298.49
2095.02 -2004.61
3317.91 -2081.63
4947.86 -1387.06
-559.295 -2353.16
-2206.2 -3269.19
-3791.2 -3685.28
3833.08 2791.34
4230.12 -2141.17
-3608.21 3070.91
3018.8 -3282.82
-2875.69 1844.25
2695.13 3240.97
2838.73 2162.07
-3522.68 -1167.63
-498.733 1764.09
-313.863 723.415
758.636 1511.84
635.923 421.236
3355.92 -1283.81
360.273 -1706.71
-2080.93 1204.74
671.293 2301.49
1332.24 -1355.93
-1033.73 -532.71
3297.1 -2524.36
5187.13 1110.83
-2473.44 3705.39
-4079.18 581.658
2008.22 2717.33
-4575.92 937.651
4476.18 -2751.94
-1714.65 2080.8
-81.7305 -852.404
4171.29 -2422.01
-260.753 -1091.08
-1601.46 -3878.69
-3413.85 -471.942
-934.454 3433.57
3471.46 -1863.28
1131.29 -3831.84
580.713 -2791.85
-760.771 3794.58
-641.865 96.2849
-1089.1 1669.23
-914.215 -383.153
-2072.59 4217.69
3227.3 -670.197
-2529.91 -2690.83
-950.617 911.549
3811.45 3215.11
-155.054 -534.805
-728.262 574.733
-3138.62 405.089
2177.88 -3163.59
4020.55 572.546
2192.8 -1479.82
-4818.82 -481.953
1247.19 4320.75
-378.699 -121.892
-916.004 681.066
-789.382 -30.9871
-2939.87 -3469.79
646.082 4447.08
1385.23 -371.97
-44.8997 -94.2493
468.888 1594.76
3931.46 2890.31
2475.27 -867.556
3668.03 185.207
199.516 1343.03
-2940.43 3915.8
236.448 1228.99
4606.07 1327.1
-297.846 36.5016
-193.658 -99.1771
113.304 -251.455
-4908.83 -1219.43
1960.45 402.644
-1301.03 -5130.53
326.14 187.588
1939.53 -1869.6
1749.82 1387.03
5125.54 -32.2782
3775.46 1074.18
2123.35 1154.52
3435.8 3070.85
2308.36 1038.11
-935.673 268.075
-3907.23 1980.73
-2524.96 203.62
1793.7 -94.7626
-2334.69 1730.38
-3136.37 3992.99
1811.09 1237.07
-838.656 -340.545
-1111.42 676.517
3369.03 -3669.26
847.882 396.21
1528.97 -1701.8
-1099.78 1790.82
-800.995 -1474.65
-45.0921 586.077
3037.45 4326.59
-4387.4 -1674.35
-801.696 -4245.4
4167.26 -1175.5
3785.4 -3170.89
456.926 366.855
-3761.19 478.512
2655.81 -2914.2
521.938 1244.5
-610.7 3885.29
-352.203 3292
2792.89 3598.18
969.567 -137.057
229.186 26.6172
-498.11 -1480.01
608.111 -2107.87
-3038.32 18.3416
272.416 3131.67
-4941.49 660.725
1138.03 4897.3
547.086 -641.479
-1056.9 -2517.75
1487.05 -1718.79
311.695 65.2017
1513.19 3050.17
-403.794 -468.108
2030.92 2703.04
-367.232 -3367.8
-1319.81 -2330.88
-2219.62 -1831.38
181.888 -4507.06
-266.888 2237.33
-126.864 -735.788
-412.327 -4232.35
-919.469 795.702
-1783 200.608
908.027 856.52
-262.748 -3302.75
10.9987 1321.59
293.536 -1820.67
-2640.16 -2273.4
4149.2 758.091
1740.44 2764.39
1520.03 -329.278
2079.04 4020.82
-3131.21 -116.431
-607.135 -4753.04
-1174.35 1529.89
-2460.69 -1555.26
1920.66 -879.074
-4009.37 -2055.44
-305.826 -7.30042
2759.73 -430.181
-174.614 3576.01
2316.43 1827.83
-1623.86 -3932.49
-2361.1 -1449.49
1721.06 -604.033
-4713.95 584.179
2495.98 -2613
-169.533 -1225.09
259.084 -2063.08
-663.984 2983.88
4627.3 -1488.3
-1124.36 -137.652
-1021.25 3437.4
1261.37 -3164.62
1035.68 1456.46
1923.05 500.814
-1386.85 -5084.59
2630.16 -1147.71
-1435.48 3185.06
649.779 -361.443
901.29 -2988
1555.53 95.034
-42.5016 -535.169
-1057.17 2930.04
-2346.14 -2587.17
3536.42 -27.0741
819.382 91.4164
-2666.26 -367.684
1417.31 2680.74
-743.682 1978.14
2008.23 -1763.28
1435.97 2585.29
-208.607 540.249
2596.37 -4312.08
-3175.47 212.592
1195.49 1702.97
-418.475 1064.16
1058.58 -3788.58
-774.71 743.13
-115.268 -5141.85
114.612 3310.15
289.533 -228.407
2154.05 -1655.76
1712.68 -2799.75
112.141 -128.887
335.395 -119.122
429.832 249.449
230.285 -535.1
3192.52 -1083.9
1552.58 -855.638
-1704.81 -385.913
-830.157 -708.145
997.051 831.065
-728.531 -2752.48
-536.663 -3480.12
389.685 -1427.57
151.035 198.554
438.769 141.363
-4088.61 -2667.02
608.412 -120.281
-216.666 138.349
-1160.69 365.56
-367.297 -972.485
-198.563 193.967
2416.03 -3089.32
3202.14 3209.06
2368.86 3396.44
495.133 3802.99
1327.36 1774.38
-240.796 159.734
-891.404 3052.37
-3535.59 -331.415
-450.783 -1685.76
232.454 -365.385
-2787.7 388.317
-1687.52 3335.97
2830.05 2033.12
1023.62 -2284.69
109.149 1313.21
-438.675 3214.96
3051.46 -3603.19
-2127.39 -396.279
1113.73 -1519.57
4391.21 -2642.54
-3803.45 1584.92
1497.23 1795.56
386.439 -1137.3
-152.397 840.311
-1699.67 30.1584
2727.61 1831.11
898.306 34.09
-3764.87 3760.19
-247.273 -1867.64
-809.125 -1966.24
-984.844 144.753
1819.03 -1499.19
-29.5125 -123.957
-118.94 3687.73
-822.141 -510.388
2069.51 4209.79
-2358.53 3884.41
-1875.45 3136.61
193.079 -114.856
1077.64 660.346
-109.796 1821.23
-1781.5 -4323.17
-816.874 -2830.47
45.8506 54.7893
-3445.02 -1501.86
-4432.11 1663.79
-399.765 812.259
2193.47 -276.111
-47.421 235.41
41.891 2007.31
-1855.08 -1018.84
-4382.73 1411.02
1189.89 113.656
3592.54 27.9098
-537.565 -1965.88
-2922.6 -1843.24
196.017 -471.398
2552.16 3853
2040.47 4783.52
-3826.42 -1424.58
3170.16 -1054.18
1427.62 -3643.84
2783.36 486.167
58.4677 129.36
4353.09 2060.04
-323.38 -1859.13
526.435 -1168.73
-1030.5 -1958.42
-1838.84 -2371.24
-3183.28 2127.22
557.102 286.347
230.24 -374.673
-604.435 2564.22
-1565.18 4532.1
360.251 1622.6
-2074.6 -780.514
309.244 -491.181
970.57 2717.53
190.932 -702.943
-4705.31 1025.34
-1075.98 -674.102
-1543.78 -2228.17
1986.14 2414.88
3558.29 859.434
-1443.06 2127.68
88.1077 -1837.88
2874.03 -3931.4
-1244.22 946.529
-1749.96 -257.834
43.9553 51.8134
-84.1691 -503.885
508.068 936.171
234.178 -265.161
-1017.11 437.503
2691.88 -2164.64
94.7951 1590.42
1609.15 2080.83
-2281.84 1060.41
76.4812 -3408.28
130.19 -2972.06
2653.92 -4223.98
4656.39 913.308
2240.34 1397.47
-402.134 1189.91
4792.64 -2325.11
-59.8238 620.288
-1372.59 -4971.07
1631.11 3213.85
1498.85 -3793.34
-1339.37 1450.26
-687.142 1934.58
-232.501 171.927
-2028.36 -4017.19
1715.94 -1105.11
1480.86 -943.47
856.298 215.043
1204.35 -54.2297
-1281.69 -1865.94
-229.383 -132.6
430.38 -2221.14
1622.47 2443.48
957.112 2569.73
2631.01 611.352
-2628.88 1635.67
-585.956 -4944.46
988.922 -666.342
2991.68 2392.17
-4853.16 -756.096
-1425.88 -768.046
2581.04 -159.314
147.067 -83.6857
4444.23 1180.14
-4543.54 -1243.48
2252.69 2125.87
846.802 453.566
-411.648 3542.11
936.083 59.2709
2837.8 -1961.72
1276.59 3896.03
-609.278 -1513.64
-946.062 -3100.23
-166.524 -330.066
-3552.07 1275.51
2030.36 331.354
841.954 2340.6
1004.55 -1095.97
5106.88 748.732
-2042.05 -3562.61
-530.238 5.59109
-619.748 -5183.82
-2329.96 3907.83
-1169.05 760.528
2995.19 2210.47
-3595.29 436.276
3847.25 -1510.6
1174.56 4760.9
679.809 1658.16
3642.27 -1249.3
-102.342 10.6366
2650.99 316.563
2377.3 -2602.68
1989.96 1954.85
1994.31 -4591.58
-4266.79 235.517
-331.997 3619.07


1121.6 -1987.41
-739.462 413.505
-2395.64 686.608
-720.211 -4050.5
-1771.18 2143.65
665.929 2496.97
276.523 595.431
1310.64 3934.25
2606 115.144
-4792.87 -394.691
2348.97 -943.789
3562.17 2148.38
92.3632 -33.3114
-311.065 -32.4744
974.808 -1506.83
-1497.3 3592.38
-3358.84 1666.34
466.071 1804.48
-1803.5 -4154.36
-1861.75 -1192.77
4902.61 1724.99
1049.08 -1673.48
579.642 -530.738
1504.26 -1253.15
293.597 1623.11
2993.19 -1161.84
-141.385 -541.795
3814.33 -411.556
1420.5 -2495.95
59.4047 1907.12
838.348 3541.19
-4462.61 -2282.85
-225.82 -1529.98
759.172 579.806
-1490.24 1357.03
2167.77 -260.597
3606.78 1685.64
657.758 -2652.36
-1117.84 2268.28
-104.88 -638.752
-1155.57 1426.58
-821.367 3193.67
-3478.72 -1669.65
-182.758 -3557.6
1961.01 1754.59
-2786.35 -327.469
-217.474 2634.71
272.776 -488.665
307.199 3633.24
-461.251 267.648
-1562.7 -3621.06
-985.959 3020.04
-169.569 9.63525
-199.093 -862.535
861.113 1796.87
-1785.36 -4745.42
1057.68 2503.48
-339.355 635.23
2760.17 -665.829
1239.76 546.112
820.309 -3290.02
-1493.39 1294.13
-1709.83 1162.97
-4849.47 -1752.28
1448.36 -638.494
2708.02 -2758.67
-2584.98 2470.31
-4638.23 -68.2975
4375.21 835.828
-202.696 -91.2631
2600.55 -1643.52
-600.615 4210.67
-897.521 -1457.53
-3306.6 -3106.07
396.038 59.6634
-1596.23 -1831.01
-903.85 2676.19
2076.09 3618.96
1697.28 104.119
4195.94 842.422
-1396.3 -1187.34
-2861.51 2063.12
-355.133 -1896.22
-2212.46 -974.168
-168.334 -530.884
3113.36 1666.99
-259.419 -497.332
-3541.94 3282.85
-291.21 -1147.89
-2962.83 77.0372
586.451 -692.462
-3617.76 244.85
1440.36 -2030.34
-1215.46 4628.72
-3777.49 3368.05
4671.36 1276.1
1685.31 2062.88
1953.19 601.962
-167.442 2284.82
942.279 -2340.22
2855.34 -531.742
-604.09 -1012.39
1140.75 1039.38
268.103 275.579
2081.3 -591.755
1293.34 -1480.45
-1349.64 1684.35
202.9 7.2609
-138.356 269.93
-2921.04 -2762.84
2719.4 4254.53
-3599.87 3708.5
-1383.44 -2168.21
-917.186 -4315.47
1810.95 1717.13
-2576.03 287.959
2101.05 -1998.22
3322.57 -2074.25
4949.57 -1380.88
-548.929 -2355.63
-2199.09 -3274
-3786.64 -3689.95
3828.47 2797.69
4233.47 -2134.54
-3613.13 3065.12
3023.96 -3278.04
-2880.88 1836.21
2688.63 3246.39
2833.22 2169.34
-3520.02 -1175.65
-509.525 1760.91
-331.982 715.973
746.625 1518
625.258 438.155
3358.77 -1276.28
371.27 -1704.22
-2086.14 1195.72
661.004 2304.49
1341.03 -1347.35
-1026.89 -545.428
3301.97 -2517.99
5185.58 1118.14
-2479.15 3701.55
-4080.17 574.488
2001.84 2721.98
-4577.5 929.961
4479.61 -2746.34
-1722.03 2074.67
-65.0011 -853.479
4175.2 -2415.29
-245.272 -1094.85
-1593.87 -3881.83
-3412.72 -479.787
-942.758 3431.3
3475.45 -1855.87
1138.47 -3829.69
589.228 -2790.01
-768.657 3792.98
-643.467 77.428
-1097.71 1663.44
-907.727 -398.944
-2079.13 4214.47
3229.29 -660.778
-2524.14 -2696.22
-959.479 901.896
3806.42 3221.09
-133.154 -541.471
-740.108 560.495
-3139.73 396.263
2184.98 -3158.71
4019.45 580.104
2198.46 -1471.43
-4818.08 -489.319
1240.35 4322.7
-370.101 -147.082
-925.4 668.494
-788.16 -48.6271
-2933.92 -3474.83
639.111 4448.07
1389.27 -357.708
5.25632 -115.711
455.923 1598.69
3927.22 2896.07
2478.64 -857.943
3667.6 192.854
185.919 1344.94
-2946.72 3911.1
222.081 1231.7
4603.94 1334.53
-302.524 5.47552
-172.986 -129.748
142.663 -237.64
-4907.04 -1226.64
1958.09 414.137
-1294.06 -5132.3
313.481 213.274
1945.9 -1862.9
1743.21 1395.3
5125.58 -25.2529
3773.13 1082.38
2118.74 1162.8
3430.62 3076.66
2304.37 1046.82
-939.605 252.885
-3911.04 1973.26
-2525.9 192.694
1794.43 -82.0364
-2340.78 1722.23
-3142.42 3988.26
1804.48 1246.86
-832.138 -354.55
-1117.97 665.159
3373.98 -3664.69
840.594 411.755
1536.07 -1695.27
-1109.26 1784.96
-790.039 -1480.54
-68.0307 585.154
3032.03 4330.37
-4384.84 -1681.02
-793.563 -4246.95
4169.23 -1168.43
3789.67 -3165.76
443.266 381.638
-3762.09 471.105
2661.6 -2908.9
510.214 1249.04
-618.231 3884.08
-360.738 3291.06
2786.47 3603.19
971.933 -120.374
223.663 61.7568
-485.902 -1484.05
618.611 -2104.82
-3038.31 10.0325
262.719 3132.54
-4942.34 654.253
1131.32 4898.85
560.73 -629.74
-1047.54 -2521.7
1495.41 -1711.57
303.598 93.5816
1505.97 3053.7
-387.345 -483.356
2024.07 2708.17
-358.335 -3368.77
-1311.9 -2335.27
-2213.78 -1838.4
188.898 -4506.75
-278.234 2236.02
-107.619 -739.209
-404.475 -4233.11
-929.6 784.122
-1784.2 189.065
898.078 866.903
-254.491 -3303.37
-4.05965 1321.86
305.151 -1818.74
-2634.84 -2279.52
4147.79 765.735
1733.41 2768.76
1523.1 -315.675
2072.67 4024.09
-3130.87 -125.909
-599.393 -4754.04
-1183.65 1522.72
-2455.38 -1563.7
1925.3 -868.879
-4006.13 -2061.7
-300.559 -36.3117
2761.13 -420.961
-182.748 3575.58
2310.65 1835.12
-1616 -3935.75
-2355.85 -1458.06
1724.49 -593.739
-4714.88 576.689
2502.14 -2607.1
-156.149 -1226.6
270.129 -2061.66
-672.871 2981.89
4629.63 -1481.08
-1122.55 -153.714
-1029.37 3434.98
1268.75 -3161.63
1026.7 1462.61
1920.14 511.847
-1380.3 -5086.36
2633.56 -1139.74
-1443.84 3181.31
657.441 -345.689
909.213 -2985.55
1554.7 108.086
-18.7769 -537.903
-1066 2926.86
-2339.41 -2593.3
3536.51 -17.9744
817.23 109.342
-2664.91 -377.319
1408.7 2685.31
-754.383 1974.12
2014.63 -1755.94
1427.88 2589.76
-226.684 531.572
2602.38 -4308.45
-3175.96 204.427
1187.12 1708.67
-431.055 1058.71
1066.43 -3786.38
-786.029 731.43
-107.49 -5142.04
105.12 3310.5
301.973 -205.842
2159.72 -1648.31
1719.66 -2795.42
140.78 -98.9485
346.121 -92.1766
417.011 266.837
251.575 -526.705
3195.12 -1076.1
1559.04 -844.146
-1702.14 -397.022
-819.389 -721.264
987.422 842.855
-718.964 -2755.03
-528.84 -3481.29
403.637 -1423.92
127.08 222.725
431.375 165.425
-4084.53 -2673.27
612.265 -99.631
-227.614 107.41
-1165.27 351.115
-351.704 -978.511
-219.124 169.453
2421.99 -3084.62
3196.33 3214.88
2361.99 3401.25
486.548 3804.11
1318.89 1780.65
-254.269 132.014
-900.085 3049.82
-3534.75 -340.67
-438.706 -1688.99
255.373 -352.095
-2789.07 378.509
-1695.37 3332.01
2824.61 2040.74
1032.25 -2280.74
95.6345 1314.14
-447.604 3213.73
3057.49 -3598.1
-2125.38 -406.715
1122.25 -1513.12
4395.08 -2636.12
-3806.33 1577.96
1489 1802.41
400.938 -1132.42
-169.656 836.974
-1699.93 17.2676
2722.23 1839.2
897.898 52.3726
-3769.63 3755.4
-236.313 -1868.97
-799.662 -1970.01
-987.142 128.496
1825.94 -1490.82
21.3341 -125.982
-127.638 3687.45
-813.555 -523.302
2063.15 4212.9
-2364.64 3880.68
-1882.84 3132.19
206.803 -81.3555
1070.5 671.262
-121.652 1820.46
-1774.83 -4325.91
-807.945 -2833.03
-26.5844 65.1909
-3441.84 -1509.1
-4434.66 1656.95
-416.041 804.479
2194.61 -266.182
-81.8051 230.576
29.6961 2007.63
-1850.06 -1027.74
-4385.16 1403.47
1188.39 128.39
3592.49 37.0399
-526.777 -1968.78
-2917.65 -1851.14
215.378 -461.425
2546.35 3856.82
2034.43 4786.08
-3823.69 -1431.87
3173.23 -1045.06
1435.05 -3640.91
2781.71 495.422
11.7086 140.942
4350.19 2066.12
-311.371 -1861.24
539.265 -1162.82
-1020.73 -1963.55
-1831.11 -2377.26
-3187.67 2120.62
547.205 303.546
248.461 -360.136
-613.302 2562.05
-1572.52 4529.58
347.157 1625.61
-2070.72 -790.791
326.638 -479.294
962.448 2720.35
210.076 -697.859
-4706.72 1018.79
-1068.66 -685.158
-1535.18 -2234.17
1979.59 2420.21
3556.32 867.507
-1451.61 2121.88
99.2662 -1837.21
2880.48 -3926.71
-1251.38 936.804
-1748.14 -270.859
-26.4256 68.7154
-59.8209 -509.41
493.955 943.806
256.517 -246.653
-1023.65 422.628
2696.84 -2158.4
81.1098 1591.34
1600.98 2087.16
-2285.69 1051.92
85.3635 -3408.08
138.602 -2971.62
2660.2 -4220.03
4654.89 920.985
2235.05 1405.93
-417.115 1185.08
4795.89 -2318.44
-78.6278 616.987
-1366.18 -4972.82
1623.37 3217.77
1506.05 -3790.47
-1347.09 1442.96
-698.76 1930.55
-255.557 148.845
-2022.17 -4020.29
1721.82 -1095.86
1487.03 -933.578
851.912 231.809
1204.68 -40.3334
-1273.05 -1871.81
-208.388 -157.216
440.985 -2219.07
1614.13 2449.05
948.847 2572.73
2628.71 621.265
-2633.8 1627.75
-578.818 -4945.3
997.145 -653.975
2986.57 2398.55
-4852.11 -762.712
-1419.79 -779.278
2581.58 -149.707
162.819 -43.7988
4442.25 1187.59
-4541.53 -1250.86
2246.9 2131.92
838.687 469.189
-420.436 3541.1
935.18 77.0366
2842.53 -1954.83
1268.47 3898.71
-596.711 -1518.81
-937.678 -3102.76
-141.612 -341.004
-3555.16 1266.98
2028.57 341.536
832.999 2343.74
1014.08 -1087.09
5105.86 755.569
-2035.45 -3566.37
-529.942 -16.9724
-613.241 -5184.58
-2336.9 3903.71
-1176.31 749.165
2989.9 2217.67
-3596.4 427.258
3849.85 -1503.87
1166.93 4762.79
667.707 1663.24
3644.98 -1241.39
-90.8938 -40.9483
2649.78 326.87
2383.08 -2597.34
1983.2 1961.7
2001.01 -4588.66
-4267.15 228.429
-339.556 3618.33


1130.5 -1982.31
-747.118 398.57
-2398.09 677.686
-712.74 -4051.81
-1778.44 2137.6
655.354 2499.86
257.729 604.248
1303.14 3936.74
2605.55 125.224
-4792.26 -402.084
2352.63 -934.59
3557.89 2155.5
91.1731 23.8225
-311.757 -63.7058
984.452 -1500.46
-1504.81 3589.24
-3362.62 1658.72
453.919 1807.69
-1796.14 -4157.57
-1856.05 -1201.55
4900.37 1731.31
1058.46 -1667.51
593.404 -516.516
1511.11 -1244.74
282.334 1624.91
2996.3 -1153.72
-119.247 -548.171
3815.32 -402.649
1428.99 -2491.12
48.3657 1907.34
830.508 3543.02
-4459.58 -2288.72
-211.85 -1532.21
748.655 594.038
-1497.06 1349.31
2169.29 -248.762
3603.3 1693.09
667.367 -2649.98
-1126.74 2263.85
-84.2479 -642.231
-1165.53 1418.62
-829.815 3191.47
-3475.41 -1676.47
-174.744 -3557.97
1954.28 1762.1
-2785.21 -337.114
-227.58 2633.88
291.244 -477.455
298.446 3633.99
-471.526 248.079
-1554.93 -3624.42
-993.689 3017.45
-167.411 -32.057
-182.719 -865.877
850.925 1801.7
-1778.1 -4748.17
1049.19 2506.99
-358.246 626.093
2762.21 -657.093
1234.06 558.926
828.303 -3287.99
-1500.91 1285.41
-1716.16 1153.62
-4847.19 -1758.55
1453.33 -626.968
2713.33 -2753.41
-2590.55 2464.44
-4638.11 -75.8006
4373.78 843.285
-185.644 -123.298
2605.25 -1636.02
-608.631 4209.53
-887.761 -1463.31
-3301.29 -3111.73
391.695 85.8302
-1588.52 -1837.69
-913.494 2672.97
2069.52 3622.71
1696.44 116.072
4194.38 850.202
-1388.52 -1196.43
-2866.81 2055.79
-343.853 -1898.28
-2208.56 -982.758
-146.019 -539.416
3109.25 1674.66
-239.099 -509.121
-3546.43 3277.96
-277.965 -1150.78
-2962.99 68.4916
599.987 -681.112
-3618.24 237.15
1449.17 -2024.13
-1222.32 4626.9
-3782.69 3362.24
4669.59 1282.48
1677.47 2069.29
1950.04 611.648
-178.494 2284.03
951.084 -2336.6
2856.83 -523.332
-591.201 -1019.98
1132.16 1048.63
248.57 294.757
2083.88 -582.19
1301.14 -1473.43
-1357.62 1677.83
193.607 45.1607
-164.698 254.504
-2915.75 -2768.4
2713.67 4258.18
-3605.35 3703.2
-1374.17 -2174.21
-908.964 -4317.24
1803.35 1725.23
-2577.24 277.423
2107.07 -1991.81
3327.21 -2066.85
4951.27 -1374.7
-538.552 -2358.05
-2191.98 -3278.8
-3782.07 -3694.61
3823.85 2804.04
4236.82 -2127.91
-3618.05 3059.33
3029.12 -3273.25
-2886.06 1828.17
2682.13 3251.8
2827.69 2176.6
-3517.34 -1183.67
-520.296 1757.66
-349.922 708.143
734.573 1524.09
614.218 454.812
3361.6 -1268.74
382.248 -1701.64
-2091.3 1186.67
650.703 2307.46
1349.77 -1338.71
-1019.88 -558.055
3306.83 -2511.62
5184.01 1125.44
-2484.85 3697.69
-4081.14 567.316
1995.45 2726.6
-4579.08 922.268
4483.03 -2740.72
-1729.38 2068.52
-48.2442 -854.193
4179.1 -2408.58
-229.745 -1098.42
-1586.28 -3884.95
-3411.57 -487.628
-951.056 3429.02
3479.41 -1848.46
1145.64 -3827.53
597.736 -2788.14
-776.539 3791.37
-644.434 58.4948
-1106.29 1657.59
-900.994 -414.626
-2085.65 4211.23
3231.25 -651.354
-2518.35 -2701.6
-968.232 892.139
3801.38 3227.06
-111.046 -547.293
-751.71 546.071
-3140.83 387.433
2192.07 -3153.82
4018.34 587.659
2204.09 -1463.03
-4817.33 -496.683
1233.5 4324.64
-359.882 -171.628
-934.633 655.804
-786.511 -66.2408
-2927.98 -3479.85
632.139 4449.04
1393.18 -343.414
54.8283 -112.16
442.933 1602.53
3922.97 2901.82
2481.98 -848.317
3667.16 200.5
172.303 1346.72
-2953 3906.38
207.684 1234.25
4601.79 1341.96
-304.107 -25.6081
-147.267 -156.529
170.105 -220.632
-4905.24 -1233.85
1955.67 425.616
-1287.09 -5134.06
299.226 237.875
1952.25 -1856.19
1736.55 1403.55
5125.61 -18.2275
3770.79 1090.58
2114.09 1171.07
3425.44 3082.45
2300.35 1055.52
-943.268 237.621
-3914.84 1965.78
-2526.79 181.764
1795.08 -69.3066
-2346.84 1714.05
-3148.46 3983.52
1797.83 1256.63
-825.323 -368.429
-1124.39 653.722
3378.91 -3660.12
833.036 427.166
1543.14 -1688.7
-1118.71 1779.06
-779.038 -1486.36
-90.8796 583.459
3026.6 4334.15
-4382.27 -1687.69
-785.427 -4248.49
4171.19 -1161.36
3793.93 -3160.62
429.007 395.905
-3762.97 463.696
2667.38 -2903.58
498.437 1253.46
-625.76 3882.85
-369.27 3290.09
2780.03 3608.19
974.026 -103.656
212.906 95.4535
-473.66 -1487.99
629.097 -2101.72
-3038.26 1.7233
253.021 3133.38
-4943.17 647.78
1124.61 4900.39
574.125 -617.721
-1038.17 -2525.61
1503.73 -1704.32
292.83 121.138
1498.75 3057.21
-370.458 -498.057
2017.2 2713.27
-349.436 -3369.71
-1303.97 -2339.63
-2207.91 -1845.39
195.907 -4506.43
-289.573 2234.66
-88.3058 -742.156
-396.622 -4233.85
-939.596 772.427
-1785.32 177.514
888.008 877.169
-246.232 -3303.96
-19.1175 1321.97
316.754 -1816.74
-2629.5 -2285.63
4146.37 773.377
1726.38 2773.11
1526.06 -302.05
2066.29 4027.36
-3130.5 -135.386
-591.649 -4755.03
-1192.91 1515.5
-2450.05 -1572.12
1929.9 -858.661
-4002.88 -2067.96
-292.222 -64.9499
2762.5 -411.736
-190.881 3575.14
2304.85 1842.39
-1608.13 -3939.01
-2350.58 -1466.6
1727.84 -583.418
-4715.8 569.197
2508.29 -2601.19
-142.744 -1227.94
281.167 -2060.18
-681.752 2979.86
4631.94 -1473.86
-1120.54 -169.749
-1037.48 3432.53
1276.12 -3158.61
1017.66 1468.7
1917.17 522.862
-1373.74 -5088.13
2636.94 -1131.75
-1452.19 3177.55
664.674 -329.709
917.128 -2983.07
1553.77 121.13
4.9805 -539.701
-1074.82 2923.65
-2332.66 -2599.41
3536.58 -8.87462
814.69 127.217
-2663.52 -386.949
1400.09 2689.85
-765.063 1970.05
2021.01 -1748.58
1419.77 2594.21
-244.444 522.152
2608.39 -4304.81
-3176.42 196.261
1178.71 1714.33
-443.558 1053.06
1074.27 -3784.16
-797.18 719.574
-99.7113 -5142.22
95.6274 3310.83
312.688 -182.103
2165.36 -1640.84
1726.63 -2791.07
160.963 -63.0573
354.746 -64.6706
403.254 283.625
272.524 -517.595
3197.71 -1068.3
1565.42 -832.616
-1699.39 -408.112
-808.454 -734.238
977.675 854.544
-709.388 -2757.54
-521.014 -3482.43
417.556 -1420.15
100.942 243.084
422.784 189.028
-4080.44 -2679.52
615.429 -78.8689
-234.427 74.5277
-1169.67 336.619
-336.03 -984.307
-236.736 142.658
2427.94 -3079.91
3190.51 3220.69
2355.1 3406.05
477.962 3805.23
1310.39 1786.87
-264.659 102.696
-908.76 3047.25
-3533.89 -349.924
-426.607 -1692.13
277.438 -337.629
-2790.41 368.696
-1703.2 3328.04
2819.16 2048.35
1040.86 -2276.75
82.109 1314.92
-456.53 3212.48
3063.51 -3593
-2123.32 -417.141
1130.74 -1506.61
4398.94 -2629.69
-3809.19 1570.99
1480.75 1809.22
415.376 -1127.36
-186.843 833.279
-1700.1 4.37576
2716.83 1847.26
897.162 70.6361
-3774.39 3750.61
-225.344 -1870.22
-790.177 -1973.72
-989.176 112.205
1832.81 -1482.43
68.8796 -108.411
-136.335 3687.16
-804.73 -536.062
2056.78 4216
-2370.74 3876.94
-1890.22 3127.76
214.985 -45.6802
1063.23 682.091
-133.503 1819.62
-1768.16 -4328.63
-799.007 -2835.55
-73.392 14.5877
-3438.64 -1516.33
-4437.21 1650.11
-432.169 796.412
2195.7 -256.246
-114.573 221.167
17.5002 2007.88
-1844.99 -1036.61
-4387.59 1395.93
1186.7 143.104
3592.42 46.1698
-515.972 -1971.63
-2912.69 -1859.02
234.295 -450.501
2540.54 3860.62
2028.39 4788.63
-3820.94 -1439.15
3176.27 -1035.94
1442.47 -3637.97
2780.03 504.672
-36.3587 136.713
4347.27 2072.2
-299.35 -1863.28
552.027 -1156.77
-1010.94 -1968.64
-1823.36 -2383.26
-3192.04 2114
536.707 320.413
265.866 -344.417
-622.16 2559.85
-1579.86 4527.04
334.044 1628.52
-2066.79 -801.05
343.58 -466.744
954.316 2723.15
229.076 -692.293
-4708.11 1012.23
-1061.21 -696.127
-1526.56 -2240.14
1973.01 2425.52
3554.34 875.576
-1460.15 2116.05
110.421 -1836.47
2886.91 -3922.01
-1258.46 927.016
-1746.25 -283.872
-71.6893 11.4982
-35.3521 -513.909
479.733 951.236
277.267 -226.618
-1029.99 407.67
2701.79 -2152.14
67.4193 1592.16
1592.79 2093.46
-2289.5 1043.42
94.2453 -3407.85
147.013 -2971.16
2666.47 -4216.08
4653.38 928.661
2229.72 1414.37
-432.04 1180.1
4799.12 -2311.76
-97.3438 612.996
-1359.77 -4974.57
1615.62 3221.68
1513.26 -3787.6
-1354.76 1435.6
-710.356 1926.46
-275.807 124.125
-2015.97 -4023.37
1727.65 -1086.57
1493.12 -923.641
847.198 248.485
1204.83 -26.4311
-1264.38 -1877.64
-184.02 -179.282
451.581 -2216.94
1605.77 2454.6
940.57 2575.69
2626.39 631.17
-2638.7 1619.83
-571.679 -4946.13
1005.21 -641.507
2981.45 2404.91
-4851.05 -769.326
-1413.61 -790.462
2582.09 -140.097
168.141 -1.11104
4440.26 1195.04
-4539.49 -1258.25
2241.09 2137.95
830.322 484.673
-429.222 3540.06
933.976 94.7777
2847.23 -1947.94
1260.34 3901.37
-584.108 -1523.88
-929.288 -3105.27
-115.917 -350.056
-3558.24 1258.45
2026.72 351.708
824.03 2346.84
1023.53 -1078.13
5104.84 762.405
-2028.84 -3570.11
-528.681 -39.505
-606.733 -5185.33
-2343.83 3899.58
-1183.46 737.73
2984.6 2224.86
-3597.5 418.238
3852.45 -1497.13
1159.29 4764.68
655.575 1668.24
3647.68 -1233.47
-47.5534 -77.4194
2648.54 337.172
2388.86 -2591.98
1976.42 1968.53
2007.7 -4585.74
-4267.5 221.34
-347.114 3617.57


1139.38 -1977.16
-754.446 383.461
-2400.5 668.753
-705.267 -4053.1
-1785.69 2131.53
644.769 2502.71
238.691 612.492
1295.64 3939.22
2605.06 135.302
-4791.64 -409.477
2356.24 -925.376
3553.59 2162.62
51.6797 70.0539
-309.719 -94.3818
994.052 -1494.02
-1512.31 3586.09
-3366.38 1651.1
441.748 1810.83
-1788.78 -4160.76
-1850.3 -1210.29
4898.12 1737.62
1067.8 -1661.48
606.842 -502.012
1517.9 -1236.29
271.054 1626.61
2999.4 -1145.6
-96.924 -553.707
3816.3 -393.74
1437.46 -2486.26
37.3249 1907.5
822.663 3544.83
-4456.54 -2294.59
-197.865 -1534.34
737.911 608.091
-1503.83 1341.55
2170.75 -236.921
3599.8 1700.53
676.968 -2647.56
-1135.63 2259.39
-63.5328 -645.076
-1175.45 1410.59
-838.256 3189.26
-3472.08 -1683.29
-166.729 -3558.33
1947.52 1769.6
-2784.03 -346.756
-237.682 2633.01
309.261 -465.506
289.69 3634.72
-480.956 228.066
-1547.15 -3627.77
-1001.41 3014.83
-154.885 -71.7676
-166.274 -868.888
840.709 1806.46
-1770.83 -4750.9
1040.7 2510.47
-376.882 616.511
2764.23 -648.349
1228.24 571.681
836.291 -3285.94
-1508.38 1276.64
-1722.44 1144.24
-4844.9 -1764.81
1458.2 -615.401
2718.63 -2748.13
-2596.09 2458.56
-4637.98 -83.3035
4372.33 850.739
-163.662 -152.059
2609.92 -1628.51
-616.645 4208.38
-877.954 -1469.01
-3295.97 -3117.37
385.672 111.629
-1580.78 -1844.33
-923.127 2669.71
2062.94 3626.44
1695.5 128.018
4192.8 857.98
-1380.69 -1205.47
-2872.1 2048.45
-332.562 -1900.27
-2204.62 -991.33
-123.479 -547.113
3105.12 1682.32
-218.416 -520.137
-3550.92 3273.06
-264.675 -1153.49
-2963.11 59.9454
613.311 -669.522
-3618.69 229.449
1457.95 -2017.89
-1229.19 4625.07
-3787.89 3356.43
4667.81 1288.86
1669.6 2075.68
1946.83 621.316
-189.542 2283.19
959.872 -2332.93
2858.29 -514.916
-578.218 -1027.4
1123.48 1057.79
227.835 312.509
2086.4 -572.611
1308.89 -1466.36
-1365.55 1671.27
176.954 81.3268
-189.366 236.489
-2910.45 -2773.95
2707.93 4261.82
-3610.82 3697.89
-1364.88 -2180.18
-900.739 -4319
1795.73 1733.31
-2578.41 266.884
2113.06 -1985.37
3331.84 -2059.44
4952.96 -1368.51
-528.166 -2360.44
-2184.85 -3283.58
-3777.5 -3699.26
3819.21 2810.37
4240.15 -2121.27
-3622.96 3053.53
3034.26 -3268.45
-2891.21 1820.11
2675.62 3257.2
2822.15 2183.84
-3514.64 -1191.68
-531.044 1754.33
-367.672 699.93
722.482 1530.08
602.811 471.197
3364.41 -1261.2
393.208 -1698.97
-2096.43 1177.6
640.389 2310.38
1358.46 -1330.02
-1012.7 -570.588
3311.68 -2505.24
5182.44 1132.74
-2490.54 3693.82
-4082.1 560.142
1989.05 2731.21
-4580.64 914.573
4486.45 -2735.11
-1736.72 2062.34
-31.4669 -854.545
4182.98 -2401.86
-214.176 -1101.78
-1578.69 -3888.06
-3410.4 -495.466
-959.349 3426.71
3483.37 -1841.03
1152.81 -3825.35
606.238 -2786.24
-784.417 3789.74
-644.762 39.5035
-1114.83 1651.68
-894.017 -430.196
-2092.18 4207.99
3233.19 -641.925
-2512.55 -2706.96
-976.873 882.279
3796.34 3233.03
-88.7674 -552.264
-763.063 531.467
-3141.89 378.6
2199.16 -3148.91
4017.21 595.213
2209.68 -1454.6
-4816.57 -504.046
1226.65 4326.57
-348.092 -195.425
-943.7 642.998
-784.436 -83.8186
-2922.02 -3484.87
625.164 4450.01
1396.97 -329.09
95.3647 -89.514
429.917 1606.27
3918.7 2907.57
2485.28 -838.68
3666.69 208.145
158.668 1348.35
-2959.28 3901.66
193.26 1236.63
4599.64 1349.39
-302.66 -56.438
-117.168 -178.65
195.3 -200.706
-4903.43 -1241.06
1953.19 437.082
-1280.12 -5135.81
283.484 261.295
1958.57 -1849.44
1729.85 1411.75
5125.63 -11.2021
3768.44 1098.78
2109.4 1179.31
3420.24 3088.23
2296.28 1064.2
-946.659 222.29
-3918.62 1958.29
-2527.64 170.831
1795.65 -56.5736
-2352.88 1705.86
-3154.49 3978.77
1791.13 1266.36
-818.211 -382.175
-1130.68 642.207
3383.84 -3655.54
825.208 442.44
1550.17 -1682.09
-1128.13 1773.1
-767.995 -1492.09
-113.609 581
3021.17 4337.93
-4379.68 -1694.35
-777.289 -4250.01
4173.14 -1154.28
3798.19 -3155.48
414.167 409.636
-3763.84 456.285
2673.14 -2898.26
486.606 1257.74
-633.286 3881.61
-377.8 3289.11
2773.59 3613.17
975.845 -86.9098
197.252 126.957
-461.386 -1491.82
639.567 -2098.56
-3038.19 -6.58592
243.32 3134.2
-4943.99 641.306
1117.89 4901.91
587.267 -605.429
-1028.78 -2529.49
1512.02 -1697.02
279.466 147.62
1491.51 3060.7
-353.154 -512.197
2010.32 2718.36
-340.534 -3370.64
-1296.03 -2343.96
-2202.03 -1852.37
202.916 -4506.1
-300.907 2233.25
-68.9361 -744.629
-388.768 -4234.59
-949.454 760.619
-1786.35 165.954
877.818 887.316
-237.971 -3304.53
-34.1732 1321.94
328.344 -1814.66
-2624.15 -2291.72
4144.94 781.016
1719.33 2777.44
1528.91 -288.404
2059.9 4030.61
-3130.1 -144.862
-583.904 -4756
-1202.12 1508.22
-2444.69 -1580.52
1934.44 -848.419
-3999.62 -2074.21
-280.794 -92.8991
2763.83 -402.507
-199.013 3574.67
2299.03 1849.65
-1600.26 -3942.25
-2345.27 -1475.13
1731.12 -573.073
-4716.7 561.703
2514.43 -2595.26
-129.319 -1229.11
292.197 -2058.64
-690.626 2977.81
4634.24 -1466.64
-1118.32 -185.753
-1045.59 3430.07
1283.49 -3155.58
1008.58 1474.72
1914.13 533.861
-1367.19 -5089.89
2640.29 -1123.75
-1460.54 3173.76
671.474 -313.514
925.035 -2980.57
1552.72 134.166
28.7293 -540.57
-1083.64 2920.42
-2325.9 -2605.5
3536.62 0.225241
811.764 145.03
-2662.1 -396.574
1391.46 2694.37
-775.722 1965.93
2027.36 -1741.2
1411.65 2598.63
-261.86 511.995
2614.39 -4301.16
-3176.86 188.093
1170.27 1719.94
-455.984 1047.24
1082.11 -3781.93
-808.162 707.566
-91.9325 -5142.39
86.1342 3311.14
321.562 -157.293
2170.97 -1633.34
1733.59 -2786.71
171.616 -23.4278
361.261 -36.7795
388.58 299.769
293.106 -507.787
3200.27 -1060.49
1571.74 -821.046
-1696.56 -419.182
-797.356 -747.063
967.81 866.13
-699.805 -2760.02
-513.185 -3483.56
431.441 -1416.27
73.2032 259.608
413.028 212.111
-4076.34 -2685.76
617.899 -58.0178
-236.666 40.1994
-1173.91 322.074
-320.276 -989.872
-251.139 113.93
2433.87 -3075.19
3184.68 3226.5
2348.21 3410.84
469.373 3806.32
1301.86 1793.06
-271.747 72.0979
-917.427 3044.65
-3533.01 -359.175
-414.487 -1695.19
298.591 -322.052
-2791.71 358.879
-1711.03 3324.05
2813.68 2055.94
1049.45 -2272.73
68.5741 1315.55
-465.452 3211.2
3069.52 -3587.89
-2121.21 -427.556
1139.17 -1500.04
4402.8 -2623.26
-3812.04 1564.02
1472.46 1815.99
429.751 -1122.13
-203.95 829.23
-1700.18 -8.51627
2711.4 1855.32
896.1 88.874
-3779.15 3745.81
-214.366 -1871.41
-780.67 -1977.38
-990.945 95.8833
1839.65 -1474
105.911 -74.2426
-145.032 3686.85
-795.671 -548.666
2050.41 4219.08
-2376.83 3873.19
-1897.59 3123.3
217.202 -8.7437
1055.81 692.831
-145.348 1818.7
-1761.48 -4331.35
-790.061 -2838.05
-49.5101 -54.4172
-3435.42 -1523.55
-4439.75 1643.27
-448.143 788.062
2196.74 -246.304
-145.198 207.608
5.30374 2008.07
-1839.87 -1045.45
-4390 1388.38
1184.83 157.796
3592.33 55.2994
-505.152 -1974.41
-2907.7 -1866.89
252.726 -438.641
2534.72 3864.42
2022.35 4791.16
-3818.19 -1446.43
3179.3 -1026.81
1449.88 -3635.01
2778.33 513.915
-80.3576 117.16
4344.35 2078.27
-287.318 -1865.25
564.721 -1150.57
-1001.13 -1973.67
-1815.6 -2389.23
-3196.4 2107.37
525.618 336.927
282.385 -327.549
-631.01 2557.61
-1587.19 4524.49
320.912 1631.34
-2062.82 -811.29
360.046 -453.547
946.174 2725.92
247.918 -686.25
-4709.5 1005.67
-1053.63 -707.005
-1517.92 -2246.09
1966.42 2430.81
3552.34 883.64
-1468.66 2110.19
121.57 -1835.65
2893.35 -3917.3
-1265.44 917.163
-1744.27 -296.871
-52.6145 -52.7426
-10.8129 -517.386
465.408 958.458
296.333 -205.205
-1036.14 392.633
2706.72 -2145.87
53.7244 1592.87
1584.58 2099.74
-2293.28 1034.9
103.126 -3407.61
155.422 -2970.66
2672.74 -4212.12
4651.86 936.334
2224.37 1422.78
-446.907 1174.97
4802.35 -2305.08
-115.95 608.315
-1353.35 -4976.3
1607.86 3225.58
1520.45 -3784.7
-1362.39 1428.2
-721.932 1922.31
-293.233 98.1284
-2009.76 -4026.45
1733.43 -1077.25
1499.14 -913.66
842.157 265.066
1204.79 -12.5247
-1255.69 -1883.43
-156.522 -198.293
462.167 -2214.77
1597.4 2460.12
932.281 2578.62
2624.03 641.067
-2643.57 1611.89
-564.539 -4946.95
1013.13 -628.939
2976.31 2411.27
-4849.98 -775.939
-1407.34 -801.598
2582.56 -130.485
162.599 41.6452
4438.26 1202.48
-4537.45 -1265.63
2235.26 2143.97
821.709 500.013
-438.006 3539
932.475 112.488
2851.92 -1941.03
1252.21 3904.02
-571.47 -1528.87
-920.891 -3107.76
-89.5794 -357.166
-3561.29 1249.91
2024.81 361.87
815.047 2349.9
1032.9 -1069.08
5103.81 769.239
-2022.23 -3573.85
-526.457 -61.9656
-600.223 -5186.07
-2350.76 3895.43
-1190.49 726.224
2979.28 2232.03
-3598.58 409.215
3855.03 -1490.39
1151.66 4766.55
643.413 1673.17
3650.36 -1225.55
16.8709 -75.5016
2647.26 347.47
2394.62 -2586.6
1969.62 1975.33
2014.39 -4582.81
-4267.83 214.25
-354.671 3616.8


1148.23 -1971.98
-761.444 368.183
-2402.87 659.808
-697.79 -4054.38
-1792.91 2125.43
634.174 2505.52
219.427 620.158
1288.14 3941.68
2604.53 145.378
-4791 -416.869
2359.82 -916.147
3549.29 2169.72
-14.5012 76.886
-305.111 -124.277
1003.61 -1487.51
-1519.81 3582.92
-3370.13 1643.47
429.56 1813.89
-1781.41 -4163.95
-1844.51 -1219.01
4895.86 1743.94
1077.11 -1655.39
619.949 -487.235
1524.64 -1227.8
259.759 1628.22
3002.47 -1137.47
-74.453 -558.4
3817.25 -384.83
1445.92 -2481.38
26.2827 1907.58
814.813 3546.62
-4453.5 -2300.45
-183.866 -1536.35
726.944 621.96
-1510.55 1333.74
2172.15 -225.075
3596.29 1707.97
686.56 -2645.1
-1144.5 2254.89
-42.755 -647.285
-1185.32 1402.51
-846.692 3187.02
-3468.73 -1690.1
-158.713 -3558.66
1940.74 1777.06
-2782.82 -356.393
-247.78 2632.1
326.799 -452.836
280.933 3635.43
-489.521 207.642
-1539.37 -3631.1
-1009.13 3012.19
-132.813 -107.055
-149.766 -871.566
830.466 1811.17
-1763.56 -4753.63
1032.19 2513.93
-395.251 606.492
2766.22 -639.598
1222.29 584.375
844.274 -3283.86
-1515.8 1267.83
-1728.67 1134.82
-4842.6 -1771.07
1462.97 -603.792
2723.91 -2742.83
-2601.63 2452.66
-4637.85 -90.8061
4370.87 858.191
-137.367 -176.814
2614.57 -1620.99
-624.657 4207.22
-868.102 -1474.64
-3290.64 -3123.01
378.003 136.951
-1573.01 -1850.94
-932.75 2666.43
2056.35 3630.17
1694.48 139.958
4191.21 865.756
-1372.8 -1214.45
-2877.37 2041.1
-321.258 -1902.19
-2200.64 -999.884
-100.748 -553.97
3100.97 1689.97
-197.403 -530.37
-3555.4 3268.15
-251.343 -1156.02
-2963.21 51.3985
626.417 -657.694
-3619.13 221.747
1466.71 -2011.61
-1236.05 4623.24
-3793.07 3350.61
4666.02 1295.23
1661.71 2082.03
1943.56 630.964
-200.585 2282.3
968.645 -2329.23
2859.72 -506.495
-565.141 -1034.66
1114.73 1066.89
206.008 328.763
2088.87 -563.016
1316.6 -1459.24
-1373.46 1664.67
153.128 114.177
-212.103 216.064
-2905.13 -2779.49
2702.19 4265.44
-3616.29 3692.58
-1355.57 -2186.11
-892.512 -4320.74
1788.08 1741.35
-2579.54 256.341
2119.03 -1978.92
3336.45 -2052.03
4954.64 -1362.33
-517.771 -2362.77
-2177.72 -3288.34
-3772.92 -3703.91
3814.57 2816.71
4243.47 -2114.62
-3627.86 3047.72
3039.4 -3263.64
-2896.35 1812.04
2669.1 3262.59
2816.59 2191.07
-3511.92 -1199.69
-541.77 1750.93
-385.225 691.341
710.352 1536
591.045 487.302
3367.2 -1253.65
404.149 -1696.23
-2101.52 1168.5
630.064 2313.25
1367.1 -1321.28
-1005.36 -583.026
3316.51 -2498.85
5180.86 1140.04
-2496.22 3689.94
-4083.05 552.966
1982.63 2735.81
-4582.19 906.876
4489.85 -2729.48
-1744.03 2056.14
-14.6762 -854.534
4186.86 -2395.13
-198.566 -1104.94
-1571.08 -3891.16
-3409.2 -503.301
-967.636 3424.39
3487.31 -1833.6
1159.97 -3823.15
614.732 -2784.3
-792.293 3788.09
-644.448 20.473
-1123.33 1645.73
-886.797 -445.649
-2098.69 4204.74
3235.11 -632.491
-2506.73 -2712.31
-985.401 872.318
3791.29 3238.99
-66.3521 -556.382
-774.165 516.688
-3142.93 369.765
2206.23 -3143.99
4016.06 602.764
2215.25 -1446.15
-4815.79 -511.408
1219.79 4328.49
-334.789 -218.373
-952.6 630.079
-781.936 -101.351
-2916.05 -3489.88
618.188 4450.96
1400.63 -314.736
122.114 -53.7624
416.877 1609.93
3914.43 2913.31
2488.54 -829.03
3666.21 215.789
145.017 1349.84
-2965.55 3896.93
178.809 1238.84
4597.47 1356.81
-298.278 -86.7221
-83.5195 -195.352
217.954 -178.167
-4901.62 -1248.27
1950.65 448.533
-1273.15 -5137.55
266.369 283.45
1964.86 -1842.68
1723.12 1419.93
5125.64 -4.1767
3766.06 1106.97
2104.67 1187.53
3415.03 3094.01
2292.19 1072.87
-949.779 206.895
-3922.4 1950.8
-2528.45 159.896
1796.13 -43.8381
-2358.89 1697.65
-3160.52 3974.01
1784.39 1276.07
-810.805 -395.784
-1136.83 630.615
3388.77 -3650.96
817.115 457.571
1557.17 -1675.45
-1137.52 1767.1
-756.909 -1497.73
-136.192 577.785
3015.74 4341.69
-4377.09 -1701.01
-769.148 -4251.52
4175.07 -1147.2
3802.43 -3150.33
398.761 422.807
-3764.68 448.871
2678.9 -2892.92
474.723 1261.88
-640.81 3880.35
-386.327 3288.1
2767.14 3618.15
977.389 -70.1388
177.135 155.591
-449.08 -1495.56
650.021 -2095.35
-3038.09 -14.8951
233.618 3134.99
-4944.8 634.83
1111.17 4903.43
600.148 -592.869
-1019.38 -2533.34
1520.27 -1689.69
263.604 172.782
1484.26 3064.17
-335.455 -525.766
2003.43 2723.42
-331.63 -3371.54
-1288.07 -2348.26
-2196.12 -1859.32
209.924 -4505.75
-312.233 2231.79
-49.5223 -746.627
-380.912 -4235.31
-959.174 748.701
-1787.31 154.388
867.51 897.344
-229.709 -3305.07
-49.2251 1321.76
339.92 -1812.51
-2618.79 -2297.8
4143.49 788.652
1712.26 2781.75
1531.66 -274.738
2053.51 4033.85
-3129.68 -154.337
-576.157 -4756.97
-1211.3 1500.89
-2439.3 -1588.91
1938.93 -838.153
-3996.35 -2080.46
-266.282 -119.826
2765.13 -393.272
-207.143 3574.19
2293.18 1856.88
-1592.38 -3945.48
-2339.94 -1483.64
1734.32 -562.703
-4717.6 554.209
2520.56 -2589.32
-115.875 -1230.11
303.218 -2057.03
-699.495 2975.73
4636.54 -1459.42
-1115.9 -201.723
-1053.69 3427.59
1290.84 -3152.52
999.453 1480.67
1911.03 544.842
-1360.63 -5091.64
2643.61 -1115.74
-1468.87 3169.95
677.833 -297.113
932.934 -2978.04
1551.57 147.192
52.4291 -540.514
-1092.44 2917.16
-2319.12 -2611.58
3536.65 9.32511
808.453 162.775
-2660.64 -406.194
1382.82 2698.86
-786.359 1961.75
2033.69 -1733.79
1403.51 2603.02
-278.903 501.112
2620.39 -4297.5
-3177.27 179.923
1161.8 1725.5
-468.329 1041.23
1089.95 -3779.68
-818.972 695.406
-84.1534 -5142.56
76.6403 3311.42
328.48 -131.526
2176.56 -1625.83
1740.54 -2782.32
172.167 17.5814
365.673 -8.67374
373.01 315.22
313.295 -497.3
3202.81 -1052.67
1577.97 -809.438
-1693.64 -430.231
-786.097 -759.737
957.83 877.613
-690.214 -2762.46
-505.353 -3484.66
445.292 -1412.28
44.3881 272.335
402.143 234.614
-4072.24 -2692
619.674 -37.1015
-233.921 5.03422
-1177.97 307.482
-304.448 -995.205
-262.114 83.6476
2439.8 -3070.45
3178.85 3232.29
2341.31 3415.61
460.782 3807.4
1293.3 1799.19
-275.34 40.5753
-926.086 3042.03
-3532.11 -368.424
-402.347 -1698.17
318.775 -305.431
-2792.99 349.058
-1718.85 3320.05
2808.19 2063.52
1058.02 -2268.67
55.0314 1316.02
-474.371 3209.91
3075.53 -3582.77
-2119.04 -437.96
1147.57 -1493.41
4406.65 -2616.83
-3814.88 1557.04
1464.15 1822.73
444.061 -1116.73
-220.97 824.827
-1700.17 -21.4078
2705.96 1863.36
894.713 107.08
-3783.89 3741
-203.38 -1872.51
-771.143 -1980.99
-992.448 79.5361
1846.45 -1465.54
127.115 -28.9426
-153.727 3686.52
-786.378 -561.109
2044.04 4222.16
-2382.91 3869.43
-1904.95 3118.83
213.182 28.4378
1048.26 703.48
-157.187 1817.71
-1754.79 -4334.05
-781.107 -2840.52
15.4483 -70.908
-3432.19 -1530.77
-4442.27 1636.42
-463.957 779.431
2197.72 -236.356
-173.244 190.354
-6.89288 2008.2
-1834.69 -1054.27
-4392.4 1380.83
1182.78 172.464
3592.22 64.4288
-494.316 -1977.13
-2902.7 -1874.74
270.626 -425.861
2528.9 3868.21
2016.3 4793.69
-3815.41 -1453.7
3182.3 -1017.68
1457.29 -3632.04
2776.59 523.153
-115.486 84.6434
4341.42 2084.34
-275.274 -1867.14
577.344 -1144.23
-991.289 -1978.66
-1807.81 -2395.18
-3200.75 2100.74
513.948 353.068
297.943 -309.567
-639.851 2555.33
-1594.52 4521.93
307.762 1634.06
-2058.79 -821.511
376.011 -439.719
938.021 2728.66
266.589 -679.736
-4710.87 999.104
-1045.91 -717.793
-1509.26 -2252
1959.81 2436.07
3550.32 891.699
-1477.15 2104.29
132.715 -1834.76
2899.77 -3912.58
-1272.34 907.249
-1742.21 -309.856
18.9609 -70.586
13.7476 -519.848
450.98 965.471
313.635 -182.57
-1042.08 377.521
2711.64 -2139.59
40.026 1593.48
1576.35 2105.98
-2297.02 1026.36
112.007 -3407.34
163.83 -2970.14
2679.01 -4208.15
4650.33 944.004
2218.99 1431.18
-461.716 1169.68
4805.58 -2298.39
-134.425 602.944
-1346.93 -4978.03
1600.1 3229.45
1527.64 -3781.79
-1369.97 1420.75
-733.485 1918.11
-307.854 71.1902
-2003.54 -4029.51
1739.15 -1067.89
1505.09 -903.634
836.792 281.544
1204.58 1.38346
-1246.97 -1889.18
-126.22 -213.742
472.742 -2212.55
1589.01 2465.61
923.981 2581.51
2621.63 650.955
-2648.42 1603.94
-557.398 -4947.76
1020.88 -616.274
2971.15 2417.61
-4848.89 -782.55
-1400.99 -812.684
2582.98 -120.872
146.493 81.6937
4436.25 1209.92
-4535.4 -1273.01
2229.41 2149.96
812.853 515.204
-446.786 3537.93
930.675 130.163
2856.6 -1934.11
1244.08 3906.66
-558.798 -1533.77
-912.486 -3110.23
-62.742 -362.284
-3564.33 1241.37
2022.84 372.021
806.05 2352.92
1042.19 -1059.95
5102.77 776.071
-2015.6 -3577.57
-523.275 -84.3134
-593.713 -5186.8
-2357.68 3891.28
-1197.41 714.648
2973.95 2239.2
-3599.63 400.191
3857.59 -1483.64
1144.02 4768.42
631.222 1678.02
3653.02 -1217.62
61.2858 -13.8059
2645.94 357.763
2400.36 -2581.22
1962.79 1982.12
2021.08 -4579.87
-4268.15 207.16
-362.225 3616


1157.06 -1966.75
-768.108 352.744
-2405.2 650.853
-690.311 -4055.64
-1800.12 2119.31
623.569 2508.3
199.957 627.239
1280.63 3944.12
2603.96 155.452
-4790.36 -424.259
2363.36 -906.904
3544.97 2176.82
-66.2793 25.5237
-298.104 -153.197
1013.12 -1480.94
-1527.3 3579.73
-3373.86 1635.83
417.355 1816.89
-1774.04 -4167.12
-1838.68 -1227.7
4893.6 1750.25
1086.38 -1649.25
632.719 -472.192
1531.33 -1219.26
248.448 1629.73
3005.51 -1129.33
-51.8686 -562.248
3818.19 -375.917
1454.37 -2476.47
15.2396 1907.59
806.959 3548.39
-4450.44 -2306.31
-169.854 -1538.26
715.757 635.64
-1517.23 1325.89
2173.51 -213.223
3592.77 1715.39
696.143 -2642.61
-1153.35 2250.35
-21.9352 -648.857
-1195.13 1394.38
-855.122 3184.76
-3465.37 -1696.91
-150.696 -3558.98
1933.92 1784.5
-2781.58 -366.027
-257.876 2631.16
343.83 -439.462
272.175 3636.13
-497.202 186.843
-1531.58 -3634.42
-1016.83 3009.53
-102.538 -135.729
-133.201 -873.91
820.195 1815.82
-1756.29 -4756.36
1023.67 2517.34
-413.341 596.045
2768.17 -630.84
1216.2 597.009
852.251 -3281.76
-1523.17 1258.98
-1734.86 1125.37
-4840.29 -1777.33
1467.65 -592.145
2729.18 -2737.53
-2607.15 2446.75
-4637.69 -98.3086
4369.4 865.64
-107.475 -196.943
2619.19 -1613.45
-632.667 4206.04
-858.205 -1480.19
-3285.3 -3128.65
368.725 161.691
-1565.21 -1857.52
-942.362 2663.11
2049.76 3633.87
1693.37 151.891
4189.61 873.528
-1364.86 -1223.39
-2882.62 2033.74
-309.942 -1904.04
-2196.62 -1008.42
-77.865 -559.989
3096.81 1697.61
-176.096 -539.811
-3559.88 3263.24
-237.972 -1158.37
-2963.27 42.8512
639.302 -645.634
-3619.55 214.044
1475.44 -2005.3
-1242.91 4621.39
-3798.25 3344.78
4664.22 1301.6
1653.8 2088.36
1940.24 640.594
-211.625 2281.36
977.403 -2325.5
2861.12 -498.068
-551.974 -1041.76
1105.9 1075.91
183.204 343.457
2091.28 -553.408
1324.26 -1452.06
-1381.33 1658.02
122.708 142.089
-232.675 193.433
-2899.81 -2785.02
2696.44 4269.06
-3621.74 3687.26
-1346.23 -2192.01
-884.281 -4322.48
1780.39 1749.37
-2580.64 245.794
2124.97 -1972.44
3341.05 -2044.61
4956.31 -1356.13
-507.365 -2365.07
-2170.58 -3293.1
-3768.34 -3708.55
3809.92 2823.03
4246.78 -2107.97
-3632.75 3041.91
3044.52 -3258.82
-2901.47 1803.96
2662.57 3267.97
2811.01 2198.29
-3509.19 -1207.69
-552.473 1747.45
-402.57 682.38
698.184 1541.83
578.928 503.118
3369.97 -1246.1
415.069 -1693.39
-2106.56 1159.39
619.726 2316.09
1375.69 -1312.5
-997.84 -595.366
3321.33 -2492.44
5179.27 1147.34
-2501.9 3686.06
-4083.97 545.787
1976.2 2740.38
-4583.72 899.177
4493.25 -2723.86
-1751.32 2049.9
2.12079 -854.16
4190.73 -2388.4
-182.92 -1107.89
-1563.48 -3894.25
-3407.98 -511.132
-975.917 3422.04
3491.23 -1826.16
1167.13 -3820.94
623.22 -2782.34
-800.164 3786.43
-643.488 1.42191
-1131.8 1639.71
-879.339 -460.982
-2105.21 4201.48
3237.01 -623.053
-2500.9 -2717.64
-993.817 862.257
3786.23 3244.95
-43.8357 -559.645
-785.013 501.74
-3143.95 360.926
2213.29 -3139.06
4014.9 610.313
2220.78 -1437.68
-4815.01 -518.769
1212.93 4330.39
-320.037 -240.375
-961.332 617.048
-779.011 -118.828
-2910.08 -3494.88
611.21 4451.9
1404.17 -300.355
132.227 -10.6605
403.813 1613.5
3910.15 2919.04
2491.77 -819.368
3665.7 223.431
131.351 1351.19
-2971.81 3892.19
164.335 1240.89
4595.29 1364.23
-291.083 -116.19
-47.2975 -206.026
237.818 -153.347
-4899.79 -1255.47
1948.04 459.97
-1266.17 -5139.28
248 304.272
1971.13 -1835.89
1716.34 1428.07
5125.63 2.84874
3763.67 1115.15
2099.91 1195.72
3409.82 3099.78
2288.05 1081.51
-952.625 191.44
-3926.16 1943.31
-2529.22 148.958
1796.54 -31.1006
-2364.88 1689.42
-3166.54 3969.25
1777.61 1285.74
-803.106 -409.25
-1142.85 618.948
3393.68 -3646.36
808.758 472.555
1564.14 -1668.77
-1146.87 1761.05
-745.781 -1503.3
-158.598 573.825
3010.29 4345.45
-4374.48 -1707.67
-761.005 -4253.01
4176.99 -1140.12
3806.67 -3145.17
382.807 435.396
-3765.51 441.456
2684.64 -2887.57
462.79 1265.89
-648.33 3879.07
-394.851 3287.07
2760.68 3623.12
978.659 -53.3482
153.074 180.763
-436.744 -1499.19
660.46 -2092.1
-3037.96 -23.2041
223.913 3135.76
-4945.6 628.353
1104.45 4904.94
612.764 -580.047
-1009.97 -2537.15
1528.49 -1682.33
245.365 196.386
1477.01 3067.62
-317.385 -538.751
1996.52 2728.47
-322.724 -3372.42
-1280.09 -2352.53
-2190.18 -1866.26
216.931 -4505.4
-323.552 2230.27
-30.077 -748.149
-373.055 -4236.01
-968.754 736.673
-1788.19 142.814
857.084 907.25
-221.445 -3305.6
-64.2713 1321.42
351.482 -1810.28
-2613.41 -2303.87
4142.03 796.286
1705.18 2786.03
1534.3 -261.054
2047.11 4037.08
-3129.24 -163.81
-568.409 -4757.92
-1220.43 1493.51
-2433.89 -1597.28
1943.36 -827.864
-3993.07 -2086.7
-248.728 -145.381
2766.4 -384.033
-215.273 3573.69
2287.31 1864.1
-1584.5 -3948.7
-2334.58 -1492.13
1737.45 -552.309
-4718.48 546.713
2526.67 -2583.37
-102.416 -1230.94
314.23 -2055.37
-708.357 2973.63
4638.82 -1452.19
-1113.28 -217.657
-1061.78 3425.09
1298.19 -3149.45
990.28 1486.56
1907.86 555.805
-1354.07 -5093.38
2646.9 -1107.71
-1477.19 3166.13
683.745 -280.517
940.826 -2975.49
1550.31 160.208
76.0402 -539.544
-1101.23 2913.88
-2312.33 -2617.64
3536.65 18.4249
804.759 180.443
-2659.14 -415.808
1374.17 2703.33
-796.975 1957.52
2039.99 -1726.36
1395.36 2607.39
-295.547 489.51
2626.38 -4293.84
-3177.66 171.752
1153.3 1731.01
-480.591 1035.03
1097.77 -3777.42
-829.608 683.099
-76.3743 -5142.71
67.1459 3311.68
333.325 -104.932
2182.12 -1618.29
1747.47 -2777.91
162.558 57.5502
368.005 19.482
356.566 329.934
333.068 -486.151
3205.33 -1044.85
1584.14 -797.792
-1690.64 -441.259
-774.679 -772.258
947.735 888.991
-680.616 -2764.88
-497.517 -3485.74
459.107 -1408.17
14.9631 281.349
390.168 256.481
-4068.12 -2698.23
620.751 -16.1435
-225.841 -30.2348
-1181.86 292.845
-288.548 -1000.31
-269.485 52.2156
2445.72 -3065.7
3173 3238.08
2334.4 3420.37
452.189 3808.46
1284.71 1805.29
-275.281 8.5167
-934.738 3039.39
-3531.19 -377.671
-390.187 -1701.06
337.942 -287.835
-2794.23 339.232
-1726.66 3316.03
2802.68 2071.09
1066.58 -2264.57
41.4823 1316.35
-483.286 3208.58
3081.52 -3577.65
-2116.81 -448.353
1155.91 -1486.73
4410.48 -2610.39
-3817.7 1550.06
1455.8 1829.43
458.303 -1111.16
-237.896 820.072
-1700.07 -34.2983
2700.5 1871.39
893.001 125.247
-3788.63 3736.19
-192.387 -1873.55
-761.594 -1984.55
-993.686 63.1676
1853.22 -1457.05
129.784 20.6103
-162.422 3686.17
-776.855 -573.387
2037.65 4225.23
-2388.99 3865.66
-1912.3 3114.35
202.835 64.769
1040.57 714.038
-169.02 1816.63
-1748.1 -4336.74
-772.145 -2842.96
69.1976 -18.5614
-3428.94 -1537.98
-4444.78 1629.57
-479.607 770.523
2198.65 -226.403
-198.361 169.874
-19.0893 2008.26
-1829.47 -1063.05
-4394.79 1373.28
1180.54 187.105
3592.09 73.5577
-483.465 -1979.79
-2897.68 -1882.59
287.953 -412.179
2523.07 3871.98
2010.25 4796.22
-3812.63 -1460.97
3185.28 -1008.53
1464.69 -3629.05
2774.81 532.385
-138.173 42.9763
4338.47 2090.4
-263.22 -1868.96
589.895 -1137.74
-981.427 -1983.6
-1800.01 -2401.11
-3205.08 2094.09
501.707 368.818
312.469 -290.512
-648.682 2553.02
-1601.85 4519.36
294.595 1636.7
-2054.72 -831.712
391.451 -425.277
929.858 2731.36
285.078 -672.755
-4712.23 992.538
-1038.05 -728.489
-1500.58 -2257.89
1953.19 2441.32
3548.28 899.754
-1485.62 2098.36
143.854 -1833.79
2906.19 -3907.85
-1279.16 897.272
-1740.06 -322.827
66.4437 -20.7658
38.2818 -521.307
436.455 972.275
329.108 -158.87
-1047.82 362.335
2716.53 -2133.29
26.3251 1593.98
1568.09 2112.19
-2300.72 1017.8
120.887 -3407.05
172.236 -2969.58
2685.27 -4204.17
4648.79 951.673
2213.57 1439.56
-476.464 1164.23
4808.79 -2291.71
-152.747 596.885
-1340.51 -4979.74
1592.32 3233.31
1534.83 -3778.87
-1377.5 1413.26
-745.017 1913.84
-319.721 43.612
-1997.33 -4032.57
1744.82 -1058.51
1510.97 -893.566
831.104 297.914
1204.18 15.2915
-1238.21 -1894.88
-93.5312 -225.137
483.306 -2210.28
1580.6 2471.08
915.669 2584.37
2619.2 660.835
-2653.24 1595.97
-550.256 -4948.56
1028.48 -603.514
2965.99 2423.94
-4847.8 -789.159
-1394.55 -823.721
2583.37 -111.256
120.848 116.423
4434.23 1217.35
-4533.34 -1280.38
2223.55 2155.94
803.755 530.243
-455.565 3536.83
928.578 147.797
2861.25 -1927.18
1235.94 3909.28
-546.093 -1538.57
-904.075 -3112.67
-35.5533 -365.373
-3567.36 1232.82
2020.81 382.161
797.04 2355.89
1051.4 -1050.73
5101.72 782.903
-2008.97 -3581.27
-519.138 -106.508
-587.202 -5187.53
-2364.6 3887.11
-1204.21 703.003
2968.6 2246.35
-3600.67 391.164
3860.15 -1476.89
1136.38 4770.27
619.003 1682.8
3655.67 -1209.68
10.6302 55.3583
2644.59 368.052
2406.09 -2575.81
1955.94 1988.87
2027.76 -4576.92
-4268.45 200.069
-369.777 3615.18


1165.86 -1961.48
-774.434 337.15
-2407.49 641.887
-682.83 -4056.89
-1807.3 2113.16
612.956 2511.04
180.298 633.731
1273.11 3946.56
2603.35 165.523
-4789.7 -431.649
2366.86 -897.646
3540.63 2183.91
-49.0586 -49.2319
-288.873 -180.976
1022.58 -1474.3
-1534.78 3576.53
-3377.57 1628.18
405.133 1819.81
-1766.66 -4170.28
-1832.8 -1236.36
4891.32 1756.55
1095.61 -1643.06
645.147 -456.895
1537.97 -1210.68
237.124 1631.15
3008.54 -1121.19
-29.2054 -565.251
3819.11 -367.003
1462.79 -2471.54
4.19582 1907.52
799.101 3550.14
-4447.38 -2312.16
-155.83 -1540.06
704.355 649.129
-1523.85 1317.99
2174.8 -201.365
3589.23 1722.82
705.717 -2640.09
-1162.18 2245.77
-1.09388 -649.793
-1204.9 1386.18
-863.545 3182.47
-3461.99 -1703.7
-142.679 -3559.27
1927.08 1791.92
-2780.31 -375.656
-267.967 2630.18
360.325 -425.404
263.415 3636.8
-503.983 165.706
-1523.79 -3637.72
-1024.53 3006.84
-65.8773 -155.94
-116.584 -875.919
809.897 1820.4
-1749.01 -4759.07
1015.13 2520.73
-431.142 585.182
2770.09 -622.075
1209.99 609.579
860.223 -3279.64
-1530.49 1250.09
-1740.99 1115.89
-4837.97 -1783.58
1472.23 -580.458
2734.44 -2732.21
-2612.65 2440.83
-4637.53 -105.811
4367.92 873.087
-74.7882 -211.951
2623.8 -1605.9
-640.675 4204.84
-848.263 -1485.66
-3279.95 -3134.27
357.886 185.746
-1557.38 -1864.06
-951.964 2659.76
2043.15 3637.57
1692.17 163.815
4187.99 881.297
-1356.85 -1232.27
-2887.86 2026.36
-298.616 -1905.82
-2192.56 -1016.94
-54.8651 -565.17
3092.62 1705.25
-154.529 -548.455
-3564.34 3258.32
-224.562 -1160.53
-2963.31 34.3034
651.962 -633.345
-3619.94 206.339
1484.15 -1998.95
-1249.76 4619.53
-3803.42 3338.94
4662.4 1307.97
1645.87 2094.66
1936.85 650.203
-222.659 2280.38
986.145 -2321.72
2862.48 -489.637
-538.719 -1048.68
1096.98 1084.85
159.538 356.538
2093.64 -543.785
1331.87 -1444.84
-1389.16 1651.33
86.7128 163.521
-250.866 168.823
-2894.47 -2790.53
2690.68 4272.68
-3627.2 3681.93
-1336.88 -2197.88
-876.049 -4324.2
1772.68 1757.36
-2581.7 235.243
2130.9 -1965.95
3345.63 -2037.18
4957.97 -1349.94
-496.951 -2367.32
-2163.43 -3297.84
-3763.75 -3713.18
3805.26 2829.35
4250.08 -2101.31
-3637.63 3036.08
3049.64 -3253.99
-2906.57 1795.87
2656.03 3273.33
2805.42 2205.5
-3506.43 -1215.68
-563.153 1743.9
-419.7 673.054
685.978 1547.58
566.47 518.636
3372.72 -1238.54
425.969 -1690.48
-2111.57 1150.25
609.377 2318.88
1384.23 -1303.66
-990.156 -607.607
3326.14 -2486.03
5177.67 1154.64
-2507.57 3682.16
-4084.89 538.607
1969.76 2744.93
-4585.25 891.475
4496.64 -2718.22
-1758.58 2043.64
18.9168 -853.422
4194.59 -2381.66
-167.24 -1110.63
-1555.86 -3897.32
-3406.74 -518.961
-984.193 3419.68
3495.14 -1818.71
1174.28 -3818.71
631.701 -2780.34
-808.033 3784.75
-641.88 -17.6306
-1140.23 1633.65
-871.642 -476.191
-2111.71 4198.2
3238.88 -613.611
-2495.06 -2722.96
-1002.12 852.096
3781.16 3250.89
-21.2531 -562.052
-795.604 486.627
-3144.94 352.084
2220.34 -3134.11
4013.73 617.86
2226.28 -1429.2
-4814.22 -526.128
1206.07 4332.29
-303.905 -261.341
-969.895 603.908
-775.662 -136.241
-2904.1 -3499.87
604.231 4452.82
1407.59 -285.947
123.968 33.8589
390.726 1616.97
3905.87 2924.77
2494.96 -809.695
3665.18 231.073
117.671 1352.4
-2978.07 3887.44
149.838 1242.78
4593.11 1371.65
-281.216 -144.592
-9.59587 -210.242
254.687 -126.594
-4897.95 -1262.67
1945.37 471.392
-1259.19 -5141
228.496 323.7
1977.37 -1829.07
1709.52 1436.18
5125.62 9.87417
3761.27 1123.33
2095.1 1203.9
3404.59 3105.54
2283.88 1090.14
-955.197 175.929
-3929.91 1935.8
-2529.95 138.018
1796.86 -18.3618
-2370.85 1681.18
-3172.55 3964.47
1770.78 1295.38
-795.117 -422.568
-1148.73 607.207
3398.59 -3641.76
800.141 487.386
1571.08 -1662.05
-1156.19 1754.95
-734.612 -1508.78
-180.803 569.133
3004.85 4349.2
-4371.87 -1714.32
-752.859 -4254.49
4178.9 -1133.03
3810.9 -3140
366.322 447.382
-3766.32 434.038
2690.37 -2882.21
450.806 1269.77
-655.848 3877.77
-403.372 3286.01
2754.22 3628.08
979.655 -36.5425
125.653 201.97
-424.377 -1502.71
670.882 -2088.78
-3037.8 -31.5129
214.207 3136.5
-4946.39 621.875
1097.73 4906.43
625.109 -566.968
-1000.54 -2540.93
1536.68 -1674.92
224.895 218.203
1469.74 3071.05
-298.965 -551.143
1989.6 2733.51
-313.816 -3373.28
-1272.09 -2356.77
-2184.22 -1873.17
223.938 -4505.03
-334.864 2228.71
-10.6126 -749.195
-365.197 -4236.7
-978.192 724.538
-1788.98 131.234
846.543 917.034
-213.179 -3306.09
-79.3102 1320.94
363.029 -1807.98
-2608.01 -2309.92
4140.55 803.917
1698.1 2790.3
1536.84 -247.35
2040.71 4040.3
-3128.76 -173.282
-560.66 -4758.87
-1229.51 1486.07
-2428.45 -1605.63
1947.74 -817.553
-3989.77 -2092.94
-228.211 -169.201
2767.63 -374.789
-223.401 3573.16
2281.42 1871.29
-1576.61 -3951.9
-2329.19 -1500.61
1740.5 -541.891
-4719.35 539.215
2532.76 -2577.4
-88.9426 -1231.6
325.233 -2053.65
-717.212 2971.49
4641.09 -1444.96
-1110.46 -233.552
-1069.87 3422.57
1305.53 -3146.35
981.063 1492.37
1904.63 566.749
-1347.5 -5095.11
2650.16 -1099.67
-1485.51 3162.29
689.205 -263.735
948.709 -2972.91
1548.95 173.214
99.5239 -537.671
-1110.01 2910.57
-2305.53 -2623.69
3536.63 27.5246
800.684 198.026
-2657.62 -425.417
1365.5 2707.77
-807.569 1953.23
2046.25 -1718.91
1387.19 2611.73
-311.764 477.201
2632.36 -4290.16
-3178.02 163.58
1144.76 1736.47
-492.768 1028.65
1105.6 -3775.14
-840.068 670.647
-68.5949 -5142.85
57.651 3311.92
335.986 -77.6504
2187.64 -1610.73
1754.39 -2773.48
143.249 94.0778
368.291 47.53
339.274 343.863
352.402 -474.362
3207.83 -1037.02
1590.23 -786.109
-1687.56 -452.266
-763.106 -784.624
937.527 900.262
-671.009 -2767.27
-489.679 -3486.8
472.885 -1403.95
-14.6569 286.769
377.145 277.66
-4064 -2704.46
621.132 4.83275
-212.166 -64.7422
-1185.59 278.166
-272.581 -1005.17
-273.125 20.061
2451.62 -3060.94
3167.15 3243.86
2327.48 3425.12
443.594 3809.5
1276.08 1811.34
-271.449 -23.6562
-943.383 3036.72
-3530.24 -386.916
-378.008 -1703.87
356.049 -269.337
-2795.44 329.403
-1734.47 3311.99
2797.16 2078.65
1075.12 -2260.44
27.9284 1316.52
-492.197 3207.24
3087.51 -3572.51
-2114.54 -458.735
1164.22 -1479.98
4414.31 -2603.94
-3820.5 1543.07
1447.43 1836.09
472.477 -1105.43
-254.72 814.967
-1699.87 -47.1869
2695.02 1879.4
890.968 143.368
-3793.37 3731.37
-181.385 -1874.51
-752.025 -1988.05
-994.659 46.7823
1859.94 -1448.53
113.99 67.261
-171.116 3685.8
-767.103 -585.497
2031.27 4228.29
-2395.06 3861.88
-1919.64 3109.85
186.275 99.1105
1032.75 724.503
-180.845 1815.48
-1741.41 -4339.42
-763.175 -2845.38
45.2539 49.223
-3425.67 -1545.18
-4447.29 1622.72
-495.087 761.343
2199.53 -216.444
-220.271 146.644
-31.2851 2008.25
-1824.2 -1071.8
-4397.17 1365.72
1178.13 201.718
3591.94 82.6863
-472.599 -1982.39
-2892.63 -1890.42
304.663 -397.615
2517.23 3875.75
2004.19 4798.73
-3809.83 -1468.23
3188.23 -999.382
1472.09 -3626.05
2773.01 541.611
-146.458 -3.20249
4335.52 2096.46
-251.155 -1870.71
602.373 -1131.11
-971.542 -1988.5
-1792.19 -2407.01
-3209.39 2087.44
488.908 384.156
325.887 -270.428
-657.505 2550.67
-1609.17 4516.78
281.41 1639.24
-2050.59 -841.893
406.344 -410.242
921.686 2734.04
303.371 -665.314
-4713.58 985.971
-1030.06 -739.091
-1491.88 -2263.74
1946.55 2446.55
3546.22 907.804
-1494.07 2092.4
154.987 -1832.74
2912.61 -3903.12
-1285.88 887.233
-1737.84 -335.782
46.449 52.5425
62.7432 -521.774
421.834 978.866
342.704 -134.262
-1053.36 347.079
2721.41 -2126.98
12.6225 1594.39
1559.81 2118.38
-2304.38 1009.23
129.766 -3406.74
180.64 -2969
2691.52 -4200.18
4647.24 959.339
2208.12 1447.91
-491.149 1158.63
4812 -2285.01
-170.893 590.139
-1334.09 -4981.45
1584.54 3237.15
1542.01 -3775.94
-1384.99 1405.71
-756.526 1909.52
-328.907 15.6656
-1991.1 -4035.61
1750.43 -1049.09
1516.78 -883.454
825.096 314.169
1203.61 29.1972
-1229.43 -1900.54
-58.9731 -232.016
493.86 -2207.96
1572.18 2476.53
907.345 2587.2
2616.73 670.706
-2658.05 1587.99
-543.112 -4949.34
1035.92 -590.66
2960.81 2430.26
-4846.69 -795.767
-1388.03 -834.707
2583.72 -101.639
87.3431 143.582
4432.19 1224.78
-4531.26 -1287.75
2217.66 2161.9
794.42 545.124
-464.341 3535.72
926.186 165.383
2865.89 -1920.24
1227.8 3911.88
-533.354 -1543.28
-895.657 -3115.08
-8.16471 -366.406
-3570.36 1224.26
2018.72 392.289
788.016 2358.83
1060.52 -1041.43
5100.66 789.732
-2002.34 -3584.97
-514.056 -128.507
-580.689 -5188.24
-2371.5 3882.93
-1210.9 691.29
2963.24 2253.49
-3601.69 382.135
3862.68 -1470.13
1128.73 4772.12
606.756 1687.5
3658.3 -1201.74
-63.132 13.1826
2643.2 378.335
2411.81 -2570.39
1949.07 1995.61
2034.44 -4573.97
-4268.74 192.977
-377.327 3614.34


1174.64 -1956.16
-780.419 321.407
-2409.73 632.91
-675.346 -4058.12
-1814.46 2106.99
602.332 2513.74
160.471 639.627
1265.6 3948.97
2602.71 175.592
-4789.04 -439.038
2370.33 -888.374
3536.29 2190.99
22.7333 -71.2041
-277.597 -207.477
1032 -1467.59
-1542.26 3573.31
-3381.27 1620.52
392.895 1822.66
-1759.28 -4173.43
-1826.87 -1244.99
4889.04 1762.86
1104.81 -1636.8
657.227 -441.351
1544.55 -1202.06
225.785 1632.47
3011.54 -1113.03
-6.49802 -567.412
3820.01 -358.088
1471.21 -2466.57
-6.84807 1907.39
791.239 3551.87
-4444.3 -2318.01
-141.795 -1541.75
692.74 662.423
-1530.43 1310.06
2176.05 -189.503
3585.67 1730.23
715.283 -2637.54
-1171 2241.16
19.7485 -650.092
-1214.62 1377.92
-871.962 3180.16
-3458.6 -1710.49
-134.66 -3559.55
1920.21 1799.31
-2779.01 -385.28
-278.055 2629.16
376.257 -410.682
254.654 3637.45
-509.849 144.268
-1515.98 -3641.01
-1032.22 3004.12
-25.0549 -166.278
-99.9226 -877.591
799.573 1824.93
-1741.73 -4761.77
1006.58 2524.08
-448.643 573.911
2771.99 -613.302
1203.65 622.085
868.189 -3277.5
-1537.75 1241.15
-1747.06 1106.38
-4835.65 -1789.83
1476.72 -568.733
2739.69 -2726.88
-2618.14 2434.9
-4637.36 -113.313
4366.42 880.531
-40.1665 -221.478
2628.37 -1598.34
-648.681 4203.63
-838.277 -1491.05
-3274.59 -3139.88
345.539 209.019
-1549.53 -1870.57
-961.554 2656.38
2036.55 3641.25
1690.88 175.731
4186.36 889.064
-1348.79 -1241.1
-2893.08 2018.97
-287.278 -1907.53
-2188.46 -1025.44
-31.7839 -569.516
3088.42 1712.87
-132.736 -556.299
-3568.8 3253.39
-211.117 -1162.5
-2963.32 25.7553
664.391 -620.833
-3620.32 198.634
1492.84 -1992.58
-1256.61 4617.65
-3808.59 3333.1
4660.58 1314.34
1637.91 2100.93
1933.4 659.793
-233.689 2279.34
994.871 -2317.91
2863.82 -481.2
-525.377 -1055.44
1088 1093.71
135.13 367.961
2095.95 -534.148
1339.44 -1437.57
-1396.95 1644.59
46.5997 177.16
-266.484 142.482
-2889.12 -2796.04
2684.92 4276.28
-3632.64 3676.59
-1327.51 -2203.71
-867.813 -4325.91
1764.94 1765.31
-2582.72 224.688
2136.8 -1959.43
3350.2 -2029.74
4959.62 -1343.74
-486.527 -2369.53
-2156.27 -3302.56
-3759.15 -3717.81
3800.59 2835.66
4253.37 -2094.65
-3642.5 3030.25
3054.75 -3249.16
-2911.65 1787.76
2649.48 3278.69
2799.81 2212.7
-3503.66 -1223.67
-573.809 1740.28
-436.606 663.369
673.735 1553.25
553.679 533.85
3375.46 -1230.97
436.848 -1687.48
-2116.54 1141.09
599.017 2321.62
1392.71 -1294.77
-982.306 -619.745
3330.94 -2479.62
5176.06 1161.93
-2513.23 3678.25
-4085.79 531.425
1963.3 2749.47
-4586.76 883.771
4500.02 -2712.59
-1765.82 2037.36
35.7048 -852.319
4198.43 -2374.92
-151.529 -1113.17
-1548.24 -3900.38
-3405.48 -526.786
-992.464 3417.29
3499.03 -1811.26
1181.43 -3816.47
640.175 -2778.31
-815.897 3783.06
-639.62 -36.6651
-1148.62 1627.53
-863.711 -491.271
-2118.21 4194.92
3240.73 -604.164
-2489.21 -2728.27
-1010.3 841.838
3776.09 3256.84
1.361 -563.606
-805.935 471.355
-3145.9 343.239
2227.39 -3129.14
4012.54 625.404
2231.75 -1420.69
-4813.41 -533.487
1199.21 4334.16
-286.468 -281.184
-978.286 590.662
-771.891 -153.579
-2898.11 -3504.85
597.249 4453.73
1410.88 -271.514
96.6644 72.9932
377.617 1620.35
3901.57 2930.49
2498.11 -800.01
3664.64 238.713
103.978 1353.47
-2984.32 3882.68
135.322 1244.5
4590.91 1379.07
-268.839 -171.706
28.4081 -207.777
268.398 -98.2702
-4896.1 -1269.87
1942.63 482.798
-1252.21 -5142.72
207.974 341.69
1983.58 -1822.23
1702.66 1444.26
5125.6 16.8996
3758.85 1131.51
2090.26 1212.05
3399.36 3111.29
2279.67 1098.75
-957.493 160.369
-3933.65 1928.3
-2530.64 127.075
1797.11 -5.62209
-2376.79 1672.91
-3178.56 3959.69
1763.91 1304.99
-786.839 -435.732
-1154.47 595.394
3403.49 -3637.15
791.267 502.061
1577.97 -1655.3
-1165.48 1748.79
-723.403 -1514.18
-202.778 563.72
2999.4 4352.94
-4369.24 -1720.97
-744.711 -4255.96
4180.79 -1125.94
3815.12 -3134.83
349.325 458.743
-3767.11 426.618
2696.09 -2876.84
438.775 1273.51
-663.363 3876.46
-411.891 3284.93
2747.75 3633.03
980.375 -19.7266
95.5099 218.805
-411.981 -1506.14
681.288 -2085.42
-3037.62 -39.8214
204.498 3137.21
-4947.17 615.395
1091 4907.92
637.178 -553.639
-991.1 -2544.68
1544.84 -1667.48
202.361 238.017
1462.47 3074.46
-280.219 -562.935
1982.67 2738.52
-304.905 -3374.12
-1264.08 -2360.97
-2178.24 -1880.07
230.944 -4504.64
-346.169 2227.09
8.85855 -749.767
-357.338 -4237.38
-987.489 712.297
-1789.7 119.648
835.887 926.694
-204.912 -3306.57
-94.3402 1320.31
374.561 -1805.6
-2602.59 -2315.96
4139.06 811.545
1690.99 2794.55
1539.27 -233.63
2034.3 4043.51
-3128.26 -182.753
-552.909 -4759.8
-1238.55 1478.58
-2422.99 -1613.97
1952.07 -807.218
-3986.47 -2099.16
-204.856 -190.914
2768.84 -365.541
-231.528 3572.62
2275.51 1878.47
-1568.71 -3955.09
-2323.78 -1509.06
1743.48 -531.45
-4720.21 531.717
2538.85 -2571.42
-75.4567 -1232.08
336.227 -2051.87
-726.061 2969.33
4643.35 -1437.72
-1107.45 -249.405
-1077.95 3420.03
1312.86 -3143.24
971.8 1498.12
1901.34 577.674
-1340.94 -5096.83
2653.39 -1091.62
-1493.82 3158.42
694.208 -246.778
956.585 -2970.31
1547.48 186.207
122.843 -534.906
-1118.79 2907.24
-2298.71 -2629.72
3536.6 36.6242
796.229 215.514
-2656.05 -435.02
1356.82 2712.18
-818.14 1948.89
2052.5 -1711.43
1379.01 2616.04
-327.526 464.196
2638.34 -4286.48
-3178.35 155.406
1136.19 1741.88
-504.858 1022.09
1113.42 -3772.84
-850.35 658.053
-60.8154 -5142.98
48.1557 3312.13
336.353 -49.8401
2193.15 -1603.16
1761.3 -2769.03
115.224 124.87
366.575 75.3204
321.161 356.958
371.275 -461.952
3210.3 -1029.18
1596.25 -774.39
-1684.39 -463.251
-751.379 -796.832
927.207 911.426
-661.396 -2769.62
-481.838 -3487.84
486.624 -1399.62
-44.1037 288.735
363.118 298.099
-4059.86 -2710.67
620.814 25.8035
-192.779 -97.4915
-1189.13 263.446
-256.55 -1009.8
-272.955 -12.3729
2457.52 -3056.16
3161.29 3249.63
2320.55 3429.85
434.997 3810.52
1267.43 1817.35
-263.77 -55.4913
-952.02 3034.03
-3529.28 -396.159
-365.811 -1706.6
373.059 -250.007
-2796.62 319.57
-1742.26 3307.94
2791.62 2086.19
1083.64 -2256.26
14.3714 1316.55
-501.105 3205.86
3093.5 -3567.37
-2112.2 -469.104
1172.48 -1473.18
4418.13 -2597.49
-3823.3 1536.07
1439.02 1842.72
486.579 -1099.52
-271.436 809.515
-1699.59 -60.073
2689.52 1887.4
888.613 161.438
-3798.1 3726.55
-170.377 -1875.4
-742.435 -1991.5
-995.365 30.3844
1866.64 -1439.99
82.3406 104.583
-179.809 3685.41
-757.126 -597.435
2024.88 4231.33
-2401.13 3858.08
-1926.98 3105.33
163.846 130.323
1024.79 734.872
-192.662 1814.25
-1734.71 -4342.09
-754.198 -2847.76
-29.0174 62.9497
-3422.39 -1552.37
-4449.78 1615.86
-510.391 751.893
2200.35 -206.48
-238.763 121.134
-43.4798 2008.19
-1818.88 -1080.53
-4399.54 1358.15
1175.53 216.299
3591.77 91.8144
-461.718 -1984.93
-2887.58 -1898.25
320.713 -382.189
2511.39 3879.51
1998.13 4801.23
-3807.01 -1475.48
3191.17 -990.224
1479.48 -3623.03
2771.17 550.831
-140.051 -49.0922
4332.56 2102.51
-239.081 -1872.39
614.776 -1124.34
-961.633 -1993.34
-1784.36 -2412.89
-3213.7 2080.78
475.561 399.065
338.123 -249.364
-666.318 2548.28
-1616.49 4514.19
268.21 1641.69
-2046.42 -852.054
420.667 -394.63
913.503 2736.69
321.457 -657.418
-4714.92 979.401
-1021.94 -749.598
-1483.17 -2269.57
1939.89 2451.75
3544.15 915.849
-1502.49 2086.41
166.114 -1831.62
2919.01 -3898.38
-1292.52 877.134
-1735.53 -348.722
-28.4293 59.4708
87.0874 -521.265
407.121 985.244
354.386 -108.905
-1058.7 331.757
2726.27 -2120.66
-1.08095 1594.69
1551.51 2124.53
-2308.01 1000.64
138.644 -3406.4
189.043 -2968.39
2697.77 -4196.18
4645.67 967.003
2202.64 1456.25
-505.77 1152.88
4815.19 -2278.32
-188.84 582.708
-1327.66 -4983.15
1576.75 3240.97
1549.18 -3772.99
-1392.43 1398.12
-768.012 1905.15
-335.503 -12.4065
-1984.87 -4038.64
1756 -1039.64
1522.51 -873.299
818.77 330.303
1202.85 43.0985
-1220.63 -1906.16
-23.1703 -233.969
504.403 -2205.59
1563.74 2481.95
899.01 2590
2614.23 680.569
-2662.83 1580
-535.968 -4950.12
1043.19 -577.714
2955.61 2436.57
-4845.58 -802.372
-1381.42 -845.641
2584.03 -92.0202
48.1837 161.451
4430.14 1232.21
-4529.18 -1295.12
2211.75 2167.84
784.849 559.844
-473.114 3534.58
923.499 182.916
2870.51 -1913.28
1219.65 3914.47
-520.584 -1547.9
-887.232 -3117.48
19.27 -365.366
-3573.35 1215.7
2016.56 402.405
778.979 2361.74
1069.56 -1032.05
5099.59 796.56
-1995.69 -3588.65
-508.035 -150.273
-574.176 -5188.94
-2378.41 3878.74
-1217.47 679.51
2957.86 2260.62
-3602.69 373.104
3865.21 -1463.36
1121.09 4773.95
594.481 1692.13
3660.92 -1193.79
-51.4647 -60.3148
2641.77 388.613
2417.51 -2564.96
1942.17 2002.32
2041.12 -4571
-4269.02 185.885
-384.876 3613.48


1183.39 -1950.8
-786.059 305.522
-2411.94 623.922
-667.859 -4059.33
-1821.59 2100.79
591.7 2516.4
140.493 644.926
1258.07 3951.38
2602.03 185.659
-4788.36 -446.425
2373.76 -879.087
3531.93 2198.06
78.0214 -29.4074
-264.454 -232.583
1041.37 -1460.81
-1549.73 3570.08
-3384.95 1612.86
380.641 1825.43
-1751.89 -4176.57
-1820.91 -1253.6
4886.75 1769.16
1113.97 -1630.5
668.955 -425.57
1551.08 -1193.4
214.433 1633.7
3014.51 -1104.87
16.2197 -568.732
3820.89 -349.17
1479.6 -2461.58
-17.8917 1907.19
783.372 3553.58
-4441.22 -2323.85
-127.75 -1543.33
680.918 675.518
-1536.96 1302.08
2177.24 -177.636
3582.1 1737.64
724.839 -2634.95
-1179.79 2236.52
40.5717 -649.758
-1224.28 1369.61
-880.373 3177.83
-3455.19 -1717.27
-126.641 -3559.8
1913.31 1806.67
-2777.67 -394.9
-288.139 2628.11
391.6 -395.316
245.891 3638.08
-514.784 122.566
-1508.17 -3644.28
-1039.9 3001.39
17.3763 -165.866
-83.2227 -878.925
789.222 1829.4
-1734.45 -4764.46
998.023 2527.41
-465.834 562.244
2773.85 -604.523
1197.19 634.525
876.15 -3275.34
-1544.97 1232.18
-1753.09 1096.83
-4833.31 -1796.07
1481.11 -556.97
2744.93 -2721.54
-2623.62 2428.94
-4637.17 -120.814
4364.92 887.973
-4.51024 -225.305
2632.93 -1590.75
-656.685 4202.41
-828.248 -1496.37
-3269.23 -3145.49
331.742 231.414
-1541.64 -1877.05
-971.133 2652.97
2029.93 3644.92
1689.49 187.637
4184.71 896.827
-1340.67 -1249.88
-2898.28 2011.57
-275.93 -1909.17
-2184.32 -1033.92
-8.65626 -573.033
3084.2 1720.48
-110.751 -563.338
-3573.25 3248.45
-197.638 -1164.3
-2963.3 17.2069
676.586 -608.103
-3620.68 190.927
1501.5 -1986.16
-1263.46 4615.77
-3813.74 3327.25
4658.74 1320.7
1629.93 2107.17
1929.9 669.363
-244.714 2278.26
1003.58 -2314.06
2865.13 -472.758
-511.95 -1062.03
1078.93 1102.5
110.102 377.693
2098.2 -524.497
1346.97 -1430.25
-1404.71 1637.82
4.20307 182.081
-279.365 114.677
-2883.76 -2801.53
2679.16 4279.87
-3638.08 3671.25
-1318.11 -2209.51
-859.575 -4327.6
1757.16 1773.24
-2583.7 214.131
2142.68 -1952.89
3354.76 -2022.29
4961.27 -1337.55
-476.095 -2371.69
-2149.1 -3307.28
-3754.55 -3722.43
3795.91 2841.97
4256.65 -2087.99
-3647.37 3024.42
3059.85 -3244.31
-2916.71 1779.65
2642.92 3284.03
2794.19 2219.88
-3500.87 -1231.65
-584.44 1736.58
-453.281 653.331
661.456 1558.84
540.563 548.751
3378.18 -1223.39
447.706 -1684.4
-2121.47 1131.91
588.645 2324.32
1401.14 -1285.83
-974.292 -631.78
3335.73 -2473.19
5174.44 1169.22
-2518.89 3674.32
-4086.67 524.24
1956.83 2753.99
-4588.27 876.065
4503.39 -2706.94
-1773.04 2031.04
52.4774 -850.852
4202.27 -2368.17
-135.789 -1115.5
-1540.62 -3903.42
-3404.2 -534.608
-1000.73 3414.89
3502.91 -1803.79
1188.58 -3814.21
648.642 -2776.26
-823.758 3781.34
-636.707 -55.6622
-1156.97 1621.35
-855.547 -506.219
-2124.71 4191.62
3242.55 -594.712
-2483.34 -2733.56
-1018.37 831.482
3771 3262.77
23.9723 -564.308
-816.005 455.93
-3146.84 334.391
2234.42 -3124.16
4011.33 632.946
2237.19 -1412.16
-4812.6 -540.844
1192.34 4336.03
-267.806 -299.826
-986.505 577.312
-767.697 -170.834
-2892.11 -3509.82
590.266 4454.63
1414.05 -257.057
51.5385 98.2033
364.487 1623.64
3897.26 2936.2
2501.23 -790.313
3664.08 246.352
90.2749 1354.4
-2990.56 3877.91
120.787 1246.05
4588.7 1386.48
-254.126 -197.328
65.4971 -198.635
278.832 -68.7455
-4894.25 -1277.06
1939.84 494.189
-1245.23 -5144.42
186.553 358.203
1989.77 -1815.37
1695.77 1452.3
5125.57 23.925
3756.41 1139.68
2085.37 1220.18
3394.12 3117.03
2275.43 1107.35
-959.512 144.761
-3937.37 1920.78
-2531.29 116.131
1797.27 7.11786
-2382.7 1664.63
-3184.56 3954.9
1757 1314.56
-778.274 -448.738
-1160.08 583.509
3408.39 -3632.53
782.137 516.574
1584.84 -1648.51
-1174.74 1742.59
-712.154 -1519.5
-224.499 557.6
2993.94 4356.68
-4366.6 -1727.61
-736.561 -4257.42
4182.67 -1118.84
3819.34 -3129.65
331.837 469.458
-3767.89 419.197
2701.8 -2871.45
426.697 1277.11
-670.876 3875.14
-420.407 3283.83
2741.27 3637.97
980.821 -2.90515
63.3211 230.956
-399.557 -1509.46
691.676 -2082.01
-3037.4 -48.1296
194.789 3137.9
-4947.94 608.914
1084.28 4909.4
648.966 -540.065
-981.648 -2548.4
1552.95 -1660
177.952 255.626
1455.18 3077.85
-261.17 -574.117
1975.72 2743.51
-295.993 -3374.93
-1256.04 -2365.14
-2172.24 -1886.94
237.95 -4504.25
-357.465 2225.43
28.3241 -749.864
-349.477 -4238.04
-996.641 699.953
-1790.33 108.056
825.119 936.229
-196.644 -3307.02
-109.36 1319.53
386.078 -1803.15
-2597.16 -2321.98
4137.55 819.17
1683.88 2798.77
1541.59 -219.894
2027.88 4046.71
-3127.74 -192.222
-545.157 -4760.72
-1247.55 1471.03
-2417.51 -1622.29
1956.34 -796.862
-3983.15 -2105.39
-178.837 -210.139
2770.01 -356.288
-239.654 3572.05
2269.57 1885.63
-1560.82 -3958.26
-2318.33 -1517.5
1746.38 -520.986
-4721.06 524.217
2544.92 -2565.42
-61.9602 -1232.39
347.211 -2050.04
-734.904 2967.15
4645.61 -1430.48
-1104.23 -265.213
-1086.03 3417.48
1320.18 -3140.1
962.493 1503.8
1897.99 588.581
-1334.37 -5098.55
2656.6 -1083.56
-1502.12 3154.54
698.746 -229.656
964.452 -2967.68
1545.9 199.188
145.961 -531.266
-1127.55 2903.88
-2291.88 -2635.74
3536.54 45.7236
791.397 232.901
-2654.45 -444.617
1348.13 2716.58
-828.689 1944.5
2058.71 -1703.93
1370.82 2620.33
-342.805 450.507
2644.32 -4282.79
-3178.66 147.231
1127.58 1747.24
-516.858 1015.35
1121.23 -3770.53
-860.451 645.319
-53.0359 -5143.1
38.66 3312.32
334.32 -21.6759
2198.62 -1595.56
1768.2 -2764.56
80.0023 147.842
362.916 102.712
302.256 369.174
389.668 -448.944
3212.75 -1021.33
1602.19 -762.634
-1681.15 -474.213
-739.502 -808.88
916.776 922.481
-651.774 -2771.95
-473.994 -3488.86
500.325 -1395.17
-73.0495 287.403
348.134 317.753
-4055.72 -2716.89
619.801 46.7454
-167.754 -127.373
-1192.51 248.688
-240.459 -1014.2
-268.951 -44.6324
2463.4 -3051.38
3155.41 3255.38
2313.62 3434.58
426.398 3811.53
1258.75 1823.32
-252.227 -86.5105
-960.65 3031.31
-3528.3 -405.4
-353.595 -1709.24
388.939 -229.921
-2797.76 309.733
-1750.04 3303.87
2786.06 2093.72
1092.15 -2252.05
0.812714 1316.42
-510.008 3204.47
3099.47 -3562.22
-2109.82 -479.462
1180.69 -1466.32
4421.94 -2591.04
-3826.07 1529.07
1430.59 1849.31
500.607 -1093.45
-288.035 803.718
-1699.22 -72.956
2684 1895.39
885.938 179.45
-3802.82 3721.72
-159.362 -1876.21
-732.826 -1994.89
-995.805 13.9784
1873.29 -1431.42
39.4377 127.64
-188.501 3685
-746.926 -609.196
2018.48 4234.37
-2407.19 3854.28
-1934.3 3100.79
136.127 157.322
1016.7 745.146
-204.471 1812.94
-1728.01 -4344.75
-745.213 -2850.11
-67.2985 -4.07413
-3419.09 -1559.55
-4452.26 1609
-525.516 742.178
2201.12 -196.51
-253.681 93.8078
-55.6732 2008.05
-1813.51 -1089.22
-4401.9 1350.59
1172.75 230.847
3591.58 100.942
-450.823 -1987.41
-2882.5 -1906.06
336.06 -365.925
2505.54 3883.25
1992.06 4803.73
-3804.18 -1482.73
3194.08 -981.06
1486.86 -3620
2769.3 560.044
-120.154 -90.2857
4329.58 2108.56
-226.998 -1873.99
627.102 -1117.43
-951.702 -1998.14
-1776.51 -2418.75
-3217.98 2074.1
461.68 413.524
349.102 -227.373
-675.121 2545.86
-1623.8 4511.59
254.994 1644.04
-2042.2 -862.194
434.398 -378.463
905.31 2739.31
339.324 -649.073
-4716.25 972.828
-1013.69 -760.008
-1474.43 -2275.36
1933.22 2456.94
3542.05 923.889
-1510.89 2080.38
177.233 -1830.41
2925.41 -3893.62
-1299.07 866.975
-1733.14 -361.645
-69.5953 -1.39668
111.272 -519.798
392.32 991.408
364.135 -82.9527
-1063.83 316.37
2731.12 -2114.32
-14.7843 1594.89
1543.18 2130.65
-2311.6 992.035
147.521 -3406.04
197.444 -2967.74
2704.01 -4192.18
4644.1 974.664
2197.13 1464.56
-520.323 1146.98
4818.38 -2271.62
-206.566 574.594
-1321.23 -4984.83
1568.95 3244.77
1556.35 -3770.02
-1399.83 1390.48
-779.476 1900.71
-339.61 -40.3885
-1978.63 -4041.66
1761.51 -1030.15
1528.17 -863.103
812.129 346.31
1201.91 56.9933
-1211.79 -1911.74
13.1451 -230.668
514.934 -2203.17
1555.29 2487.34
890.664 2592.77
2611.7 690.422
-2667.58 1571.99
-528.822 -4950.89
1050.31 -564.679
2950.41 2442.87
-4844.45 -808.976
-1374.72 -856.524
2584.31 -82.4002
5.92677 168.958
4428.09 1239.64
-4527.08 -1302.48
2205.83 2173.76
775.047 574.399
-481.884 3533.43
920.52 200.392
2875.11 -1906.31
1211.49 3917.05
-507.782 -1552.42
-878.8 -3119.85
46.5949 -362.249
-3576.32 1207.14
2014.35 412.51
769.928 2364.6
1078.51 -1022.58
5098.52 803.387
-1989.04 -3592.31
-501.088 -171.764
-567.661 -5189.64
-2385.3 3874.55
-1223.92 667.664
2952.46 2267.74
-3603.67 364.071
3867.72 -1456.59
1113.44 4775.78
582.179 1696.68
3663.51 -1185.84
3.08313 -92.2437
2640.31 398.886
2423.2 -2559.5
1935.26 2009
2047.79 -4568.02
-4269.28 178.792
-392.422 3612.61


1192.11 -1945.4
-791.351 289.502
-2414.11 614.924
-660.37 -4060.54
-1828.71 2094.56
581.059 2519.02
120.384 649.623
1250.55 3953.77
2601.31 195.723
-4787.67 -453.812
2377.14 -869.787
3527.56 2205.13
85.2978 33.1884
-249.618 -256.203
1050.69 -1453.98
-1557.2 3566.83
-3388.61 1605.18
368.371 1828.13
-1744.5 -4179.69
-1814.9 -1262.17
4884.44 1775.45
1123.09 -1624.14
680.325 -409.562
1557.55 -1184.7
203.069 1634.83
3017.46 -1096.69
38.9143 -569.218
3821.76 -340.251
1487.98 -2456.57
-28.9347 1906.91
775.501 3555.27
-4438.13 -2329.69
-113.697 -1544.81
668.891 688.41
-1543.44 1294.07
2178.37 -165.764
3578.52 1745.04
734.386 -2632.32
-1188.57 2231.84
61.3553 -648.791
-1233.89 1361.24
-888.777 3175.48
-3451.76 -1724.05
-118.621 -3560.04
1906.39 1814.01
-2776.3 -404.516
-298.219 2627.02
406.328 -379.33
237.127 3638.7
-518.776 100.641
-1500.36 -3647.54
-1047.57 2998.63
58.6412 -154.45
-66.4907 -879.92
778.845 1833.8
-1727.16 -4767.14
989.449 2530.69
-482.706 550.191
2775.67 -595.737
1190.6 646.899
884.104 -3273.16
-1552.13 1223.16
-1759.07 1087.25
-4830.96 -1802.32
1485.4 -545.171
2750.15 -2716.19
-2629.08 2422.98
-4636.97 -128.316
4363.4 895.412
31.2624 -223.354
2637.46 -1583.16
-664.686 4201.17
-818.175 -1501.61
-3263.85 -3151.08
316.56 252.844
-1533.73 -1883.49
-980.701 2649.53
2023.3 3648.58
1688.02 199.533
4183.06 904.588
-1332.49 -1258.61
-2903.46 2004.16
-264.572 -1910.74
-2180.14 -1042.38
14.4841 -575.728
3079.96 1728.08
-88.6081 -569.574
-3577.69 3243.51
-184.128 -1165.9
-2963.24 8.65833
688.543 -595.158
-3621.02 183.219
1510.13 -1979.72
-1270.31 4613.88
-3818.89 3321.4
4656.9 1327.06
1621.93 2113.38
1926.33 678.912
-255.734 2277.12
1012.27 -2310.17
2866.4 -464.31
-498.442 -1068.45
1069.78 1111.2
84.5718 385.707
2100.4 -514.833
1354.45 -1422.88
-1412.44 1631
-38.4003 177.881
-289.371 85.6919
-2878.39 -2807.02
2673.39 4283.46
-3643.51 3665.9
-1308.7 -2215.28
-851.334 -4329.28
1749.36 1781.14
-2584.64 203.57
2148.54 -1946.33
3359.3 -2014.83
4962.9 -1331.34
-465.654 -2373.81
-2141.93 -3311.98
-3749.93 -3727.04
3791.22 2848.27
4259.92 -2081.32
-3652.22 3018.57
3064.94 -3239.45
-2921.76 1771.52
2636.35 3289.37
2788.55 2227.05
-3498.07 -1239.62
-595.047 1732.81
-469.715 642.948
649.142 1564.34
527.132 563.331
3380.87 -1215.81
458.542 -1681.24
-2126.36 1122.71
578.262 2326.98
1409.52 -1276.85
-966.113 -643.708
3340.5 -2466.75
5172.81 1176.51
-2524.54 3670.39
-4087.54 517.054
1950.35 2758.49
-4589.76 868.356
4506.76 -2701.3
-1780.23 2024.7
69.2276 -849.021
4206.1 -2361.41
-120.025 -1117.63
-1532.99 -3906.45
-3402.9 -542.427
-1008.99 3412.47
3506.77 -1796.32
1195.72 -3811.94
657.101 -2774.17
-831.615 3779.61
-633.138 -74.602
-1165.29 1615.12
-847.154 -521.031
-2131.2 4188.32
3244.35 -585.257
-2477.46 -2738.84
-1026.32 821.03
3765.91 3268.7
46.5469 -564.164
-825.81 440.358
-3147.75 325.541
2241.44 -3119.17
4010.11 640.485
2242.6 -1403.62
-4811.77 -548.2
1185.47 4337.89
-248.005 -317.193
-994.55 563.859
-763.084 -187.995
-2886.11 -3514.78
583.281 4455.52
1417.09 -242.577
-5.7298 98.6372
351.336 1626.84
3892.95 2941.91
2504.31 -780.605
3663.49 253.99
76.5622 1355.18
-2996.8 3873.14
106.237 1247.43
4586.48 1393.89
-237.262 -221.283
100.462 -183.056
285.911 -38.3927
-4892.38 -1284.26
1936.98 505.564
-1238.25 -5146.12
164.349 373.214
1995.93 -1808.48
1688.83 1460.31
5125.53 30.9503
3753.96 1147.84
2080.45 1228.29
3388.86 3122.76
2271.15 1115.92
-961.254 129.112
-3941.08 1913.26
-2531.9 105.184
1797.36 19.8575
-2388.59 1656.33
-3190.56 3950.11
1750.04 1324.11
-769.426 -461.58
-1165.55 571.554
3413.27 -3627.91
772.757 530.922
1591.67 -1641.69
-1183.96 1736.34
-700.865 -1524.73
-245.941 550.789
2988.48 4360.41
-4363.96 -1734.25
-728.408 -4258.86
4184.54 -1111.75
3823.54 -3124.47
313.876 479.505
-3768.65 411.773
2707.5 -2866.06
414.572 1280.58
-678.385 3873.79
-428.919 3282.71
2734.78 3642.89
980.992 13.9171
29.7889 238.212
-387.106 -1512.68
702.048 -2078.55
-3037.16 -56.4373
185.077 3138.56
-4948.7 602.432
1077.55 4910.86
660.467 -526.253
-972.183 -2552.09
1561.04 -1652.49
151.879 270.843
1447.89 3081.22
-241.841 -584.684
1968.76 2748.49
-287.079 -3375.72
-1248 -2369.28
-2166.21 -1893.8
244.955 -4503.84
-368.753 2223.71
47.7718 -749.487
-341.615 -4238.69
-1005.65 687.507
-1790.88 96.4596
814.239 945.638
-188.374 -3307.45
-124.366 1318.6
397.578 -1800.62
-2591.72 -2327.99
4136.03 826.793
1676.75 2802.98
1543.81 -206.142
2021.46 4049.89
-3127.18 -201.689
-537.404 -4761.63
-1256.5 1463.43
-2411.99 -1630.59
1960.56 -786.484
-3979.83 -2111.61
-150.384 -226.498
2771.14 -347.031
-247.778 3571.47
2263.61 1892.77
-1552.91 -3961.43
-2312.86 -1525.92
1749.21 -510.499
-4721.9 516.715
2550.97 -2559.41
-48.4551 -1232.53
358.185 -2048.14
-743.739 2964.94
4647.85 -1423.24
-1100.81 -280.973
-1094.1 3414.9
1327.5 -3136.94
953.141 1509.41
1894.57 599.468
-1327.8 -5100.25
2659.77 -1075.49
-1510.4 3150.64
702.816 -212.38
972.311 -2965.03
1544.21 212.154
168.842 -526.765
-1136.31 2900.49
-2285.03 -2641.74
3536.46 54.8227
786.191 250.177
-2652.81 -454.209
1339.43 2720.94
-839.216 1940.05
2064.89 -1696.4
1362.61 2624.59
-357.573 436.146
2650.29 -4279.09
-3178.95 139.055
1118.94 1752.55
-528.766 1008.43
1129.04 -3768.21
-870.37 632.449
-45.2562 -5143.21
29.1641 3312.49
329.792 6.64843
2204.06 -1587.94
1775.08 -2760.07
39.6177 161.239
357.377 129.572
282.591 380.461
407.56 -435.359
3215.19 -1013.48
1608.06 -750.842
-1677.82 -485.151
-727.476 -820.766
906.236 933.427
-642.146 -2774.24
-466.148 -3489.86
513.986 -1390.61
-101.201 282.938
332.241 336.577
-4051.57 -2723.09
618.093 67.6348
-137.422 -153.205
-1195.71 233.893
-224.313 -1018.36
-261.143 -76.2602
2469.28 -3046.57
3149.53 3261.13
2306.67 3439.29
417.797 3812.52
1250.03 1829.24
-236.862 -116.216
-969.271 3028.56
-3527.3 -414.638
-341.363 -1711.8
403.664 -209.151
-2798.87 299.893
-1757.82 3299.78
2780.48 2101.24
1100.63 -2247.81
-12.7461 1316.14
-518.908 3203.05
3105.44 -3557.05
-2107.38 -489.807
1188.85 -1459.41
4425.75 -2584.58
-3828.84 1522.06
1422.12 1855.86
514.56 -1087.22
-304.512 797.578
-1698.76 -85.835
2678.46 1903.36
882.946 197.398
-3807.53 3716.88
-148.34 -1876.96
-723.196 -1998.23
-995.978 -2.4314
1879.91 -1422.82
-8.79474 133.478
-197.193 3684.57
-736.505 -620.778
2012.08 4237.39
-2413.24 3850.47
-1941.61 3096.24
103.926 179.136
1008.47 755.322
-216.271 1811.55
-1721.3 -4347.4
-736.22 -2852.44
-29.9628 -64.2493
-3415.77 -1566.73
-4454.73 1602.13
-540.455 732.201
2201.84 -186.536
-264.92 65.119
-67.8648 2007.86
-1808.08 -1097.89
-4404.24 1343.02
1169.8 245.36
3591.37 110.069
-439.915 -1989.83
-2877.41 -1913.85
350.66 -348.848
2499.68 3886.99
1986 4806.21
-3801.34 -1489.98
3196.97 -971.889
1494.24 -3616.94
2767.4 569.251
-89.1306 -123.153
4326.6 2114.6
-214.905 -1875.52
639.35 -1110.39
-941.748 -2002.89
-1768.64 -2424.58
-3222.25 2067.42
447.277 427.517
358.751 -204.516
-683.916 2543.4
-1631.12 4508.98
241.764 1646.3
-2037.93 -872.314
447.515 -361.762
897.108 2741.9
356.961 -640.288
-4717.57 966.254
-1005.3 -770.321
-1465.67 -2281.13
1926.53 2462.1
3539.94 931.924
-1519.27 2074.33
188.345 -1829.14
2931.81 -3888.86
-1305.53 856.756
-1730.67 -374.552
-26.5659 -65.1992
135.255 -517.392
377.434 997.356
371.939 -56.5569
-1068.76 300.923
2735.95 -2107.97
-28.4867 1594.98
1534.83 2136.74
-2315.15 983.414
156.397 -3405.66
205.842 -2967.07
2710.24 -4188.16
4642.51 982.323
2191.59 1472.86
-534.809 1140.92
4821.56 -2264.91
-224.048 565.8
-1314.8 -4986.51
1561.14 3248.56
1563.51 -3767.04
-1407.17 1382.79
-790.916 1896.22
-341.337 -68.0895
-1972.39 -4044.66
1766.96 -1020.64
1533.76 -852.865
805.175 362.183
1200.79 70.8795
-1202.93 -1917.27
49.1409 -221.898
525.454 -2200.7
1546.82 2492.71
882.306 2595.5
2609.13 700.266
-2672.32 1563.96
-521.675 -4951.65
1057.26 -551.556
2945.19 2449.16
-4843.32 -815.579
-1367.95 -867.354
2584.54 -72.7789
-36.712 165.734
4426.01 1247.06
-4524.97 -1309.85
2199.88 2179.66
765.017 588.784
-490.652 3532.25
917.249 217.804
2879.69 -1899.33
1203.34 3919.61
-494.95 -1556.85
-870.361 -3122.19
73.6534 -357.06
-3579.27 1198.56
2012.08 422.602
760.865 2367.42
1087.38 -1013.03
5097.43 810.212
-1982.38 -3595.96
-493.226 -192.942
-561.146 -5190.32
-2392.19 3870.34
-1230.25 655.754
2947.06 2274.85
-3604.62 355.036
3870.21 -1449.82
1105.79 4777.59
569.851 1701.15
3666.09 -1177.89
58.0642 -81.9436
2638.81 409.154
2428.87 -2554.04
1928.31 2015.66
2054.45 -4565.03
-4269.53 171.698
-399.966 3611.71


1200.81 -1939.96
-796.292 273.353
-2416.24 605.916
-652.879 -4061.72
-1835.8 2088.31
570.41 2521.61
100.163 653.715
1243.01 3956.14
2600.55 205.784
-4786.97 -461.198
2380.5 -860.472
3523.18 2212.18
52.4988 81.5198
-233.259 -278.261
1059.97 -1447.07
-1564.65 3563.56
-3392.26 1597.5
356.087 1830.76
-1737.1 -4182.81
-1808.84 -1270.71
4882.13 1781.75
1132.17 -1617.72
691.333 -393.336
1563.97 -1175.95
191.693 1635.87
3020.39 -1088.51
61.5528 -568.875
3822.61 -331.331
1496.34 -2451.52
-39.9766 1906.56
767.626 3556.95
-4435.03 -2335.53
-99.6346 -1546.17
656.665 701.097
-1549.88 1286.01
2179.46 -153.889
3574.92 1752.43
743.924 -2629.67
-1197.32 2227.12
82.0795 -647.194
-1243.46 1352.81
-897.175 3173.1
-3448.32 -1730.81
-110.601 -3560.25
1899.44 1821.32
-2774.89 -414.126
-308.295 2625.89
420.415 -362.745
228.362 3639.29
-521.814 78.53
-1492.54 -3650.78
-1055.24 2995.84
95.8824 -132.48
-49.7331 -880.576
768.443 1838.15
-1719.87 -4769.82
980.861 2533.95
-499.249 537.763
2777.47 -586.944
1183.88 659.205
892.053 -3270.95
-1559.24 1214.1
-1764.99 1077.64
-4828.61 -1808.56
1489.59 -533.336
2755.36 -2710.83
-2634.52 2417
-4636.76 -135.817
4361.86 902.848
66.2358 -215.689
2641.97 -1575.55
-672.685 4199.92
-808.059 -1506.77
-3258.47 -3156.67
300.063 273.223
-1525.79 -1889.9
-990.258 2646.06
2016.67 3652.23
1686.46 211.419
4181.38 912.345
-1324.26 -1267.28
-2908.63 1996.74
-253.204 -1912.25
-2175.92 -1050.82
37.6042 -577.609
3075.71 1735.67
-66.3401 -575.006
-3582.12 3238.56
-170.588 -1167.32
-2963.16 0.10968
700.258 -582.005
-3621.34 175.511
1518.74 -1973.24
-1277.15 4611.97
-3824.03 3315.53
4655.04 1333.41
1613.91 2119.56
1922.71 688.441
-266.748 2275.94
1020.95 -2306.25
2867.65 -455.858
-484.853 -1074.7
1060.56 1119.83
58.6617 391.988
2102.54 -505.156
1361.88 -1415.46
-1420.13 1624.14
-79.0768 164.746
-296.391 55.823
-2873.01 -2812.49
2667.61 4287.04
-3648.93 3660.55
-1299.26 -2221.01
-843.091 -4330.95
1741.53 1789.01
-2585.55 193.006
2154.37 -1939.75
3363.83 -2007.36
4964.53 -1325.14
-455.204 -2375.89
-2134.74 -3316.66
-3745.32 -3731.65
3786.53 2854.56
4263.18 -2074.64
-3657.07 3012.72
3070.02 -3234.59
-2926.78 1763.38
2629.78 3294.69
2782.9 2234.21
-3495.25 -1247.59
-605.629 1728.96
-485.901 632.225
636.793 1569.75
513.395 577.585
3383.55 -1208.22
469.355 -1677.99
-2131.21 1113.49
567.868 2329.59
1417.84 -1267.82
-957.773 -655.528
3345.26 -2460.31
5171.18 1183.8
-2530.18 3666.45
-4088.4 509.866
1943.85 2762.97
-4591.24 860.645
4510.11 -2695.65
-1787.4 2018.33
85.9481 -846.824
4209.92 -2354.65
-104.238 -1119.55
-1525.36 -3909.47
-3401.57 -550.242
-1017.24 3410.02
3510.62 -1788.85
1202.85 -3809.65
665.553 -2772.05
-839.469 3777.86
-628.913 -93.4644
-1173.56 1608.84
-838.532 -535.703
-2137.69 4185.01
3246.13 -575.797
-2471.57 -2744.1
-1034.16 810.483
3760.81 3274.62
69.0516 -563.18
-835.348 424.643
-3148.64 316.688
2248.45 -3114.17
4008.88 648.022
2247.98 -1395.05
-4810.93 -555.555
1178.59 4339.73
-227.154 -333.216
-1002.42 550.308
-758.052 -205.053
-2880.09 -3519.73
576.295 4456.4
1420.01 -228.076
-59.4123 63.5432
338.165 1629.95
3888.63 2947.61
2507.36 -770.886
3662.9 261.626
62.8414 1355.82
-3003.03 3868.36
91.6719 1248.65
4584.24 1401.29
-218.442 -243.414
132.154 -161.515
289.597 -7.58338
-4890.51 -1291.45
1934.05 516.922
-1231.26 -5147.8
141.476 386.706
2002.07 -1801.57
1681.85 1468.29
5125.48 37.9756
3751.49 1156.01
2075.49 1236.38
3383.6 3128.49
2266.83 1124.48
-962.718 113.426
-3944.79 1905.74
-2532.47 94.2361
1797.36 32.5962
-2394.45 1648.02
-3196.55 3945.3
1743.04 1333.62
-760.294 -474.252
-1170.87 559.531
3418.15 -3623.27
763.128 545.099
1598.47 -1634.83
-1193.15 1730.05
-689.538 -1529.88
-267.081 543.301
2983.01 4364.13
-4361.3 -1740.88
-720.253 -4260.28
4186.39 -1104.64
3827.74 -3119.28
295.466 488.864
-3769.39 404.347
2713.19 -2860.65
402.404 1283.9
-685.892 3872.43
-437.429 3281.56
2728.29 3647.81
980.889 30.7355
-4.3709 240.455
-374.628 -1515.79
712.403 -2075.03
-3036.89 -64.7444
175.364 3139.2
-4949.45 595.949
1070.82 4912.32
671.677 -512.209
-962.706 -2555.74
1569.09 -1644.93
124.372 283.502
1440.59 3084.57
-222.255 -594.631
1961.79 2753.45
-278.162 -3376.49
-1239.93 -2373.39
-2160.15 -1900.63
251.959 -4503.42
-380.033 2221.94
67.1894 -748.639
-333.752 -4239.32
-1014.51 674.961
-1791.35 84.8589
803.249 954.918
-180.103 -3307.86
-139.359 1317.52
409.062 -1798.02
-2586.26 -2333.99
4134.5 834.413
1669.61 2807.16
1545.92 -192.377
2015.03 4053.07
-3126.6 -211.155
-529.65 -4762.52
-1265.4 1455.78
-2406.45 -1638.88
1964.72 -776.084
-3976.49 -2117.82
-119.788 -239.625
2772.25 -337.77
-255.901 3570.86
2257.62 1899.89
-1545 -3964.58
-2307.35 -1534.32
1751.96 -499.991
-4722.72 509.213
2557.01 -2553.38
-34.9432 -1232.5
369.149 -2046.18
-752.569 2962.7
4650.08 -1416
-1097.19 -296.683
-1102.16 3412.3
1334.8 -3133.76
943.746 1514.95
1891.09 610.335
-1321.22 -5101.95
2662.92 -1067.4
-1518.68 3146.72
706.412 -194.961
980.161 -2962.35
1542.42 225.107
191.453 -521.422
-1145.05 2897.09
-2278.17 -2647.72
3536.36 63.9214
780.612 267.335
-2651.14 -463.794
1330.71 2725.28
-849.719 1935.55
2071.05 -1688.86
1354.39 2628.83
-371.802 421.127
2656.26 -4275.38
-3179.21 130.878
1110.27 1757.8
-540.58 1001.32
1136.85 -3765.86
-880.105 619.444
-37.4764 -5143.31
19.6679 3312.63
322.68 34.9189
2209.48 -1580.3
1781.95 -2755.56
-3.41388 163.779
350.032 155.778
262.201 390.771
424.934 -421.221
3217.6 -1005.62
1613.85 -739.016
-1674.4 -496.066
-715.306 -832.489
895.588 944.261
-632.51 -2776.5
-458.298 -3490.84
527.605 -1385.94
-128.296 275.513
315.489 354.532
-4047.41 -2729.29
615.693 88.4486
-102.419 -173.806
-1198.74 219.065
-208.114 -1022.28
-249.617 -106.802
2475.14 -3041.76
3143.64 3266.88
2299.72 3443.99
409.194 3813.49
1241.29 1835.12
-217.787 -144.098
-977.885 3025.8
-3526.28 -423.874
-329.113 -1714.28
417.212 -187.772
-2799.95 290.049
-1765.59 3295.68
2774.89 2108.74
1109.1 -2243.52
-26.3034 1315.71
-527.804 3201.6
3111.4 -3551.88
-2104.88 -500.14
1196.97 -1452.43
4429.54 -2578.11
-3831.59 1515.05
1413.63 1862.37
528.435 -1080.82
-320.86 791.097
-1698.2 -98.7095
2672.9 1911.32
879.637 215.275
-3812.24 3712.04
-137.313 -1877.63
-713.548 -2001.52
-995.886 -18.8405
1886.49 -1414.19
-55.8457 121.381
-205.883 3684.13
-725.867 -632.176
2005.67 4240.4
-2419.29 3846.64
-1948.91 3091.67
68.2532 194.961
1000.11 765.399
-228.062 1810.09
-1714.59 -4350.03
-727.22 -2854.74
45.041 -57.9466
-3412.44 -1573.9
-4457.19 1595.26
-555.205 721.967
2202.51 -176.558
-272.418 35.5089
-80.0542 2007.59
-1802.61 -1106.52
-4406.57 1335.45
1166.66 259.835
3591.14 119.195
-428.993 -1992.18
-2872.29 -1921.64
364.471 -330.986
2493.82 3890.72
1979.93 4808.69
-3798.48 -1497.22
3199.84 -962.712
1501.61 -3613.88
2765.47 578.451
-50.1426 -145.054
4323.61 2120.64
-202.805 -1876.98
651.518 -1103.2
-931.771 -2007.59
-1760.75 -2430.39
-3226.51 2060.73
432.365 441.023
366.994 -180.858
-692.7 2540.91
-1638.42 4506.36
228.52 1648.47
-2033.61 -882.414
459.998 -344.548
888.896 2744.46
374.355 -631.069
-4718.87 959.677
-996.787 -780.533
-1456.9 -2286.87
1919.82 2467.25
3537.8 939.955
-1527.62 2068.24
199.45 -1827.78
2938.2 -3884.09
-1311.9 846.479
-1728.12 -387.44
41.6916 -59.0526
158.999 -514.069
362.465 1003.09
377.803 -29.8655
-1073.48 285.417
2740.76 -2101.61
-42.1873 1594.97
1526.47 2142.8
-2318.66 974.777
165.272 -3405.26
214.239 -2966.37
2716.47 -4184.14
4640.91 989.98
2186.02 1481.13
-549.224 1134.72
4824.73 -2258.2
-241.262 556.33
-1308.37 -4988.18
1553.32 3252.32
1570.66 -3764.05
-1414.47 1375.05
-802.332 1891.67
-340.8 -95.3401
-1966.15 -4047.66
1772.36 -1011.09
1539.27 -842.585
797.91 377.917
1199.49 84.7551
-1194.05 -1922.77
83.9025 -207.591
535.962 -2198.19
1538.33 2498.05
873.938 2598.2
2606.53 710.101
-2677.03 1555.93
-514.527 -4952.4
1064.05 -538.348
2939.95 2455.43
-4842.17 -822.179
-1361.08 -878.13
2584.74 -63.1565
-77.055 152.118
4423.93 1254.48
-4522.85 -1317.2
2193.92 2185.55
754.762 602.997
-499.417 3531.05
913.689 235.148
2884.25 -1892.34
1195.17 3922.16
-482.089 -1561.19
-861.916 -3124.52
100.288 -349.819
-3582.21 1189.98
2009.75 432.682
751.789 2370.2
1096.16 -1003.4
5096.33 817.036
-1975.71 -3599.6
-484.462 -213.767
-554.629 -5191
-2399.07 3866.12
-1236.46 643.781
2941.63 2281.95
-3605.56 345.999
3872.69 -1443.04
1098.14 4779.39
557.498 1705.55
3668.66 -1169.92
93.4595 -43.0106
2637.28 419.416
2434.53 -2548.56
1921.35 2022.3
2061.12 -4562.04
-4269.76 164.604
-407.508 3610.79


1209.48 -1934.47
-800.878 257.083
-2418.33 596.897
-645.385 -4062.89
-1842.87 2082.04
559.752 2524.16
79.8498 657.202
1235.48 3958.5
2599.75 215.842
-4786.26 -468.582
2383.81 -851.144
3518.78 2219.23
-0.909463 98.7345
-215.541 -298.7
1069.2 -1440.1
-1572.1 3560.28
-3395.89 1589.82
343.789 1833.31
-1729.7 -4185.91
-1802.74 -1279.22
4879.81 1788.04
1141.22 -1611.25
701.976 -376.902
1570.34 -1167.17
180.305 1636.81
3023.3 -1080.32
84.1031 -567.711
3823.45 -322.409
1504.69 -2446.45
-51.017 1906.14
759.747 3558.6
-4431.91 -2341.36
-85.5657 -1547.43
644.242 713.574
-1556.26 1277.91
2180.48 -142.009
3571.3 1759.82
753.452 -2626.98
-1206.06 2222.37
102.724 -644.972
-1252.96 1344.32
-905.567 3170.71
-3444.87 -1737.57
-102.579 -3560.44
1892.46 1828.61
-2773.46 -423.732
-318.367 2624.72
433.839 -345.588
219.595 3639.87
-523.889 56.2742
-1484.71 -3654
-1062.89 2993.03
126.34 -101.165
-32.9563 -880.892
758.016 1842.43
-1712.58 -4772.48
972.262 2537.17
-515.454 524.972
2779.24 -578.145
1177.04 671.441
899.995 -3268.72
-1566.29 1205
-1770.87 1067.99
-4826.25 -1814.79
1493.68 -521.465
2760.56 -2705.45
-2639.95 2411.01
-4636.54 -143.317
4360.31 910.282
99.5173 -202.514
2646.46 -1567.93
-680.682 4198.66
-797.902 -1511.85
-3253.08 -3162.25
282.325 292.474
-1517.83 -1896.28
-999.804 2642.56
2010.04 3655.86
1684.81 223.294
4179.7 920.1
-1315.97 -1275.9
-2913.78 1989.3
-241.827 -1913.68
-2171.66 -1059.24
60.6721 -578.685
3071.43 1743.26
-43.9797 -579.638
-3586.54 3233.6
-157.021 -1168.55
-2963.05 -8.43898
711.727 -568.647
-3621.64 167.801
1527.33 -1966.73
-1283.99 4610.06
-3829.16 3309.67
4653.18 1339.77
1605.86 2125.71
1919.03 697.948
-277.757 2274.71
1029.61 -2302.29
2868.86 -447.402
-471.187 -1080.77
1051.27 1128.38
32.4906 396.527
2104.63 -495.465
1369.26 -1407.99
-1427.78 1617.23
-115.84 143.442
-300.348 25.3772
-2867.62 -2817.95
2661.83 4290.61
-3654.35 3655.19
-1289.81 -2226.71
-834.845 -4332.6
1733.67 1796.85
-2586.41 182.439
2160.18 -1933.15
3368.34 -1999.89
4966.14 -1318.93
-444.746 -2377.93
-2127.54 -3321.33
-3740.69 -3736.25
3781.82 2860.84
4266.43 -2067.96
-3661.91 3006.86
3075.09 -3229.71
-2931.79 1755.23
2623.19 3300
2777.22 2241.35
-3492.4 -1255.55
-616.185 1725.04
-501.833 621.171
624.409 1575.08
499.361 591.505
3386.21 -1200.62
480.145 -1674.67
-2136.02 1104.24
557.464 2332.16
1426.11 -1258.74
-949.271 -667.238
3350.01 -2453.85
5169.53 1191.08
-2535.81 3662.5
-4089.23 502.676
1937.34 2767.43
-4592.7 852.933
4513.46 -2689.99
-1794.55 2011.94
102.631 -844.263
4213.73 -2347.89
-88.4317 -1121.26
-1517.72 -3912.47
-3400.23 -558.053
-1025.49 3407.56
3514.46 -1781.36
1209.98 -3807.34
673.998 -2769.89
-847.318 3776.1
-624.03 -112.229
-1181.8 1602.51
-829.686 -550.231
-2144.17 4181.68
3247.88 -566.333
-2465.67 -2749.35
-1041.87 799.843
3755.71 3280.53
91.4534 -561.363
-844.617 408.792
-3149.5 307.832
2255.45 -3109.14
4007.62 655.556
2253.32 -1386.46
-4810.09 -562.908
1171.71 4341.56
-205.346 -347.836
-1010.11 536.66
-752.602 -221.998
-2874.07 -3524.67
569.307 4457.26
1422.8 -213.555
-79.3287 -4.17237
324.975 1632.96
3884.29 2953.3
2510.37 -761.156
3662.28 269.262
49.114 1356.32
-3009.25 3863.57
77.0947 1249.7
4582 1408.69
-197.865 -263.588
159.534 -134.704
289.891 23.3155
-4888.62 -1298.64
1931.07 528.264
-1224.28 -5149.48
118.043 398.67
2008.18 -1794.63
1674.84 1476.23
5125.42 45.0008
3749 1164.16
2070.5 1244.44
3378.34 3134.21
2262.48 1133.02
-963.902 97.7063
-3948.48 1898.2
-2533 83.2865
1797.28 45.3335
-2400.29 1639.68
-3202.53 3940.49
1736 1343.1
-750.883 -486.75
-1176.06 547.441
3423.03 -3618.63
753.255 559.101
1605.23 -1627.93
-1202.31 1723.7
-678.172 -1534.94
-287.897 535.154
2977.53 4367.84
-4358.63 -1747.51
-712.096 -4261.7
4188.23 -1097.54
3831.93 -3114.08
276.626 497.514
-3770.11 396.92
2718.86 -2855.23
390.191 1287.09
-693.395 3871.06
-445.935 3280.38
2721.78 3652.72
980.511 47.5452
-38.4398 237.668
-362.124 -1518.8
722.74 -2071.47
-3036.59 -73.051
165.649 3139.81
-4950.19 589.464
1064.08 4913.77
682.591 -497.939
-953.217 -2559.36
1577.11 -1637.35
95.6804 293.459
1433.27 3087.9
-202.436 -603.953
1954.8 2758.39
-269.244 -3377.23
-1231.85 -2377.47
-2154.08 -1907.44
258.962 -4502.98
-391.305 2220.13
86.5647 -747.32
-325.888 -4239.94
-1023.22 662.317
-1791.75 73.2543
792.151 964.07
-171.83 -3308.24
-154.337 1316.29
420.529 -1795.34
-2580.78 -2339.97
4132.95 842.03
1662.46 2811.33
1547.92 -178.598
2008.6 4056.23
-3126 -220.619
-521.894 -4763.41
-1274.26 1448.07
-2400.89 -1647.15
1968.83 -765.662
-3973.14 -2124.02
-87.406 -249.17
2773.32 -328.505
-264.023 3570.24
2251.62 1906.99
-1537.09 -3967.71
-2301.82 -1542.7
1754.64 -489.461
-4723.54 501.709
2563.04 -2547.34
-21.4264 -1232.3
380.102 -2044.16
-761.391 2960.43
4652.3 -1408.75
-1093.38 -312.339
-1110.22 3409.69
1342.1 -3130.56
934.308 1520.43
1887.55 621.182
-1314.65 -5103.64
2666.03 -1059.31
-1526.95 3142.78
709.529 -177.409
988.004 -2959.64
1540.52 238.043
213.762 -515.255
-1153.79 2893.66
-2271.3 -2653.69
3536.24 73.0199
774.665 284.366
-2649.44 -473.373
1321.98 2729.6
-860.199 1931
2077.18 -1681.29
1346.16 2633.04
-385.463 405.466
2662.22 -4271.66
-3179.44 122.7
1101.57 1763.01
-552.297 994.04
1144.65 -3763.5
-889.654 606.309
-29.6966 -5143.41
10.1717 3312.75
312.911 62.8997
2214.87 -1572.64
1788.8 -2751.03
-46.1833 154.817
340.96 181.216
241.123 400.056
441.774 -406.553
3219.99 -997.757
1619.57 -727.155
-1670.91 -506.957
-702.992 -844.046
884.833 954.983
-622.867 -2778.73
-450.446 -3491.8
541.182 -1381.16
-154.097 265.305
297.931 371.581
-4043.24 -2735.49
612.605 109.164
-63.7119 -188.094
-1201.6 204.205
-191.866 -1025.97
-234.515 -135.813
2481 -3036.93
3137.75 3272.61
2292.76 3448.67
400.589 3814.44
1232.51 1840.95
-195.193 -169.648
-986.491 3023.01
-3525.23 -433.107
-316.847 -1716.67
429.567 -165.855
-2801 280.202
-1773.35 3291.56
2769.28 2116.23
1117.55 -2239.2
-39.8576 1315.13
-536.697 3200.13
3117.35 -3546.7
-2102.33 -510.46
1205.05 -1445.4
4433.33 -2571.64
-3834.32 1508.03
1405.11 1868.85
542.23 -1074.26
-337.07 784.279
-1697.56 -111.579
2667.32 1919.26
876.015 233.075
-3816.94 3707.19
-126.281 -1878.22
-703.879 -2004.75
-995.527 -35.2446
1893.03 -1405.53
-95.3574 92.9173
-214.572 3683.67
-715.013 -643.387
1999.26 4243.41
-2425.33 3842.81
-1956.19 3087.09
30.2823 204.217
991.62 775.375
-239.843 1808.55
-1707.88 -4352.66
-718.212 -2857
72.7414 3.57394
-3409.09 -1581.07
-4459.64 1588.39
-569.76 711.48
2203.12 -166.575
-276.153 5.40682
-92.241 2007.27
-1797.09 -1115.13
-4408.89 1327.87
1163.34 274.27
3590.89 128.321
-418.057 -1994.48
-2867.16 -1929.41
377.449 -312.368
2487.95 3894.43
1973.85 4811.16
-3795.6 -1504.45
3202.69 -953.528
1508.98 -3610.8
2763.51 587.645
-6.80102 -154.414
4320.6 2126.67
-190.696 -1878.36
663.605 -1095.88
-921.772 -2012.25
-1752.85 -2436.18
-3230.75 2054.02
416.96 454.026
373.757 -156.471
-701.474 2538.38
-1645.73 4503.73
215.263 1650.54
-2029.24 -892.492
471.826 -326.844
880.675 2747
391.496 -621.423
-4720.17 953.098
-988.144 -790.645
-1448.1 -2292.58
1913.1 2472.37
3535.65 947.98
-1535.95 2062.12
210.546 -1826.35
2944.58 -3879.31
-1318.18 836.143
-1725.49 -400.311
74.9671 6.31085
182.466 -509.851
347.418 1008.6
381.74 -3.02126
-1078 269.857
2745.55 -2095.23
-55.8852 1594.86
1518.08 2148.84
-2322.14 966.124
174.146 -3404.84
222.634 -2965.64
2722.7 -4180.11
4639.3 997.635
2180.42 1489.39
-563.568 1128.37
4827.9 -2251.49
-258.185 546.188
-1301.93 -4989.84
1545.49 3256.07
1577.81 -3761.04
-1421.72 1367.27
-813.725 1887.07
-338.113 -121.991
-1959.89 -4050.64
1777.71 -1001.52
1544.7 -832.265
790.338 393.505
1198 98.6178
-1185.13 -1928.21
116.463 -187.857
546.458 -2195.62
1529.83 2503.37
865.558 2600.87
2603.89 719.927
-2681.71 1547.88
-507.378 -4953.13
1070.68 -525.056
2934.7 2461.7
-4841.01 -828.778
-1354.14 -888.853
2584.89 -53.5332
-112.641 129.098
4421.84 1261.9
-4520.72 -1324.56
2187.94 2191.41
744.285 617.033
-508.179 3529.84
909.84 252.417
2888.8 -1885.34
1187.01 3924.69
-469.198 -1565.44
-853.465 -3126.82
126.343 -340.556
-3585.13 1181.4
2007.35 442.749
742.7 2372.94
1104.86 -993.695
5095.22 823.858
-1969.04 -3603.23
-474.814 -234.202
-548.111 -5191.67
-2405.95 3861.89
-1242.56 631.745
2936.2 2289.03
-3606.48 336.96
3875.16 -1436.25
1090.48 4781.18
545.119 1709.86
3671.21 -1161.96
99.0445 9.59329
2635.71 429.672
2440.18 -2543.06
1914.36 2028.91
2067.77 -4559.03
-4269.98 157.509
-415.047 3609.86


1218.13 -1928.95
-805.106 240.698
-2420.37 587.868
-637.889 -4064.05
-1849.92 2075.74
549.085 2526.67
59.4623 660.081
1227.94 3960.85
2598.92 225.897
-4785.54 -475.966
2387.08 -841.803
3514.37 2226.28
-53.9673 80.1418
-196.621 -317.475
1078.38 -1433.06
-1579.55 3556.98
-3399.51 1582.12
331.476 1835.79
-1722.29 -4189
-1796.6 -1287.69
4877.48 1794.33
1150.22 -1604.72
712.25 -360.27
1576.65 -1158.34
168.908 1637.66
3026.18 -1072.12
106.534 -565.735
3824.26 -313.485
1513.02 -2441.36
-62.0555 1905.65
751.864 3560.24
-4428.8 -2347.18
-71.4908 -1548.57
631.628 725.839
-1562.59 1269.77
2181.46 -130.126
3567.67 1767.2
762.971 -2624.26
-1214.78 2217.58
123.27 -642.129
-1262.42 1335.78
-913.952 3168.28
-3441.39 -1744.32
-94.5575 -3560.61
1885.46 1835.87
-2771.99 -433.333
-328.434 2623.52
446.574 -327.882
210.828 3640.42
-524.991 33.914
-1476.87 -3657.21
-1070.54 2990.19
147.569 -62.4833
-16.1667 -880.866
747.563 1846.66
-1705.29 -4775.14
963.649 2540.36
-531.314 511.829
2780.97 -569.338
1170.08 683.606
907.932 -3266.47
-1573.3 1195.85
-1776.69 1058.32
-4823.87 -1821.02
1497.68 -509.56
2765.75 -2700.06
-2645.37 2405.01
-4636.3 -150.817
4358.76 917.713
130.257 -184.166
2650.92 -1560.29
-688.676 4197.38
-787.702 -1516.85
-3247.67 -3167.82
263.427 310.522
-1509.83 -1902.62
-1009.34 2639.03
2003.39 3659.48
1683.07 235.156
4178 927.851
-1307.63 -1284.46
-2918.92 1981.85
-230.442 -1915.05
-2167.36 -1067.64
83.6571 -578.968
3067.14 1750.83
-21.5588 -583.473
-3590.96 3228.63
-143.428 -1169.6
-2962.91 -16.9876
722.947 -555.09
-3621.91 160.09
1535.88 -1960.18
-1290.83 4608.13
-3834.29 3303.79
4651.3 1346.12
1597.79 2131.84
1915.28 707.434
-288.759 2273.43
1038.26 -2298.29
2870.05 -438.94
-457.445 -1086.67
1041.9 1136.85
6.17663 399.324
2106.67 -485.762
1376.6 -1400.48
-1435.39 1610.29
-147.029 115.215
-301.196 -5.33129
-2862.21 -2823.4
2656.04 4294.17
-3659.76 3649.82
-1280.33 -2232.38
-826.597 -4334.25
1725.78 1804.66
-2587.24 171.87
2165.97 -1926.53
3372.84 -1992.4
4967.75 -1312.73
-434.279 -2379.92
-2120.34 -3325.99
-3736.06 -3740.85
3777.1 2867.12
4269.67 -2061.27
-3666.73 3000.99
3080.16 -3224.83
-2936.78 1747.07
2616.6 3305.29
2771.54 2248.49
-3489.55 -1263.51
-626.714 1721.05
-517.502 609.792
611.992 1580.33
485.041 605.086
3388.85 -1193.02
490.911 -1671.25
-2140.79 1094.98
547.049 2334.69
1434.33 -1249.61
-940.609 -678.836
3354.75 -2447.39
5167.88 1198.37
-2541.44 3658.53
-4090.06 495.484
1930.82 2771.87
-4594.16 845.218
4516.8 -2684.33
-1801.67 2005.52
119.271 -841.338
4217.53 -2341.12
-72.6092 -1122.76
-1510.07 -3915.46
-3398.86 -565.862
-1033.73 3405.08
3518.28 -1773.87
1217.11 -3805.02
682.435 -2767.71
-855.164 3774.32
-618.489 -130.875
-1190 1596.13
-820.618 -564.612
-2150.64 4178.34
3249.61 -556.864
-2459.75 -2754.59
-1049.46 789.11
3750.59 3286.44
113.72 -558.721
-853.617 392.809
-3150.34 298.974
2262.44 -3104.11
4006.36 663.088
2258.64 -1377.86
-4809.23 -570.261
1164.83 4343.38
-182.677 -360.998
-1017.63 522.917
-746.739 -238.82
-2868.05 -3529.6
562.317 4458.11
1425.47 -199.015
-43.0343 -67.6149
311.767 1635.89
3879.95 2958.99
2513.35 -751.415
3661.64 276.895
35.3815 1356.68
-3015.47 3858.77
62.5072 1250.58
4579.75 1416.09
-175.733 -281.693
181.717 -103.504
286.831 53.9453
-4886.72 -1305.82
1928.02 539.589
-1217.29 -5151.15
94.1571 409.104
2014.26 -1787.67
1667.78 1484.13
5125.35 52.0259
3746.5 1172.31
2065.46 1252.48
3373.06 3139.92
2258.09 1141.54
-964.805 81.9585
-3952.15 1890.67
-2533.49 72.3357
1797.13 58.0687
-2406.1 1631.33
-3208.5 3935.67
1728.91 1352.54
-741.194 -499.068
-1181.1 535.284
3427.89 -3613.99
743.14 572.923
1611.95 -1621
-1211.43 1717.31
-666.77 -1539.92
-308.368 526.364
2972.06 4371.54
-4355.94 -1754.14
-703.936 -4263.1
4190.06 -1090.43
3836.11 -3108.87
257.382 505.435
-3770.81 389.49
2724.53 -2849.79
377.937 1290.14
-700.896 3869.67
-454.438 3279.19
2715.28 3657.62
979.859 64.3417
-71.7074 229.925
-349.596 -1521.7
733.059 -2067.85
-3036.27 -81.3569
155.934 3140.39
-4950.91 582.978
1057.35 4915.2
693.204 -483.45
-943.716 -2562.95
1585.09 -1629.72
66.0688 300.594
1425.95 3091.21
-182.406 -612.648
1947.8 2763.31
-260.324 -3377.96
-1223.75 -2381.51
-2147.98 -1914.23
265.965 -4502.54
-402.567 2218.26
105.886 -745.533
-318.023 -4240.54
-1031.79 649.577
-1792.06 61.6464
780.945 973.092
-163.557 -3308.59
-169.296 1314.92
431.979 -1792.59
-2575.29 -2345.93
4131.39 849.644
1655.3 2815.47
1549.82 -164.806
2002.17 4059.38
-3125.37 -230.081
-514.137 -4764.29
-1283.07 1440.31
-2395.3 -1655.4
1972.89 -755.22
-3969.78 -2130.22
-53.6623 -254.821
2774.35 -319.236
-272.143 3569.59
2245.59 1914.07
-1529.17 -3970.84
-2296.27 -1551.07
1757.24 -478.909
-4724.34 494.204
2569.05 -2541.29
-7.90655 -1231.92
391.044 -2042.09
-770.206 2958.14
4654.51 -1401.5
-1089.38 -327.94
-1118.27 3407.06
1349.38 -3127.34
924.827 1525.83
1883.94 632.008
-1308.07 -5105.31
2669.12 -1051.2
-1535.21 3138.82
712.161 -159.737
995.838 -2956.92
1538.52 250.963
235.738 -508.285
-1162.51 2890.2
-2264.41 -2659.64
3536.1 82.1179
768.35 301.263
-2647.7 -482.946
1313.24 2733.89
-870.655 1926.39
2083.28 -1673.69
1337.91 2637.23
-398.529 389.179
2668.17 -4267.94
-3179.65 114.521
1092.84 1768.17
-563.916 986.58
1152.45 -3761.13
-899.015 593.046
-21.9167 -5143.49
0.675321 3312.84
300.429 90.3328
2220.22 -1564.96
1795.65 -2746.48
-85.5409 134.501
330.245 205.782
219.398 408.267
458.063 -391.379
3222.35 -989.885
1625.21 -715.26
-1667.33 -517.823
-690.539 -855.435
873.973 965.591
-613.217 -2780.93
-442.591 -3492.74
554.715 -1376.27
-178.389 252.495
279.62 387.69
-4039.06 -2741.68
608.833 129.757
-22.5872 -195.21
-1204.28 189.315
-175.575 -1029.42
-216.034 -162.866
2486.84 -3032.09
3131.84 3278.33
2285.79 3453.34
391.983 3815.38
1223.71 1846.75
-169.346 -192.367
-995.089 3020.19
-3524.17 -442.338
-304.566 -1718.98
440.717 -143.473
-2802.01 270.351
-1781.1 3287.43
2763.66 2123.71
1125.98 -2234.84
-53.4073 1314.39
-545.585 3198.64
3123.3 -3541.52
-2099.73 -520.767
1213.07 -1438.32
4437.11 -2565.17
-3837.05 1501.01
1396.56 1875.29
555.944 -1067.53
-353.136 777.126
-1696.83 -124.442
2661.72 1927.19
872.082 250.792
-3821.63 3702.33
-115.243 -1878.74
-694.192 -2007.93
-994.902 -51.6392
1899.54 -1396.84
-121.851 51.7925
-223.26 3683.18
-703.946 -654.406
1992.84 4246.4
-2431.36 3838.96
-1963.47 3082.49
-8.71109 206.582
982.999 785.25
-251.614 1806.93
-1701.16 -4355.27
-709.198 -2859.24
36.6425 65.8306
-3405.72 -1588.22
-4462.08 1581.51
-584.115 700.744
2203.68 -156.588
-276.135 -24.7697
-104.425 2006.88
-1791.52 -1123.7
-4411.2 1320.29
1159.84 288.662
3590.63 137.446
-407.109 -1996.71
-2862.01 -1937.18
389.552 -293.026
2482.08 3898.14
1967.77 4813.62
-3792.72 -1511.68
3205.51 -944.337
1516.34 -3607.7
2761.51 596.831
37.1271 -150.714
4317.59 2132.7
-178.581 -1879.68
675.609 -1088.42
-911.75 -2016.85
-1744.93 -2441.95
-3234.98 2047.31
401.075 466.507
378.968 -131.435
-710.239 2535.81
-1653.03 4501.08
201.994 1652.53
-2024.82 -902.549
482.98 -308.672
872.444 2749.5
408.374 -611.358
-4721.45 946.517
-979.373 -800.654
-1439.29 -2298.25
1906.36 2477.47
3533.48 956.001
-1544.26 2055.97
221.633 -1824.84
2950.95 -3874.52
-1324.37 825.75
-1722.78 -413.163
36.1572 62.3361
205.622 -504.763
332.296 1013.9
383.772 23.8386
-1082.31 254.245
2750.33 -2088.85
-69.5795 1594.65
1509.66 2154.84
-2325.58 957.456
183.019 -3404.39
231.026 -2964.89
2728.92 -4176.07
4637.68 1005.29
2174.79 1497.62
-577.837 1121.87
4831.05 -2244.78
-274.792 535.378
-1295.5 -4991.49
1537.66 3259.81
1584.95 -3758.02
-1428.92 1359.45
-825.093 1882.4
-333.395 -147.91
-1953.63 -4053.61
1783 -991.908
1550.07 -821.905
782.462 408.942
1196.34 112.466
-1176.19 -1933.62
145.846 -163.01
556.941 -2193
1521.31 2508.66
857.168 2603.51
2601.22 729.744
-2686.38 1539.82
-500.228 -4953.86
1077.13 -511.683
2929.44 2467.95
-4839.85 -835.375
-1347.11 -899.521
2585.01 -43.9091
-141.374 98.2128
4419.73 1269.31
-4518.58 -1331.91
2181.94 2197.25
733.591 630.888
-516.938 3528.6
905.706 269.607
2893.33 -1878.32
1178.84 3927.21
-456.28 -1569.59
-845.007 -3129.09
151.663 -329.312
-3588.03 1172.81
2004.9 452.802
733.599 2375.64
1113.46 -983.907
5094.11 830.679
-1962.35 -3606.84
-464.297 -254.208
-541.593 -5192.33
-2412.82 3857.65
-1248.53 619.648
2930.74 2296.11
-3607.38 327.919
3877.62 -1429.46
1082.82 4782.97
532.716 1714.11
3673.74 -1153.98
69.4248 58.0779
2634.11 439.922
2445.81 -2537.55
1907.35 2035.5
2074.43 -4556.02
-4270.18 150.414
-422.585 3608.9


1226.75 -1923.38
-808.975 224.205
-2422.38 578.83
-630.39 -4065.19
-1856.95 2069.41
538.41 2529.14
39.02 662.351
1220.39 3963.18
2598.04 235.948
-4784.8 -483.348
2390.32 -832.447
3509.95 2233.31
-85.57 30.6403
-176.65 -334.556
1087.51 -1425.96
-1586.98 3553.67
-3403.1 1574.42
319.151 1838.2
-1714.88 -4192.08
-1790.42 -1296.14
4875.15 1800.61
1159.19 -1598.14
722.151 -343.449
1582.91 -1149.48
157.5 1638.41
3029.04 -1063.91
128.814 -562.958
3825.06 -304.561
1521.34 -2436.23
-73.0916 1905.09
743.976 3561.86
-4425.67 -2353
-57.4109 -1549.61
618.826 737.889
-1568.88 1261.59
2182.38 -118.24
3564.03 1774.57
772.48 -2621.5
-1223.48 2212.75
143.698 -638.669
-1271.83 1327.18
-922.33 3165.84
-3437.91 -1751.06
-86.5352 -3560.77
1878.42 1843.1
-2770.49 -442.929
-338.496 2622.28
458.598 -309.654
202.059 3640.96
-525.115 11.4906
-1469.03 -3660.41
-1078.18 2987.34
157.68 -19.1123
0.629206 -880.499
737.086 1850.82
-1697.99 -4777.78
955.024 2543.52
-546.82 498.345
2782.68 -560.526
1162.99 695.7
915.863 -3264.2
-1580.25 1186.67
-1782.45 1048.61
-4821.49 -1827.25
1501.58 -497.622
2770.92 -2694.66
-2650.77 2398.99
-4636.06 -158.317
4357.18 925.142
157.666 -161.109
2655.36 -1552.64
-696.669 4196.09
-777.462 -1521.78
-3242.26 -3173.38
243.452 327.3
-1501.81 -1908.92
-1018.86 2635.47
1996.74 3663.08
1681.24 247.006
4176.28 935.6
-1299.23 -1292.97
-2924.03 1974.39
-219.048 -1916.34
-2163.02 -1076.03
106.53 -578.471
3062.83 1758.39
0.891479 -586.517
-3595.37 3223.66
-129.813 -1170.45
-2962.74 -25.536
733.914 -541.339
-3622.17 152.379
1544.42 -1953.61
-1297.67 4606.2
-3839.41 3297.91
4649.41 1352.46
1589.7 2137.93
1911.49 716.899
-299.755 2272.1
1046.88 -2294.25
2871.2 -430.474
-443.63 -1092.4
1032.45 1145.23
-20.1644 400.387
2108.65 -476.047
1383.89 -1392.91
-1442.97 1603.3
-171.425 81.6463
-298.919 -35.9844
-2856.79 -2828.84
2650.25 4297.72
-3665.16 3644.45
-1270.84 -2238.01
-818.346 -4335.87
1717.86 1812.44
-2588.03 161.298
2171.73 -1919.89
3377.32 -1984.91
4969.34 -1306.51
-423.805 -2381.86
-2113.13 -3330.63
-3731.43 -3745.43
3772.38 2873.39
4272.89 -2054.58
-3671.55 2995.12
3085.21 -3219.93
-2941.74 1738.9
2609.99 3310.58
2765.83 2255.6
-3486.67 -1271.46
-637.218 1716.99
-532.902 598.095
599.543 1585.49
470.443 618.321
3391.47 -1185.41
501.653 -1667.76
-2145.52 1085.69
536.624 2337.17
1442.49 -1240.43
-931.789 -690.319
3359.48 -2440.91
5166.22 1205.65
-2547.06 3654.56
-4090.87 488.29
1924.29 2776.3
-4595.61 837.5
4520.14 -2678.66
-1808.77 1999.07
135.858 -838.049
4221.32 -2334.34
-56.7733 -1124.06
-1502.42 -3918.44
-3397.47 -573.666
-1041.96 3402.58
3522.08 -1766.37
1224.23 -3802.69
690.864 -2765.5
-863.007 3772.52
-612.29 -149.382
-1198.16 1589.69
-811.33 -578.843
-2157.11 4175
3251.32 -547.392
-2453.82 -2759.81
-1056.93 778.286
3745.47 3292.34
135.821 -555.266
-862.343 376.702
-3151.15 290.114
2269.43 -3099.06
4005.07 670.617
2263.92 -1369.23
-4808.36 -577.611
1157.94 4345.19
-159.245 -372.653
-1024.97 509.083
-740.462 -255.511
-2862.01 -3534.52
555.326 4458.94
1428.01 -184.458
24.4314 -85.2531
298.541 1638.72
3875.61 2964.67
2516.29 -741.663
3660.98 284.527
21.6452 1356.89
-3021.68 3853.96
47.9114 1251.3
4577.49 1423.49
-152.252 -297.636
198.01 -68.9472
280.489 83.9583
-4884.82 -1313
1924.91 550.896
-1210.29 -5152.81
69.9198 418.016
2020.31 -1780.69
1660.69 1492.01
5125.27 59.0509
3743.99 1180.46
2060.39 1260.5
3367.77 3145.62
2253.67 1150.05
-965.428 66.1868
-3955.82 1883.12
-2533.93 61.3837
1796.89 70.8014
-2411.89 1622.97
-3214.47 3930.84
1721.78 1361.96
-731.23 -511.2
-1186 523.064
3432.75 -3609.33
732.787 586.563
1618.64 -1614.03
-1220.52 1710.86
-655.33 -1544.81
-328.473 516.95
2966.57 4375.24
-4353.25 -1760.76
-695.774 -4264.48
4191.87 -1083.32
3840.29 -3103.66
237.756 512.608
-3771.5 382.059
2730.18 -2844.35
365.642 1293.06
-708.394 3868.26
-462.938 3277.97
2708.76 3662.51
978.934 81.1202
-103.482 217.394
-337.043 -1524.51
743.36 -2064.18
-3035.91 -89.662
146.216 3140.95
-4951.63 576.491
1050.61 4916.63
703.512 -468.748
-934.203 -2566.51
1593.04 -1622.06
35.8164 304.811
1418.62 3094.5
-162.189 -620.712
1940.79 2768.21
-251.402 -3378.66
-1215.63 -2385.52
-2141.85 -1921
272.967 -4502.08
-413.821 2216.34
125.141 -743.28
-310.157 -4241.13
-1040.21 636.743
-1792.28 50.0357
769.634 981.982
-155.282 -3308.93
-184.237 1313.4
443.411 -1789.76
-2569.78 -2351.89
4129.81 857.255
1648.12 2819.59
1551.61 -151.003
1995.72 4062.52
-3124.71 -239.541
-506.379 -4765.15
-1291.84 1432.5
-2389.69 -1663.63
1976.89 -744.756
-3966.4 -2136.41
-19.0471 -256.314
2775.36 -309.964
-280.261 3568.93
2239.54 1921.14
-1521.24 -3973.94
-2290.68 -1559.41
1759.77 -468.338
-4725.13 486.698
2575.05 -2535.22
5.61436 -1231.37
401.975 -2039.95
-779.014 2955.81
4656.71 -1394.25
-1085.17 -343.482
-1126.31 3404.4
1356.66 -3124.1
915.304 1531.16
1880.27 642.813
-1301.49 -5106.98
2672.17 -1043.08
-1543.47 3134.84
714.303 -141.954
1003.66 -2954.16
1536.41 263.866
257.352 -500.534
-1171.23 2886.72
-2257.51 -2665.58
3535.94 91.2154
761.673 318.018
-2645.92 -492.513
1304.49 2738.16
-881.087 1921.73
2089.36 -1666.08
1329.65 2641.38
-410.971 372.283
2674.12 -4264.2
-3179.83 106.341
1084.07 1773.27
-575.433 978.944
1160.24 -3758.74
-908.186 579.657
-14.1367 -5143.56
-8.82103 3312.91
285.199 116.937
2225.55 -1557.26
1802.48 -2741.91
-118.327 103.896
317.977 229.38
197.07 415.356
473.788 -375.722
3224.7 -982.005
1630.78 -703.332
-1663.68 -528.664
-677.95 -866.654
863.01 976.084
-603.56 -2783.1
-434.734 -3493.65
568.204 -1371.27
-200.972 237.267
260.61 402.831
-4034.88 -2747.86
604.382 150.205
19.4205 -194.637
-1206.78 174.398
-159.242 -1032.63
-194.424 -187.56
2492.67 -3027.23
3125.93 3284.05
2278.82 3458.01
383.374 3816.3
1214.88 1852.49
-140.597 -211.787
-1003.68 3017.35
-3523.09 -451.566
-292.27 -1721.2
450.657 -120.696
-2803 260.498
-1788.84 3283.28
2758.01 2131.18
1134.4 -2230.45
-66.9509 1313.51
-554.468 3197.12
3129.23 -3536.32
-2097.07 -531.06
1221.05 -1431.17
4440.88 -2558.69
-3839.75 1493.98
1387.99 1881.69
569.573 -1060.65
-369.052 769.642
-1696.01 -137.299
2656.1 1935.11
867.839 268.421
-3826.32 3697.47
-104.202 -1879.19
-684.486 -2011.05
-994.011 -68.02
1906 -1388.13
-131.418 3.49858
-231.947 3682.68
-692.67 -665.231
1986.42 4249.38
-2437.38 3835.11
-1970.74 3077.87
-47.4136 202.007
974.248 795.02
-263.374 1805.23
-1694.43 -4357.88
-700.176 -2861.45
-33.8291 61.5608
-3402.34 -1595.37
-4464.5 1574.63
-598.267 689.763
2204.19 -146.597
-272.409 -54.614
-116.605 2006.42
-1785.9 -1132.25
-4413.5 1312.7
1156.17 303.01
3590.34 146.57
-396.149 -1998.88
-2856.85 -1944.93
400.737 -272.994
2476.19 3901.83
1961.69 4816.07
-3789.81 -1518.9
3208.31 -935.139
1523.69 -3604.59
2759.49 606.012
77.9624 -134.436
4314.57 2138.73
-166.458 -1880.92
687.529 -1080.82
-901.707 -2021.41
-1736.99 -2447.69
-3239.19 2040.59
384.727 478.449
382.555 -105.837
-718.993 2533.21
-1660.32 4498.43
188.714 1654.41
-2020.36 -912.584
493.441 -290.058
864.203 2751.97
424.977 -600.883
-4722.73 939.934
-970.475 -810.56
-1430.46 -2303.9
1899.6 2482.55
3531.3 964.016
-1552.54 2049.79
232.71 -1823.26
2957.32 -3869.73
-1330.47 815.3
-1719.99 -425.995
-35.164 64.8267
228.434 -498.83
317.101 1018.97
383.932 50.5826
-1086.41 238.584
2755.09 -2082.44
-83.2693 1594.34
1501.23 2160.81
-2328.98 948.771
191.891 -3403.93
239.416 -2964.1
2735.13 -4172.02
4636.05 1012.94
2169.13 1505.83
-592.031 1115.22
4834.2 -2238.06
-291.059 523.906
-1289.06 -4993.13
1529.81 3263.52
1592.09 -3754.98
-1436.08 1351.57
-836.436 1877.69
-326.762 -172.981
-1947.37 -4056.58
1788.24 -982.27
1555.35 -811.505
774.284 424.221
1194.49 126.296
-1167.22 -1938.98
171.121 -133.581
567.412 -2190.34
1512.78 2513.92
848.767 2606.11
2598.51 739.55
-2691.02 1531.74
-493.077 -4954.58
1083.43 -498.231
2924.17 2474.19
-4838.67 -841.97
-1339.99 -910.134
2585.09 -34.2843
-161.63 61.4315
4417.61 1276.72
-4516.42 -1339.26
2175.91 2203.08
722.683 644.559
-525.694 3527.34
901.288 286.712
2897.84 -1871.3
1170.66 3929.71
-443.334 -1573.65
-836.542 -3131.34
176.096 -316.142
-3590.92 1164.21
2002.39 462.842
724.485 2378.3
1121.98 -974.041
5092.98 837.498
-1955.67 -3610.44
-452.93 -273.749
-535.073 -5192.97
-2419.68 3853.39
-1254.39 607.492
2925.28 2303.17
-3608.26 318.877
3880.05 -1422.66
1075.16 4784.74
520.288 1718.27
3676.25 -1146
7.36843 76.5617
2632.47 450.167
2451.43 -2532.03
1900.31 2042.07
2081.08 -4552.99
-4270.38 143.318
-430.12 3607.93


1235.34 -1917.76
-812.479 207.612
-2424.34 569.782
-622.889 -4066.32
-1863.96 2063.06
527.727 2531.58
18.5418 664.013
1212.84 3965.5
2597.13 245.997
-4784.06 -490.73
2393.52 -823.079
3505.52 2240.34
-76.0612 -32.1705
-155.773 -349.92
1096.6 -1418.8
-1594.41 3550.34
-3406.68 1566.71
306.812 1840.53
-1707.47 -4195.15
-1784.19 -1304.56
4872.8 1806.89
1168.12 -1591.51
731.675 -326.45
1589.11 -1140.57
146.083 1639.06
3031.87 -1055.7
150.914 -559.391
3825.84 -295.634
1529.63 -2431.08
-84.125 1904.45
736.085 3563.46
-4422.53 -2358.81
-43.3269 -1550.54
605.842 749.72
-1575.11 1253.37
2183.24 -106.351
3560.37 1781.93
781.98 -2618.71
-1232.16 2207.89
163.988 -634.598
-1281.18 1318.53
-930.702 3163.37
-3434.41 -1757.8
-78.5123 -3560.9
1871.37 1850.31
-2768.96 -452.52
-348.554 2621.01
469.889 -290.932
193.289 3641.48
-524.254 -10.9542
-1461.19 -3663.58
-1085.81 2984.45
155.577 25.7239
17.4248 -879.79
726.585 1854.93
-1690.68 -4780.42
946.387 2546.64
-561.966 484.533
2784.35 -551.707
1155.78 707.72
923.787 -3261.91
-1587.15 1177.45
-1788.17 1038.87
-4819.1 -1833.48
1505.37 -485.651
2776.09 -2689.24
-2656.16 2392.96
-4635.8 -165.817
4355.6 932.568
181.036 -133.925
2659.77 -1544.98
-704.659 4194.78
-767.18 -1526.62
-3236.84 -3178.94
222.486 342.747
-1493.76 -1915.19
-1028.37 2631.87
1990.08 3666.68
1679.32 258.843
4174.55 943.345
-1290.78 -1301.43
-2929.13 1966.92
-207.646 -1917.57
-2158.64 -1084.39
129.261 -577.206
3058.5 1765.94
23.3406 -588.776
-3599.76 3218.68
-116.177 -1171.12
-2962.54 -34.0841
744.625 -527.398
-3622.41 144.667
1552.92 -1947
-1304.5 4604.25
-3844.52 3292.02
4647.52 1358.81
1581.59 2144
1907.63 726.342
-310.745 2270.72
1055.49 -2290.18
2872.33 -422.003
-429.744 -1097.95
1022.93 1153.54
-46.4191 399.732
2110.58 -466.319
1391.13 -1385.3
-1450.5 1596.27
-188.295 44.4741
-293.536 -66.2636
-2851.37 -2834.27
2644.45 4301.26
-3670.56 3639.06
-1261.33 -2243.6
-810.093 -4337.49
1709.92 1820.19
-2588.78 150.723
2177.47 -1913.23
3381.79 -1977.41
4970.93 -1300.3
-413.323 -2383.77
-2105.9 -3335.26
-3726.78 -3750.02
3767.65 2879.65
4276.11 -2047.88
-3676.37 2989.24
3090.26 -3215.03
-2946.69 1730.72
2603.38 3315.86
2760.12 2262.71
-3483.77 -1279.4
-647.694 1712.85
-548.026 586.089
587.061 1590.57
455.578 631.205
3394.08 -1177.8
512.37 -1664.19
-2150.21 1076.39
526.188 2339.61
1450.6 -1231.21
-922.812 -701.686
3364.19 -2434.43
5164.54 1212.93
-2552.67 3650.57
-4091.66 481.095
1917.74 2780.71
-4597.04 829.781
4523.46 -2672.99
-1815.85 1992.6
152.387 -834.395
4225.1 -2327.56
-40.927 -1125.14
-1494.77 -3921.4
-3396.06 -581.467
-1050.19 3400.06
3525.87 -1758.86
1231.34 -3800.34
699.286 -2763.25
-870.845 3770.71
-605.434 -167.729
-1206.28 1583.2
-801.826 -592.918
-2163.58 4171.64
3253.01 -537.916
-2447.88 -2765.02
-1064.28 767.371
3740.34 3298.24
157.725 -551.007
-870.796 360.475
-3151.93 281.251
2276.4 -3094
4003.78 678.144
2269.17 -1360.59
-4807.48 -584.961
1151.06 4346.98
-135.153 -382.762
-1032.12 495.159
-733.775 -272.06
-2855.96 -3539.43
548.333 4459.77
1430.43 -169.884
81.7035 -58.9647
285.298 1641.45
3871.25 2970.35
2519.19 -731.9
3660.31 292.158
7.90673 1356.97
-3027.88 3849.14
33.3091 1251.85
4575.21 1430.88
-127.626 -311.344
207.935 -32.1715
270.967 113.02
-4882.9 -1320.19
1921.74 562.185
-1203.3 -5154.46
45.4292 425.415
2026.34 -1773.68
1653.56 1499.84
5125.18 66.0758
3741.45 1188.6
2055.27 1268.49
3362.48 3151.32
2249.2 1158.53
-965.769 50.3958
-3959.47 1875.57
-2534.34 50.4307
1796.57 83.5308
-2417.65 1614.58
-3220.44 3926.01
1714.61 1371.33
-720.992 -523.142
-1190.76 510.78
3437.6 -3604.67
722.2 600.014
1625.3 -1607.03
-1229.58 1704.37
-643.854 -1549.62
-348.193 506.93
2961.08 4378.93
-4350.55 -1767.38
-687.61 -4265.86
4193.67 -1076.2
3844.45 -3098.44
217.774 519.012
-3772.17 374.626
2735.82 -2838.89
353.308 1295.83
-715.889 3866.83
-471.435 3276.73
2702.23 3667.39
977.736 97.8762
-133.098 200.33
-324.467 -1527.2
753.643 -2060.46
-3035.53 -97.9663
136.498 3141.48
-4952.34 570.003
1043.87 4918.05
713.511 -453.84
-924.678 -2570.03
1600.95 -1614.36
5.21373 306.044
1411.28 3097.77
-141.806 -628.144
1933.76 2773.1
-242.479 -3379.34
-1207.5 -2389.5
-2135.71 -1927.75
279.969 -4501.61
-425.065 2214.38
144.318 -740.564
-302.289 -4241.71
-1048.47 623.816
-1792.43 38.4227
758.219 990.739
-147.006 -3309.24
-199.157 1311.73
454.824 -1786.86
-2564.25 -2357.83
4128.22 864.863
1640.93 2823.69
1553.29 -137.19
1989.27 4065.65
-3124.03 -248.999
-498.62 -4766.01
-1300.56 1424.64
-2384.05 -1671.85
1980.84 -734.272
-3963.02 -2142.6
15.888 -253.451
2776.33 -300.687
-288.378 3568.24
2233.46 1928.18
-1513.31 -3977.04
-2285.07 -1567.74
1762.22 -457.746
-4725.91 479.191
2581.04 -2529.14
19.1345 -1230.64
412.894 -2037.76
-787.816 2953.47
4658.9 -1386.99
-1080.78 -358.963
-1134.35 3401.73
1363.93 -3120.84
905.738 1536.42
1876.54 653.597
-1294.91 -5108.64
2675.2 -1034.95
-1551.71 3130.84
715.952 -124.074
1011.48 -2951.38
1534.19 276.751
278.575 -492.023
-1179.93 2883.21
-2250.59 -2671.49
3535.76 100.312
754.635 334.622
-2644.11 -502.073
1295.72 2742.4
-891.495 1917.02
2095.4 -1658.44
1321.38 2645.51
-422.761 354.795
2680.06 -4260.46
-3179.99 98.1595
1075.27 1778.32
-586.847 971.131
1168.02 -3756.33
-917.166 566.146
-6.35677 -5143.63
-18.3173 3312.96
267.214 142.409
2230.86 -1549.54
1809.29 -2737.32
-141.681 65.0371
304.247 251.924
174.188 421.275
488.936 -359.607
3227.02 -974.12
1636.27 -691.371
-1659.94 -539.478
-665.226 -877.702
851.944 986.462
-593.897 -2785.24
-426.874 -3494.55
581.648 -1366.15
-221.666 219.806
240.955 416.975
-4030.68 -2754.04
599.258 170.486
60.6508 -186.285
-1209.11 159.456
-142.873 -1035.6
-169.984 -209.525
2498.49 -3022.37
3120 3289.75
2271.83 3462.65
374.764 3817.2
1206.01 1858.19
-109.378 -227.48
-1012.26 3014.49
-3521.98 -460.792
-279.96 -1723.34
459.383 -97.5943
-2803.94 250.641
-1796.58 3279.11
2752.35 2138.63
1142.79 -2226.02
-80.4867 1312.47
-563.348 3195.58
3135.16 -3531.12
-2094.36 -541.34
1228.98 -1423.98
4444.64 -2552.2
-3842.45 1486.95
1379.38 1888.05
583.117 -1053.6
-384.81 761.829
-1695.1 -150.148
2650.46 1943.01
863.289 285.954
-3831 3692.6
-93.1559 -1879.57
-674.761 -2014.12
-992.855 -84.3827
1912.43 -1379.39
-122.319 -45.2631
-240.633 3682.16
-681.187 -675.857
1979.99 4252.35
-2443.4 3831.24
-1978 3073.24
-84.544 190.72
965.369 804.686
-275.122 1803.45
-1687.71 -4360.47
-691.147 -2863.63
-71.0778 0.631992
-3398.94 -1602.51
-4466.92 1567.74
-612.21 678.543
2204.64 -136.603
-265.047 -83.73
-128.782 2005.9
-1780.23 -1140.76
-4415.78 1305.12
1152.31 317.312
3590.03 155.694
-385.176 -2000.99
-2851.66 -1952.66
410.964 -252.308
2470.31 3905.52
1955.61 4818.51
-3786.9 -1526.11
3211.09 -925.936
1531.03 -3601.46
2757.43 615.185
112.316 -106.983
4311.53 2144.75
-154.329 -1882.09
699.363 -1073.09
-891.643 -2025.92
-1729.04 -2453.41
-3243.39 2033.86
367.931 489.834
384.449 -79.7706
-727.738 2530.57
-1667.61 4495.76
175.423 1656.21
-2015.85 -922.598
503.191 -271.026
855.953 2754.41
441.295 -590.005
-4723.99 933.348
-961.45 -820.36
-1421.61 -2309.52
1892.83 2487.61
3529.09 972.027
-1560.8 2043.58
243.778 -1821.6
2963.68 -3864.92
-1336.47 804.795
-1717.11 -438.808
-68.2777 -1.51404
250.872 -492.079
301.837 1023.82
382.259 77.0856
-1090.3 222.878
2759.83 -2076.03
-96.9538 1593.92
1492.78 2166.74
-2332.34 940.072
200.762 -3403.44
247.804 -2963.28
2741.34 -4167.96
4634.41 1020.58
2163.43 1514.02
-606.148 1108.43
4837.34 -2231.33
-306.962 511.779
-1282.61 -4994.77
1521.96 3267.22
1599.22 -3751.93
-1443.18 1343.65
-847.754 1872.91
-318.329 -197.1
-1941.1 -4059.52
1793.42 -972.602
1560.57 -801.066
765.807 439.336
1192.47 140.108
-1158.23 -1944.3
191.464 -100.305
577.871 -2187.62
1504.23 2519.16
840.355 2608.68
2595.78 749.347
-2695.63 1523.65
-485.925 -4955.28
1089.55 -484.702
2918.88 2480.42
-4837.48 -848.563
-1332.8 -920.691
2585.13 -24.659
-172.328 21.0117
4415.48 1284.12
-4514.26 -1346.61
2169.87 2208.89
711.564 658.043
-534.447 3526.07
896.587 303.728
2902.33 -1864.26
1162.48 3932.2
-430.362 -1577.61
-828.071 -3133.57
199.493 -301.113
-3593.78 1155.61
1999.81 472.868
715.359 2380.92
1130.4 -964.097
5091.84 844.315
-1948.97 -3614.03
-440.734 -292.789
-528.553 -5193.61
-2426.54 3849.13
-1260.12 595.276
2919.8 2310.22
-3609.13 309.832
3882.48 -1415.86
1067.5 4786.5
507.838 1722.36
3678.75 -1138.02
-54.0979 31.2071
2630.79 460.405
2457.03 -2526.49
1893.26 2048.61
2087.72 -4549.96
-4270.55 136.222
-437.653 3606.94


1243.91 -1912.11
-815.618 190.925
-2426.27 560.724
-615.386 -4067.43
-1870.94 2056.69
517.036 2533.97
-1.95332 665.068
1205.29 3967.8
2596.19 256.041
-4783.3 -498.11
2396.68 -813.697
3501.07 2247.35
-18.4489 -71.741
-134.125 -363.557
1105.63 -1411.57
-1601.83 3547
-3410.25 1558.99
294.462 1842.79
-1700.05 -4198.2
-1777.92 -1312.94
4870.44 1813.17
1177.01 -1584.82
740.822 -309.281
1595.26 -1131.63
134.658 1639.62
3034.68 -1047.47
172.804 -555.048
3826.6 -286.707
1537.91 -2425.9
-95.1553 1903.75
728.19 3565.04
-4419.38 -2364.62
-29.2399 -1551.37
592.678 761.33
-1581.29 1245.1
2184.05 -94.4599
3556.7 1789.29
791.469 -2615.89
-1240.82 2203
184.121 -629.922
-1290.47 1309.82
-939.067 3160.88
-3430.89 -1764.52
-70.4891 -3561.01
1864.28 1857.49
-2767.39 -462.105
-358.606 2619.7
480.427 -271.743
184.518 3641.97
-522.406 -33.3784
-1453.34 -3666.75
-1093.43 2981.55
141.149 68.5101
34.2137 -878.738
716.059 1858.97
-1683.38 -4783.04
937.738 2549.74
-576.745 470.404
2785.99 -542.882
1148.45 719.666
931.706 -3259.59
-1593.99 1168.19
-1793.83 1029.11
-4816.7 -1839.7
1509.07 -473.647
2781.24 -2683.82
-2661.53 2386.91
-4635.53 -173.316
4354 939.991
199.751 -103.299
2664.16 -1537.3
-712.646 4193.46
-756.859 -1531.38
-3231.41 -3184.48
200.62 356.807
-1485.69 -1921.43
-1037.87 2628.25
1983.41 3670.25
1677.31 270.667
4172.81 951.088
-1282.27 -1309.83
-2934.21 1959.44
-196.236 -1918.73
-2154.22 -1092.73
151.824 -575.189
3054.16 1773.48
45.7591 -590.259
-3604.16 3213.69
-102.522 -1171.6
-2962.31 -42.632
755.076 -513.274
-3622.63 136.954
1561.4 -1940.35
-1311.33 4602.29
-3849.62 3286.13
4645.61 1365.15
1573.46 2150.03
1903.71 735.762
-321.728 2269.29
1064.09 -2286.07
2873.42 -413.528
-415.789 -1103.33
1013.34 1161.76
-72.4771 397.382
2112.45 -456.579
1398.33 -1377.64
-1458.01 1589.21
-197.369 5.44277
-285.098 -95.8531
-2845.93 -2839.68
2638.65 4304.8
-3675.95 3633.67
-1251.8 -2249.17
-801.837 -4339.09
1701.94 1827.91
-2589.49 140.146
2183.19 -1906.55
3386.24 -1969.9
4972.51 -1294.08
-402.833 -2385.63
-2098.67 -3339.87
-3722.13 -3754.59
3762.9 2885.91
4279.32 -2041.18
-3681.17 2983.35
3095.29 -3210.12
-2951.62 1722.52
2596.76 3321.12
2754.38 2269.8
-3480.86 -1287.34
-658.143 1708.64
-562.868 573.781
574.548 1595.56
440.456 643.732
3396.66 -1170.17
523.062 -1660.53
-2154.86 1067.07
515.743 2342.01
1458.65 -1221.94
-913.679 -712.934
3368.89 -2427.94
5162.86 1220.2
-2558.27 3646.58
-4092.44 473.898
1911.18 2785.09
-4598.46 822.06
4526.78 -2667.32
-1822.9 1986.1
168.849 -830.379
4228.88 -2320.77
-25.0731 -1126.03
-1487.1 -3924.35
-3394.63 -589.264
-1058.42 3397.52
3529.65 -1751.34
1238.45 -3797.97
707.7 -2760.98
-878.679 3768.88
-597.921 -185.893
-1214.36 1576.65
-792.109 -606.836
-2170.04 4168.27
3254.67 -528.436
-2441.92 -2770.21
-1071.51 756.368
3735.2 3304.12
179.403 -545.959
-878.974 344.134
-3152.69 272.386
2283.36 -3088.92
4002.46 685.668
2274.39 -1351.92
-4806.58 -592.309
1144.16 4348.76
-110.503 -391.29
-1039.1 481.149
-726.68 -288.458
-2849.91 -3544.34
541.338 4460.58
1432.72 -155.296
112.073 -11.5684
272.039 1644.1
3866.88 2976.01
2522.06 -722.127
3659.61 299.787
-5.83262 1356.9
-3034.08 3844.32
18.7024 1252.23
4572.93 1438.27
-102.06 -322.758
211.249 5.6299
258.401 140.813
-4880.98 -1327.36
1918.5 573.456
-1196.3 -5156.1
20.7786 431.32
2032.34 -1766.65
1646.39 1507.64
5125.08 73.1006
3738.9 1196.74
2050.13 1276.46
3357.17 3157
2244.71 1167
-965.828 34.59
-3963.11 1868.02
-2534.71 39.4769
1796.17 96.2566
-2423.39 1606.18
-3226.4 3921.16
1707.4 1380.68
-710.485 -534.887
-1195.38 498.435
3442.45 -3600
711.381 613.274
1631.92 -1600
-1238.6 1697.83
-632.343 -1554.34
-367.509 496.324
2955.59 4382.61
-4347.84 -1773.99
-679.443 -4267.22
4195.46 -1069.08
3848.61 -3093.22
197.462 524.628
-3772.82 367.191
2741.45 -2833.42
340.936 1298.46
-723.38 3865.39
-479.928 3275.46
2695.7 3672.26
976.266 114.605
-159.93 179.076
-311.87 -1529.79
763.908 -2056.69
-3035.12 -106.27
126.778 3141.98
-4953.04 563.513
1037.12 4919.46
723.197 -438.733
-915.141 -2573.52
1608.82 -1606.63
-25.44 304.255
1403.93 3101.01
-121.281 -634.945
1926.73 2777.96
-233.554 -3379.99
-1199.36 -2393.45
-2129.54 -1934.48
286.969 -4501.12
-436.299 2212.36
163.405 -737.388
-294.421 -4242.27
-1056.59 610.8
-1792.5 26.8081
746.702 999.362
-138.729 -3309.53
-214.055 1309.91
466.218 -1783.89
-2558.71 -2363.75
4126.61 872.468
1633.73 2827.77
1554.86 -123.367
1982.82 4068.77
-3123.32 -258.455
-490.86 -4766.85
-1309.23 1416.72
-2378.39 -1680.05
1984.73 -723.768
-3959.63 -2148.78
50.5391 -246.117
2777.27 -291.407
-296.493 3567.54
2227.36 1935.21
-1505.38 -3980.12
-2279.43 -1576.04
1764.59 -447.134
-4726.68 471.683
2587.01 -2523.04
32.6519 -1229.75
423.801 -2035.51
-796.61 2951.09
4661.07 -1379.73
-1076.19 -374.379
-1142.39 3399.04
1371.19 -3117.56
896.131 1541.62
1872.75 664.359
-1288.32 -5110.29
2678.2 -1026.8
-1559.94 3126.83
717.102 -106.107
1019.29 -2948.58
1531.87 289.617
299.381 -482.776
-1188.63 2879.68
-2243.66 -2677.4
3535.56 109.409
747.241 351.068
-2642.26 -511.626
1286.94 2746.61
-901.878 1912.25
2101.42 -1650.78
1313.09 2649.62
-433.869 336.737
2686 -4256.71
-3180.12 89.9777
1066.45 1783.33
-598.155 963.144
1175.8 -3753.91
-925.953 552.517
1.42321 -5143.68
-27.8135 3312.98
246.503 166.424
2236.13 -1541.8
1816.1 -2732.71
-153.385 20.8499
289.151 273.337
150.802 425.975
503.494 -343.059
3229.32 -966.227
1641.68 -679.378
-1656.12 -550.267
-652.371 -888.577
840.777 996.723
-584.227 -2787.35
-419.011 -3495.43
595.045 -1360.93
-240.3 200.303
220.712 430.101
-4026.47 -2760.21
593.467 190.577
99.4729 -170.523
-1211.27 144.49
-126.471 -1038.33
-143.062 -228.428
2504.3 -3017.49
3114.07 3295.45
2264.84 3467.29
366.152 3818.09
1197.12 1863.85
-76.1946 -239.083
-1020.84 3011.6
-3520.86 -470.015
-267.635 -1725.39
466.896 -74.2347
-2804.86 240.781
-1804.3 3274.93
2746.68 2146.07
1151.16 -2221.55
-94.0132 1311.29
-572.223 3194.02
3141.08 -3525.9
-2091.6 -551.606
1236.86 -1416.72
4448.39 -2545.71
-3845.13 1479.91
1370.75 1894.37
596.574 -1046.4
-400.403 753.69
-1694.09 -162.99
2644.81 1950.9
858.436 303.387
-3835.68 3687.72
-82.1064 -1879.87
-665.018 -2017.13
-991.434 -100.723
1918.83 -1370.62
-95.4131 -87.4015
-249.317 3681.62
-669.501 -686.28
1973.56 4255.31
-2449.41 3827.37
-1985.25 3068.59
-118.917 173.203
956.362 814.246
-286.859 1801.6
-1680.97 -4363.05
-682.111 -2865.79
-25.8943 -62.1949
-3395.52 -1609.64
-4469.32 1560.86
-625.941 667.087
2205.04 -126.605
-254.155 -111.73
-140.955 2005.32
-1774.52 -1149.24
-4418.06 1297.53
1148.28 331.565
3589.7 164.816
-374.191 -2003.04
-2846.46 -1960.39
420.19 -231.009
2464.41 3909.19
1949.52 4820.95
-3783.97 -1533.32
3213.85 -916.725
1538.37 -3598.32
2755.34 624.351
137.273 -70.5886
4308.49 2150.76
-142.194 -1883.18
711.109 -1065.22
-881.557 -2030.38
-1721.07 -2459.1
-3247.57 2027.12
350.705 500.645
384.584 -53.34
-736.472 2527.9
-1674.9 4493.09
162.121 1657.91
-2011.29 -932.59
512.213 -251.602
847.694 2756.82
457.319 -578.733
-4725.24 926.76
-952.301 -830.054
-1412.74 -2315.11
1886.04 2492.65
3526.86 980.032
-1569.04 2037.33
254.836 -1819.86
2970.03 -3860.11
-1342.39 794.233
-1714.16 -451.6
-29.4096 -61.9047
272.907 -484.538
286.508 1028.45
378.8 103.229
-1093.99 207.129
2764.56 -2069.6
-110.632 1593.4
1484.3 2172.65
-2335.66 931.357
209.631 -3402.92
256.19 -2962.43
2747.54 -4163.89
4632.75 1028.23
2157.71 1522.19
-620.187 1101.49
4840.47 -2224.61
-322.476 499.002
-1276.17 -4996.39
1514.1 3270.89
1606.35 -3748.86
-1450.24 1335.69
-859.047 1868.08
-308.209 -220.175
-1934.83 -4062.46
1798.55 -962.905
1565.7 -790.588
757.036 454.282
1190.26 153.898
-1149.21 -1949.57
206.215 -64.1014
588.317 -2184.86
1495.66 2524.38
831.932 2611.21
2593 759.135
-2700.23 1515.55
-478.772 -4955.98
1095.5 -471.097
2913.58 2486.64
-4836.28 -855.155
-1325.52 -931.191
2585.13 -15.0333
-172.962 -20.6399
4413.34 1291.53
-4512.08 -1353.95
2163.82 2214.67
700.239 671.335
-543.197 3524.77
891.608 320.649
2906.8 -1857.21
1154.3 3934.68
-417.364 -1581.48
-819.594 -3135.77
221.71 -284.303
-3596.63 1147.01
1997.18 482.88
706.221 2383.5
1138.74 -954.076
5090.7 851.131
-1942.26 -3617.6
-427.731 -311.293
-522.031 -5194.24
-2433.39 3844.86
-1265.73 583.003
2914.3 2317.26
-3609.97 300.787
3884.89 -1409.05
1059.83 4788.25
495.364 1726.37
3681.23 -1130.03
-26.1326 -49.9909
2629.08 470.637
2462.62 -2520.93
1886.18 2055.13
2094.36 -4546.92
-4270.72 129.125
-445.183 3605.92


1252.44 -1906.42
-818.389 174.151
-2428.15 551.657
-607.88 -4068.52
-1877.9 2050.29
506.338 2536.33
-22.4467 665.517
1197.73 3970.09
2595.2 266.082
-4782.54 -505.489
2399.8 -804.302
3496.62 2254.36
52.2933 -45.5335
-111.838 -375.462
1114.61 -1404.28
-1609.25 3543.64
-3413.79 1551.26
282.099 1844.97
-1692.62 -4201.25
-1771.6 -1321.3
4868.08 1819.44
1185.86 -1578.08
749.587 -291.954
1601.35 -1122.64
123.225 1640.08
3037.47 -1039.24
194.458 -549.941
3827.35 -277.778
1546.18 -2420.7
-106.182 1902.97
720.291 3566.6
-4416.23 -2370.43
-15.1509 -1552.08
579.34 772.715
-1587.43 1236.8
2184.81 -82.566
3553.01 1796.64
800.948 -2613.04
-1249.46 2198.07
204.08 -624.648
-1299.72 1301.06
-947.426 3158.37
-3427.35 -1771.24
-62.4654 -3561.1
1857.17 1864.65
-2765.79 -471.685
-368.654 2618.35
490.192 -252.117
175.746 3642.45
-519.57 -55.7394
-1445.48 -3669.9
-1101.04 2978.62
115.36 105.774
50.9892 -877.344
705.511 1862.95
-1676.07 -4785.66
929.076 2552.79
-591.151 455.971
2787.6 -534.051
1141 731.536
939.618 -3257.26
-1600.78 1158.89
-1799.44 1019.31
-4814.29 -1845.92
1512.67 -461.613
2786.37 -2678.38
-2666.88 2380.85
-4635.25 -180.814
4352.39 947.411
213.31 -70.0063
2668.53 -1529.61
-720.631 4192.12
-746.498 -1536.07
-3225.98 -3190.02
177.947 369.431
-1477.59 -1927.63
-1047.36 2624.6
1976.74 3673.82
1675.22 282.476
4171.06 958.827
-1273.7 -1318.18
-2939.28 1951.95
-184.82 -1919.81
-2149.76 -1101.06
174.193 -572.436
3049.8 1781.01
68.1181 -590.975
-3608.54 3208.7
-88.85 -1171.89
-2962.05 -51.1794
765.265 -498.971
-3622.83 129.24
1569.86 -1933.68
-1318.15 4600.32
-3854.71 3280.23
4643.69 1371.48
1565.31 2156.04
1899.74 745.16
-332.704 2267.81
1072.66 -2281.92
2874.49 -405.048
-401.767 -1108.53
1003.68 1169.9
-98.2315 393.366
2114.27 -446.828
1405.48 -1369.94
-1465.47 1582.09
-198.772 -33.8169
-273.689 -124.444
-2840.48 -2845.09
2632.84 4308.32
-3681.33 3628.28
-1242.24 -2254.69
-793.579 -4340.68
1693.94 1835.6
-2590.16 129.568
2188.89 -1899.84
3390.68 -1962.38
4974.07 -1287.87
-392.336 -2387.44
-2091.43 -3344.47
-3717.48 -3759.16
3758.15 2892.16
4282.52 -2034.48
-3685.96 2977.45
3100.32 -3205.19
-2956.53 1714.31
2590.13 3326.37
2748.63 2276.89
-3477.93 -1295.27
-668.563 1704.36
-577.422 561.179
562.004 1600.47
425.087 655.897
3399.22 -1162.54
533.728 -1656.79
-2159.47 1057.72
505.288 2344.36
1466.65 -1212.62
-904.392 -724.062
3373.58 -2421.45
5161.18 1227.48
-2563.87 3642.57
-4093.2 466.699
1904.61 2789.46
-4599.87 814.336
4530.09 -2661.64
-1829.93 1979.57
185.237 -826.001
4232.64 -2313.98
-9.21454 -1126.7
-1479.44 -3927.29
-3393.17 -597.058
-1066.64 3394.96
3533.41 -1743.82
1245.56 -3795.59
716.106 -2758.67
-886.51 3767.03
-589.752 -203.854
-1222.4 1570.06
-782.181 -620.593
-2176.49 4164.9
3256.3 -518.952
-2435.96 -2775.39
-1078.61 745.276
3730.06 3310
200.824 -540.133
-886.875 327.684
-3153.42 263.518
2290.31 -3083.83
4001.13 693.19
2279.57 -1343.24
-4805.68 -599.656
1137.27 4350.53
-85.3982 -398.211
-1045.9 467.054
-719.18 -304.695
-2843.85 -3549.23
534.342 4461.38
1434.89 -140.694
116.033 39.2386
258.764 1646.65
3862.51 2981.67
2524.89 -712.344
3658.9 307.415
-19.5714 1356.69
-3040.27 3839.48
4.09317 1252.45
4570.63 1445.65
-75.7551 -331.84
207.935 43.2575
242.952 167.035
-4879.04 -1334.54
1915.2 584.709
-1189.3 -5157.74
-3.94338 435.752
2038.32 -1759.6
1639.18 1515.41
5124.97 80.1252
3736.34 1204.87
2044.94 1284.41
3351.86 3162.68
2240.17 1175.45
-965.604 18.7741
-3966.74 1860.46
-2535.04 28.5225
1795.69 108.978
-2429.1 1597.76
-3232.35 3916.31
1700.14 1389.99
-699.709 -546.431
-1199.85 486.03
3447.29 -3595.32
700.336 626.338
1638.51 -1592.93
-1247.59 1691.25
-620.797 -1558.98
-386.406 485.15
2950.09 4386.29
-4345.11 -1780.6
-671.275 -4268.56
4197.23 -1061.96
3852.76 -3087.98
176.846 529.439
-3773.45 359.754
2747.07 -2827.94
328.526 1300.95
-730.869 3863.93
-488.418 3274.17
2689.16 3677.12
974.524 131.302
-183.398 154.057
-299.25 -1532.28
774.153 -2052.87
-3034.68 -114.572
117.058 3142.46
-4953.73 557.023
1030.38 4920.85
732.565 -423.433
-905.593 -2576.98
1616.66 -1598.86
-55.8403 299.44
1396.57 3104.24
-100.635 -641.114
1919.67 2782.81
-224.627 -3380.62
-1191.19 -2397.37
-2123.35 -1941.19
293.969 -4500.63
-447.524 2210.29
182.392 -733.756
-286.552 -4242.82
-1064.55 597.695
-1792.49 15.1922
735.083 1007.85
-130.451 -3309.79
-228.929 1307.94
477.593 -1780.84
-2553.16 -2369.66
4124.99 880.07
1626.52 2831.83
1556.33 -109.536
1976.36 4071.87
-3122.58 -267.909
-483.098 -4767.68
-1317.85 1408.76
-2372.7 -1688.23
1988.57 -713.244
-3956.22 -2154.96
84.2653 -234.295
2778.17 -282.124
-304.607 3566.81
2221.24 1942.21
-1497.44 -3983.19
-2273.76 -1584.33
1766.89 -436.503
-4727.44 464.173
2592.96 -2516.94
46.1647 -1228.68
434.696 -2033.2
-805.397 2948.69
4663.24 -1372.47
-1071.41 -389.73
-1150.41 3396.33
1378.44 -3114.26
886.483 1546.74
1868.9 675.099
-1281.74 -5111.94
2681.17 -1018.65
-1568.16 3122.79
717.749 -88.0655
1027.09 -2945.75
1529.44 302.462
319.746 -472.818
-1197.31 2876.12
-2236.72 -2683.28
3535.34 118.505
739.493 367.348
-2640.38 -521.172
1278.15 2750.8
-912.236 1907.43
2107.4 -1643.09
1304.79 2653.7
-444.269 318.127
2691.93 -4252.95
-3180.22 81.7952
1057.59 1788.28
-609.355 954.982
1183.58 -3751.47
-934.546 538.771
9.20319 -5143.72
-37.3094 3312.98
223.133 188.641
2241.37 -1534.04
1822.89 -2728.08
-152.198 -25.0785
272.785 293.551
126.968 429.41
517.453 -326.102
3231.6 -958.328
1647.02 -667.354
-1652.22 -561.028
-639.388 -899.277
829.511 1006.87
-574.55 -2789.42
-411.146 -3496.28
608.395 -1355.61
-256.715 178.95
199.935 442.188
-4022.26 -2766.37
587.017 210.457
134.441 -148.136
-1213.25 129.504
-110.039 -1040.82
-114.043 -243.983
2510.1 -3012.59
3108.13 3301.13
2257.84 3471.91
357.539 3818.95
1188.2 1869.47
-41.6174 -246.307
-1029.4 3008.68
-3519.71 -479.235
-255.298 -1727.36
473.202 -50.6829
-2805.75 230.919
-1812.01 3270.73
2740.98 2153.5
1159.52 -2217.04
-107.529 1309.95
-581.094 3192.43
3147 -3520.68
-2088.78 -561.858
1244.7 -1409.41
4452.14 -2539.22
-3847.79 1472.86
1362.09 1900.65
609.94 -1039.04
-415.826 745.23
-1693 -175.823
2639.13 1958.78
853.281 320.714
-3840.35 3682.84
-71.0538 -1880.1
-655.257 -2020.09
-989.748 -117.036
1925.18 -1361.82
-54.2726 -116.459
-258.001 3681.06
-657.613 -696.498
1967.13 4258.26
-2455.42 3823.48
-1992.49 3063.93
-149.495 150.15
947.229 823.697
-298.584 1799.67
-1674.24 -4365.62
-673.068 -2867.91
45.1736 -49.9899
-3392.09 -1616.76
-4471.72 1553.96
-639.456 655.4
2205.39 -116.605
-239.864 -138.236
-153.123 2004.67
-1768.75 -1157.69
-4420.32 1289.93
1144.08 345.766
3589.35 173.938
-363.195 -2005.03
-2841.24 -1968.1
428.376 -209.138
2458.51 3912.86
1943.42 4823.37
-3781.02 -1540.53
3216.59 -907.509
1545.7 -3595.16
2753.22 633.509
150.564 -28.2096
4305.44 2156.77
-130.053 -1884.2
722.767 -1057.22
-871.449 -2034.8
-1713.08 -2464.77
-3251.74 2020.37
333.065 510.866
382.898 -26.6576
-745.195 2525.19
-1682.19 4490.4
148.811 1659.52
-2006.68 -942.559
520.49 -231.812
839.426 2759.21
473.039 -567.076
-4726.48 920.171
-943.028 -839.639
-1403.85 -2320.66
1879.24 2497.66
3524.62 988.032
-1577.25 2031.06
265.883 -1818.04
2976.38 -3855.29
-1348.21 783.617
-1711.12 -464.371
48.2216 -48.2149
294.513 -476.234
271.117 1032.86
373.607 128.9
-1097.47 191.34
2769.26 -2063.16
-124.303 1592.78
1475.8 2178.53
-2338.95 922.626
218.499 -3402.39
264.573 -2961.56
2753.74 -4159.82
4631.09 1035.87
2151.95 1530.33
-634.144 1094.42
4843.6 -2217.87
-337.574 485.583
-1269.72 -4998
1506.23 3274.55
1613.47 -3745.78
-1457.24 1327.68
-870.315 1863.2
-296.513 -242.126
-1928.55 -4065.39
1803.62 -953.177
1570.77 -780.073
747.973 469.053
1187.87 167.665
-1140.16 -1954.8
214.926 -26.0201
598.749 -2182.05
1487.08 2529.56
823.499 2613.72
2590.19 768.912
-2704.8 1507.43
-471.618 -4956.66
1101.29 -457.419
2908.26 2492.85
-4835.07 -861.744
-1318.16 -941.634
2585.09 -5.4074
-163.602 -61.1026
4411.19 1298.92
-4509.9 -1361.29
2157.74 2220.44
688.711 684.433
-551.944 3523.45
886.35 337.47
2911.25 -1850.14
1146.11 3937.14
-404.341 -1585.26
-811.111 -3137.95
242.607 -265.801
-3599.47 1138.39
1994.49 492.877
697.071 2386.04
1146.99 -943.979
5089.54 857.945
-1935.55 -3621.16
-413.944 -329.226
-515.509 -5194.86
-2440.23 3840.57
-1271.22 570.674
2908.79 2324.29
-3610.79 291.739
3887.29 -1402.24
1052.17 4789.99
482.868 1730.3
3683.69 -1122.04
56.6338 -31.6905
2627.33 480.863
2468.19 -2515.36
1879.08 2061.62
2101 -4543.86
-4270.86 122.028
-452.711 3604.89


1260.95 -1900.68
-820.788 157.299
-2429.99 542.58
-600.373 -4069.6
-1884.83 2043.86
495.632 2538.65
-42.9197 665.361
1190.16 3972.36
2594.18 276.119
-4781.76 -512.867
2402.88 -794.895
3492.14 2261.36
64.88 30.0038
-89.0344 -385.637
1123.55 -1396.92
-1616.66 3540.27
-3417.32 1543.53
269.725 1847.08
-1685.19 -4204.28
-1765.25 -1329.62
4865.71 1825.71
1194.67 -1571.28
757.969 -274.477
1607.38 -1113.62
111.784 1640.45
3040.23 -1031
215.847 -544.086
3828.07 -268.847
1554.43 -2415.47
-117.205 1902.12
712.388 3568.14
-4413.06 -2376.23
-1.06084 -1552.68
565.831 783.874
-1593.51 1228.46
2185.51 -70.6701
3549.31 1803.98
810.418 -2610.15
-1258.08 2193.1
223.846 -618.784
-1308.9 1292.24
-955.777 3155.83
-3423.81 -1777.95
-54.4413 -3561.17
1850.03 1871.78
-2764.16 -481.259
-378.697 2616.96
499.164 -232.083
166.974 3642.91
-515.744 -77.9943
-1437.61 -3673.03
-1108.65 2975.66
80.2114 134.453
67.7448 -875.607
694.939 1866.87
-1668.75 -4788.27
920.403 2555.82
-605.177 441.246
2789.17 -525.213
1133.42 743.329
947.524 -3254.9
-1607.52 1149.55
-1805 1009.48
-4811.87 -1852.13
1516.17 -449.548
2791.5 -2672.93
-2672.22 2374.78
-4634.95 -188.312
4350.77 954.828
221.333 -34.8982
2672.87 -1521.9
-728.614 4190.77
-736.098 -1540.67
-3220.53 -3195.54
154.561 380.577
-1469.46 -1933.8
-1056.83 2620.92
1970.06 3677.37
1673.03 294.269
4169.29 966.563
-1265.09 -1326.47
-2944.33 1944.44
-173.396 -1920.83
-2145.26 -1109.36
196.343 -568.962
3045.41 1788.53
90.39 -590.934
-3612.91 3203.69
-75.164 -1171.99
-2961.77 -59.7263
775.187 -484.495
-3623.02 121.525
1578.28 -1926.97
-1324.97 4598.34
-3859.8 3274.32
4641.76 1377.82
1557.13 2162.02
1895.71 754.535
-343.673 2266.29
1081.22 -2277.74
2875.52 -396.564
-387.68 -1113.55
993.945 1177.96
-123.579 387.72
2116.03 -437.065
1412.57 -1362.18
-1472.9 1574.94
-192.942 -71.8616
-259.423 -151.735
-2835.01 -2850.48
2627.03 4311.84
-3686.71 3622.88
-1232.68 -2260.19
-785.318 -4342.26
1685.91 1843.25
-2590.8 118.987
2194.56 -1893.12
3395.11 -1954.86
4975.63 -1281.64
-381.832 -2389.21
-2084.18 -3349.06
-3712.81 -3763.72
3753.39 2898.4
4285.7 -2027.76
-3690.74 2971.55
3105.34 -3200.26
-2961.42 1706.1
2583.49 3331.62
2742.87 2283.95
-3474.99 -1303.19
-678.956 1700
-591.681 548.292
549.43 1605.29
409.481 667.697
3401.77 -1154.91
544.368 -1652.97
-2164.04 1048.36
494.824 2346.66
1474.6 -1203.26
-894.951 -735.067
3378.26 -2414.94
5159.48 1234.75
-2569.46 3638.56
-4093.95 459.498
1898.02 2793.81
-4601.27 806.611
4533.39 -2655.95
-1836.93 1973.02
201.545 -821.26
4236.39 -2307.19
6.64566 -1127.16
-1471.77 -3930.21
-3391.7 -604.847
-1074.85 3392.38
3537.15 -1736.29
1252.66 -3793.19
724.504 -2756.33
-894.336 3765.17
-580.931 -221.589
-1230.4 1563.41
-772.045 -634.184
-2182.94 4161.51
3257.92 -509.465
-2429.98 -2780.56
-1085.58 734.098
3724.9 3315.87
221.962 -533.546
-894.499 311.132
-3154.13 254.649
2297.25 -3078.72
3999.79 700.708
2284.73 -1334.54
-4804.77 -607.002
1130.37 4352.29
-59.9446 -403.503
-1052.51 452.877
-711.278 -320.762
-2837.78 -3554.11
527.345 4462.16
1436.93 -126.08
98.9978 83.2968
245.476 1649.11
3858.13 2987.33
2527.68 -702.55
3658.16 315.041
-33.308 1356.33
-3046.45 3834.64
-10.5166 1252.49
4568.33 1453.03
-48.9114 -338.563
198.198 79.5524
224.808 191.405
-4877.1 -1341.71
1911.84 595.942
-1182.3 -5159.36
-28.6526 438.737
2044.27 -1752.52
1631.93 1523.14
5124.85 87.1497
3733.76 1212.99
2039.71 1292.33
3346.53 3168.35
2235.61 1183.88
-965.097 2.95271
-3970.36 1852.89
-2535.32 17.5676
1795.13 121.695
-2434.79 1589.32
-3238.29 3911.45
1692.85 1399.27
-688.668 -557.767
-1204.18 473.566
3452.12 -3590.64
689.067 639.202
1645.05 -1585.82
-1256.54 1684.62
-609.216 -1563.53
-404.867 473.429
2944.59 4389.95
-4342.38 -1787.2
-663.104 -4269.89
4198.99 -1054.83
3856.9 -3082.75
155.956 533.426
-3774.06 352.316
2752.67 -2822.45
316.081 1303.3
-738.355 3862.46
-496.905 3272.86
2682.62 3681.96
972.511 147.962
-202.979 125.774
-286.61 -1534.66
784.38 -2049
-3034.22 -122.874
107.336 3142.91
-4954.4 550.531
1023.63 4922.24
741.613 -407.948
-896.033 -2580.4
1624.47 -1591.06
-85.6805 291.623
1389.2 3107.45
-79.8907 -646.654
1912.61 2787.64
-215.699 -3381.24
-1183.01 -2401.25
-2117.13 -1947.87
300.968 -4500.12
-458.738 2208.17
201.265 -729.671
-278.682 -4243.36
-1072.36 584.504
-1792.39 3.57556
723.365 1016.2
-122.172 -3310.03
-243.777 1305.83
488.948 -1777.72
-2547.59 -2375.55
4123.36 887.669
1619.29 2835.86
1557.69 -95.6976
1969.89 4074.97
-3121.82 -277.361
-475.335 -4768.5
-1326.43 1400.74
-2366.99 -1696.4
1992.35 -702.7
-3952.8 -2161.13
116.408 -218.079
2779.05 -272.837
-312.719 3566.07
2215.1 1949.2
-1489.49 -3986.25
-2268.06 -1592.6
1769.11 -425.853
-4728.19 456.662
2598.91 -2510.81
59.671 -1227.43
445.578 -2030.83
-814.176 2946.27
4665.4 -1365.2
-1066.44 -405.011
-1158.43 3393.6
1385.69 -3110.94
876.794 1551.79
1864.98 685.817
-1275.15 -5113.57
2684.11 -1010.48
-1576.38 3118.74
717.889 -69.962
1034.88 -2942.89
1526.91 315.287
339.646 -462.172
-1205.99 2872.54
-2229.77 -2689.15
3535.09 127.6
731.397 383.455
-2638.46 -530.712
1269.35 2754.96
-922.57 1902.56
2113.36 -1635.39
1296.48 2657.75
-453.93 298.99
2697.86 -4249.18
-3180.3 73.6121
1048.7 1793.17
-620.445 946.648
1191.35 -3749.01
-942.942 524.912
16.9831 -5143.76
-46.8051 3312.96
197.221 208.703
2246.59 -1526.26
1829.66 -2723.43
-138.079 -68.8725
255.246 312.503
102.747 431.533
530.803 -308.762
3233.86 -950.423
1652.28 -655.298
-1648.24 -571.761
-626.279 -909.801
818.147 1016.89
-564.867 -2791.47
-403.278 -3497.11
621.697 -1350.17
-270.763 155.948
178.681 453.22
-4018.04 -2772.53
579.916 230.103
164.41 -120.223
-1215.05 114.499
-93.5824 -1043.07
-83.3483 -255.954
2515.89 -3007.69
3102.18 3306.81
2250.83 3476.52
348.924 3819.8
1179.26 1875.04
-6.26861 -248.956
-1037.96 3005.75
-3518.55 -488.452
-242.948 -1729.25
478.309 -27.0024
-2806.6 221.054
-1819.72 3266.51
2735.27 2160.91
1167.86 -2212.5
-121.032 1308.46
-589.961 3190.81
3152.9 -3515.45
-2085.91 -572.095
1252.48 -1402.05
4455.87 -2532.72
-3850.44 1465.81
1353.4 1906.9
623.215 -1031.52
-431.071 736.451
-1691.82 -188.647
2633.43 1966.64
847.828 337.928
-3845.01 3677.95
-59.9984 -1880.26
-645.478 -2022.99
-987.798 -133.318
1931.5 -1353
-4.86271 -127.709
-266.682 3680.48
-645.528 -706.506
1960.68 4261.2
-2461.42 3819.58
-1999.71 3059.24
-175.426 122.421
937.969 833.04
-310.296 1797.67
-1667.5 -4368.18
-664.018 -2870
65.9809 25.0013
-3388.64 -1623.88
-4474.1 1547.07
-652.75 643.487
2205.68 -106.601
-222.338 -162.876
-165.286 2003.96
-1762.94 -1166.11
-4422.57 1282.34
1139.69 359.915
3588.98 183.058
-352.188 -2006.96
-2836 -1975.8
435.481 -186.74
2452.6 3916.51
1937.33 4825.79
-3778.06 -1547.73
3219.3 -898.286
1553.03 -3591.98
2751.06 642.661
150.749 16.6062
4302.37 2162.77
-117.907 -1885.15
734.335 -1049.09
-861.321 -2039.16
-1705.08 -2470.42
-3255.89 2013.61
315.029 520.481
379.333 0.154788
-753.908 2522.44
-1689.47 4487.71
135.492 1661.03
-2002.02 -952.506
528.006 -211.683
831.149 2761.56
488.445 -555.044
-4727.71 913.579
-933.632 -849.115
-1394.95 -2326.19
1872.42 2502.66
3522.36 996.027
-1585.44 2024.75
276.919 -1816.15
2982.72 -3850.46
-1353.94 772.948
-1708.01 -477.12
64.4084 21.8434
315.665 -467.197
255.668 1037.05
366.739 153.994
-1100.74 175.515
2773.95 -2056.7
-137.966 1592.06
1467.29 2184.38
-2342.19 913.881
227.365 -3401.83
272.953 -2960.65
2759.93 -4155.74
4629.41 1043.51
2146.17 1538.46
-648.019 1087.19
4846.71 -2211.14
-352.233 471.531
-1263.27 -4999.6
1498.35 3278.19
1620.58 -3742.69
-1464.2 1319.62
-881.556 1858.25
-283.35 -262.879
-1922.26 -4068.3
1808.64 -943.421
1575.75 -769.519
738.621 483.644
1185.3 181.407
-1131.09 -1959.99
217.393 12.8198
609.168 -2179.19
1478.49 2534.73
815.056 2616.19
2587.35 778.679
-2709.34 1499.3
-464.463 -4957.34
1106.9 -443.671
2902.93 2499.04
-4833.85 -868.332
-1310.73 -952.02
2585.02 4.21858
-144.864 -98.0658
4409.03 1306.32
-4507.7 -1368.62
2151.64 2226.19
676.984 697.333
-560.688 3522.11
880.818 354.187
2915.69 -1843.07
1137.91 3939.58
-391.294 -1588.94
-802.621 -3140.11
262.053 -245.709
-3602.28 1129.78
1991.73 502.86
687.909 2388.54
1155.14 -933.807
5088.38 864.758
-1928.84 -3624.7
-399.398 -346.555
-508.986 -5195.47
-2447.07 3836.28
-1276.58 558.289
2903.26 2331.3
-3611.59 282.69
3889.67 -1395.42
1044.5 4791.72
470.35 1734.15
3686.14 -1114.04
68.0993 41.4622
2625.55 491.082
2473.75 -2509.78
1871.95 2068.09
2107.63 -4540.8
-4271 114.93
-460.237 3603.84


1269.44 -1894.9
-822.813 140.375
-2431.8 533.494
-592.863 -4070.67
-1891.75 2037.41
484.918 2540.94
-63.3538 664.603
1182.6 3974.62
2593.12 286.152
-4780.97 -520.243
2405.93 -785.475
3487.66 2268.36
10.8807 78.2503
-65.833 -394.091
1132.43 -1389.5
-1624.06 3536.88
-3420.84 1535.78
257.341 1849.12
-1677.75 -4207.3
-1758.85 -1337.91
4863.32 1831.98
1203.44 -1564.43
765.967 -256.861
1613.36 -1104.55
100.338 1640.72
3042.97 -1022.75
236.946 -537.498
3828.78 -259.916
1562.66 -2410.21
-128.223 1901.2
704.481 3569.66
-4409.89 -2382.02
13.0293 -1553.18
552.158 794.804
-1599.54 1220.08
2186.16 -58.7725
3545.59 1811.32
819.876 -2607.23
-1266.68 2188.1
243.401 -612.336
-1318.04 1283.37
-964.122 3153.27
-3420.24 -1784.65
-46.4169 -3561.22
1842.87 1878.88
-2762.5 -490.828
-388.734 2615.54
507.326 -211.672
158.2 3643.35
-510.931 -100.1
-1429.74 -3676.15
-1116.24 2972.68
38.5578 152.235
84.4739 -873.527
684.344 1870.73
-1661.44 -4790.87
911.717 2558.81
-618.819 426.24
2790.72 -516.37
1125.73 755.044
955.424 -3252.52
-1614.2 1140.17
-1810.51 999.624
-4809.45 -1858.34
1519.57 -437.453
2796.61 -2667.47
-2677.55 2368.69
-4634.64 -195.81
4349.13 962.243
223.577 1.12017
2677.19 -1514.18
-736.594 4189.41
-725.66 -1545.19
-3215.07 -3201.06
130.56 390.207
-1461.3 -1939.93
-1066.3 2617.2
1963.37 3680.91
1670.75 306.048
4167.51 974.295
-1256.42 -1334.7
-2949.36 1936.93
-161.967 -1921.78
-2140.72 -1117.64
218.25 -564.784
3041.01 1796.04
112.548 -590.147
-3617.28 3198.68
-61.4657 -1171.9
-2961.45 -68.2726
784.841 -469.85
-3623.18 113.81
1586.69 -1920.23
-1331.79 4596.35
-3864.88 3268.4
4639.82 1384.15
1548.93 2167.97
1891.61 763.887
-354.634 2264.71
1089.76 -2273.52
2876.52 -388.076
-373.532 -1118.39
984.139 1185.93
-148.42 380.485
2117.74 -427.29
1419.62 -1354.38
-1480.28 1567.75
-180.532 -107.471
-242.447 -177.442
-2829.54 -2855.86
2621.21 4315.35
-3692.08 3617.47
-1223.09 -2265.65
-777.056 -4343.82
1677.85 1850.88
-2591.4 108.404
2200.21 -1886.38
3399.52 -1947.32
4977.18 -1275.42
-371.321 -2390.94
-2076.93 -3353.63
-3708.14 -3768.28
3748.62 2904.64
4288.88 -2021.05
-3695.52 2965.64
3110.35 -3195.32
-2966.3 1697.87
2576.84 3336.85
2737.08 2291.01
-3472.02 -1311.1
-689.32 1695.58
-605.64 535.126
536.826 1610.03
393.647 679.127
3404.3 -1147.27
554.981 -1649.06
-2168.57 1038.97
484.35 2348.93
1482.48 -1193.86
-885.359 -745.948
3382.93 -2408.42
5157.77 1242.02
-2575.04 3634.53
-4094.68 452.295
1891.43 2798.14
-4602.65 798.883
4536.68 -2650.26
-1843.91 1966.44
217.764 -816.159
4240.13 -2300.38
22.5046 -1127.42
-1464.09 -3933.12
-3390.2 -612.633
-1083.05 3389.78
3540.89 -1728.75
1259.75 -3790.78
732.894 -2753.97
-902.159 3763.28
-571.459 -239.076
-1238.36 1556.71
-761.705 -647.608
-2189.38 4158.11
3259.51 -499.974
-2423.99 -2785.71
-1092.43 722.834
3719.74 3321.74
242.789 -526.213
-901.844 294.483
-3154.81 245.777
2304.17 -3073.6
3998.43 708.225
2289.85 -1325.82
-4803.84 -614.346
1123.47 4354.03
-34.2471 -407.155
-1058.93 438.621
-702.978 -336.648
-2831.71 -3558.98
520.346 4462.94
1438.85 -111.454
66.9466 114.924
232.173 1651.48
3853.73 2992.98
2530.44 -692.746
3657.41 322.665
-47.0412 1355.84
-3052.63 3829.79
-25.125 1252.37
4566.01 1460.41
-21.7249 -342.916
182.445 113.436
204.182 213.662
-4875.15 -1348.88
1908.42 607.156
-1175.3 -5160.98
-53.2697 440.304
2050.19 -1745.42
1624.64 1530.84
5124.72 94.174
3731.16 1221.11
2034.45 1300.23
3341.2 3174.01
2231 1192.29
-964.306 -12.8696
-3973.96 1845.32
-2535.57 6.61247
1794.49 134.406
-2440.45 1580.87
-3244.23 3906.59
1685.51 1408.51
-677.365 -568.892
-1208.36 461.045
3456.94 -3585.94
677.578 651.862
1651.57 -1578.68
-1265.45 1677.94
-597.602 -1567.99
-422.878 461.181
2939.08 4393.61
-4339.63 -1793.8
-654.931 -4271.21
4200.74 -1047.7
3861.03 -3077.5
134.819 536.573
-3774.66 344.876
2758.27 -2816.94
303.601 1305.51
-745.837 3860.97
-505.388 3271.52
2676.06 3686.8
970.229 164.581
-218.217 94.8016
-273.951 -1536.94
794.587 -2045.08
-3033.73 -131.174
97.6137 3143.34
-4955.07 544.038
1016.88 4923.62
750.335 -392.284
-886.461 -2583.79
1632.24 -1583.22
-114.656 280.865
1381.82 3110.64
-59.0684 -651.566
1905.53 2792.45
-206.77 -3381.82
-1174.82 -2405.1
-2110.89 -1954.54
307.966 -4499.6
-469.942 2206
220.015 -725.137
-270.811 -4243.88
-1080.01 571.228
-1792.21 -8.04119
711.55 1024.42
-113.892 -3310.25
-258.597 1303.57
500.283 -1774.52
-2542 -2381.43
4121.71 895.266
1612.06 2839.88
1558.95 -81.8523
1963.42 4078.05
-3121.03 -286.81
-467.571 -4769.31
-1334.96 1392.67
-2361.25 -1704.54
1996.08 -692.137
-3949.37 -2167.29
146.315 -197.68
2779.88 -263.547
-320.829 3565.3
2208.94 1956.16
-1481.54 -3989.29
-2262.33 -1600.85
1771.26 -415.185
-4728.92 449.151
2604.83 -2504.68
73.1688 -1226.01
456.447 -2028.4
-822.949 2943.81
4667.55 -1357.93
-1061.28 -420.22
-1166.44 3390.85
1392.92 -3107.59
867.064 1556.76
1861 696.512
-1268.56 -5115.19
2687.02 -1002.31
-1584.58 3114.67
717.518 -51.8086
1042.66 -2940.01
1524.27 328.09
359.06 -450.864
-1214.65 2868.94
-2222.8 -2695.01
3534.83 136.694
722.955 399.38
-2636.51 -540.244
1260.54 2759.1
-932.878 1897.64
2119.29 -1627.66
1288.15 2661.77
-462.826 279.348
2703.78 -4245.4
-3180.36 65.4283
1039.78 1798.02
-631.422 938.142
1199.12 -3746.54
-951.14 510.943
24.7631 -5143.78
-56.3005 3312.91
168.937 226.252
2251.77 -1518.46
1836.43 -2718.76
-112.237 -106.825
236.633 330.141
78.2036 432.299
543.536 -291.062
3236.1 -942.511
1657.46 -643.212
-1644.17 -582.467
-613.048 -920.147
806.686 1026.8
-555.178 -2793.48
-395.409 -3497.93
634.948 -1344.62
-282.302 131.5
157.005 463.183
-4013.81 -2778.68
572.172 249.494
188.6 -88.0649
-1216.68 99.4773
-77.1042 -1045.09
-51.4275 -264.158
2521.67 -3002.77
3096.22 3312.48
2243.81 3481.12
340.307 3820.64
1170.28 1880.56
29.1969 -246.938
-1046.51 3002.79
-3517.36 -497.667
-230.587 -1731.05
482.228 -3.25474
-2807.42 211.186
-1827.42 3262.28
2729.54 2168.31
1176.17 -2207.92
-134.521 1306.82
-598.823 3189.17
3158.8 -3510.21
-2082.99 -582.318
1260.22 -1394.63
4459.6 -2526.22
-3853.08 1458.75
1344.68 1913.11
636.397 -1023.85
-446.132 727.358
-1690.55 -201.46
2627.72 1974.48
842.08 355.025
-3849.67 3673.06
-48.9406 -1880.34
-635.681 -2025.84
-985.585 -149.565
1937.77 -1344.15
45.2849 -119.11
-275.363 3679.89
-633.248 -716.301
1954.24 4264.13
-2467.41 3815.68
-2006.93 3054.55
-196.064 90.9915
928.585 842.271
-321.994 1795.58
-1660.75 -4370.73
-654.961 -2872.07
9.78273 69.1737
-3385.17 -1630.99
-4476.47 1540.16
-665.819 631.353
2205.92 -96.5949
-201.771 -185.287
-177.444 2003.18
-1757.07 -1174.49
-4424.81 1274.73
1135.13 374.008
3588.59 192.178
-341.169 -2008.82
-2830.75 -1983.49
441.468 -163.863
2446.69 3920.16
1931.23 4828.19
-3775.09 -1554.92
3221.99 -889.057
1560.34 -3588.79
2748.88 651.805
137.394 59.9065
4299.3 2168.77
-105.757 -1886.03
745.81 -1040.83
-851.173 -2043.47
-1697.06 -2476.04
-3260.03 2006.84
296.617 529.473
373.839 26.9656
-762.61 2519.66
-1696.74 4485
122.166 1662.45
-1997.32 -962.431
534.747 -191.244
822.863 2763.88
503.529 -542.644
-4728.93 906.985
-924.114 -858.481
-1386.02 -2331.69
1865.58 2507.64
3520.08 1004.02
-1593.6 2018.41
287.944 -1814.19
2989.06 -3845.62
-1359.58 762.224
-1704.81 -489.847
9.52996 72.6928
336.341 -457.454
240.163 1041.01
358.259 178.411
-1103.79 159.657
2778.63 -2050.23
-151.621 1591.23
1458.75 2190.19
-2345.4 905.121
236.23 -3401.25
281.33 -2959.72
2766.11 -4151.64
4627.72 1051.15
2140.35 1546.56
-661.811 1079.83
4849.82 -2204.4
-366.425 456.855
-1256.82 -5001.2
1490.46 3281.82
1627.68 -3739.58
-1471.11 1311.52
-892.771 1853.26
-268.825 -282.37
-1915.97 -4071.21
1813.6 -933.635
1580.66 -758.928
728.985 498.048
1182.55 195.121
-1122 -1965.13
213.657 51.2983
619.573 -2176.28
1469.88 2539.86
806.602 2618.63
2584.48 788.436
-2713.86 1491.16
-457.307 -4958
1112.34 -429.854
2897.59 2505.23
-4832.62 -874.918
-1303.21 -962.347
2584.9 13.8445
-117.867 -129.44
4406.85 1313.71
-4505.49 -1375.95
2145.53 2231.92
665.062 710.033
-569.429 3520.76
875.014 370.794
2920.11 -1835.98
1129.72 3942.01
-378.224 -1592.53
-794.125 -3142.24
279.922 -224.138
-3605.08 1121.15
1988.92 512.827
678.736 2391
1163.2 -923.561
5087.21 871.569
-1922.11 -3628.24
-384.118 -363.248
-502.461 -5196.07
-2453.9 3831.98
-1281.82 545.851
2897.72 2338.31
-3612.37 273.639
3892.03 -1388.6
1036.82 4793.44
457.812 1737.93
3688.57 -1106.04
26.5573 88.7262
2623.73 501.294
2479.29 -2504.18
1864.81 2074.53
2114.26 -4537.73
-4271.12 107.832
-467.76 3602.77


1277.89 -1889.08
-824.463 123.387
-2433.56 524.4
-585.35 -4071.72
-1898.64 2030.94
474.197 2543.18
-83.7309 663.246
1175.02 3976.87
2592.02 296.18
-4780.17 -527.619
2408.93 -776.042
3483.16 2275.34
-54.4187 68.8497
-42.3456 -400.836
1141.26 -1382.02
-1631.45 3533.47
-3424.33 1528.04
244.946 1851.08
-1670.31 -4210.31
-1752.41 -1346.17
4860.93 1838.24
1212.16 -1557.53
773.578 -239.116
1619.29 -1095.45
88.885 1640.89
3045.68 -1014.5
257.73 -530.195
3829.48 -250.983
1570.87 -2404.93
-139.236 1900.21
696.57 3571.16
-4406.7 -2387.81
27.1186 -1553.57
538.323 805.501
-1605.52 1211.66
2186.75 -46.8734
3541.86 1818.64
829.325 -2604.27
-1275.26 2183.07
262.728 -605.315
-1327.12 1274.44
-972.459 3150.69
-3416.66 -1791.35
-38.3923 -3561.25
1835.68 1885.95
-2760.8 -500.391
-398.766 2614.08
514.661 -190.916
149.425 3643.77
-505.135 -122.013
-1421.86 -3679.25
-1123.83 2969.68
-6.19933 157.797
101.17 -871.104
673.726 1874.53
-1654.12 -4793.45
903.02 2561.77
-632.072 410.966
2792.23 -507.521
1117.92 766.679
963.317 -3250.12
-1620.83 1130.75
-1815.96 989.737
-4807.01 -1864.55
1522.87 -425.329
2801.71 -2662
-2682.86 2362.59
-4634.33 -203.307
4347.48 969.655
219.943 37.108
2681.49 -1506.45
-744.572 4188.03
-715.183 -1549.64
-3209.61 -3206.57
106.041 398.292
-1453.12 -1946.03
-1075.75 2613.46
1956.68 3684.44
1668.39 317.81
4165.71 982.025
-1247.69 -1342.88
-2954.37 1929.4
-150.531 -1922.66
-2136.14 -1125.9
239.893 -559.921
3036.6 1803.54
134.566 -588.627
-3621.64 3193.67
-47.7575 -1171.62
-2961.1 -76.8182
794.223 -455.044
-3623.32 106.095
1595.06 -1913.46
-1338.61 4594.35
-3869.95 3262.48
4637.87 1390.48
1540.71 2173.88
1887.47 773.216
-365.588 2263.09
1098.29 -2269.26
2877.49 -379.584
-359.324 -1123.06
974.262 1193.82
-172.66 371.708
2119.4 -417.505
1426.63 -1346.53
-1487.63 1560.52
-162.345 -139.655
-222.935 -201.292
-2824.06 -2861.23
2615.38 4318.85
-3697.44 3612.05
-1213.48 -2271.07
-768.79 -4345.38
1669.76 1858.48
-2591.95 97.8204
2205.83 -1879.62
3403.92 -1939.78
4978.72 -1269.19
-360.803 -2392.63
-2069.66 -3358.19
-3703.47 -3772.83
3743.84 2910.87
4292.05 -2014.33
-3700.29 2959.72
3115.35 -3190.37
-2971.15 1689.63
2570.19 3342.06
2731.29 2298.05
-3469.04 -1319.01
-699.654 1691.08
-619.295 521.69
524.194 1614.68
377.597 690.183
3406.81 -1139.62
565.566 -1645.08
-2173.06 1029.57
473.867 2351.14
1490.31 -1184.4
-875.617 -756.702
3387.58 -2401.9
5156.05 1249.29
-2580.61 3630.49
-4095.4 445.091
1884.82 2802.46
-4604.03 791.154
4539.97 -2644.57
-1850.87 1959.84
233.886 -810.699
4243.86 -2293.57
38.3595 -1127.48
-1456.41 -3936.01
-3388.68 -620.415
-1091.25 3387.16
3544.6 -1721.21
1266.84 -3788.36
741.276 -2751.57
-909.978 3761.39
-561.341 -256.292
-1246.28 1549.96
-751.163 -660.861
-2195.82 4154.7
3261.07 -490.479
-2417.98 -2790.85
-1099.15 711.486
3714.57 3327.6
263.28 -518.149
-908.91 277.743
-3155.47 236.904
2311.09 -3068.47
3997.05 715.738
2294.94 -1317.08
-4802.91 -621.688
1116.56 4355.76
-8.41097 -409.159
-1065.18 424.289
-694.281 -352.346
-2825.63 -3563.85
513.346 4463.7
1440.64 -96.8195
25.6322 130.747
218.857 1653.75
3849.33 2998.62
2533.16 -682.933
3656.64 330.288
-60.7695 1355.2
-3058.8 3824.93
-39.73 1252.09
4563.68 1467.79
5.61202 -344.902
161.254 143.943
181.308 233.567
-4873.18 -1356.05
1904.94 618.351
-1168.3 -5162.58
-77.7195 440.486
2056.08 -1738.3
1617.32 1538.5
5124.58 101.198
3728.55 1229.23
2029.15 1308.11
3335.86 3179.66
2226.36 1200.68
-963.23 -28.688
-3977.55 1837.74
-2535.78 -4.34277
1793.77 147.111
-2446.08 1572.4
-3250.16 3901.71
1678.13 1417.72
-665.803 -579.798
-1212.39 448.468
3461.75 -3581.24
665.874 664.315
1658.05 -1571.51
-1274.34 1671.21
-585.955 -1572.37
-440.424 448.427
2933.56 4397.26
-4336.87 -1800.4
-646.757 -4272.52
4202.47 -1040.57
3865.15 -3072.25
113.467 538.861
-3775.24 337.434
2763.85 -2811.42
291.089 1307.58
-753.316 3859.46
-513.867 3270.16
2669.5 3691.63
967.677 181.155
-228.733 61.7791
-261.273 -1539.11
804.775 -2041.11
-3033.2 -139.473
87.8904 3143.74
-4955.73 537.544
1010.13 4924.98
758.729 -376.448
-876.878 -2587.15
1639.97 -1575.35
-142.468 267.256
1374.43 3113.8
-38.1895 -655.854
1898.44 2797.24
-197.839 -3382.39
-1166.6 -2408.92
-2104.63 -1961.18
314.963 -4499.06
-481.135 2203.79
238.631 -720.159
-262.938 -4244.38
-1087.51 557.871
-1791.96 -19.6576
699.638 1032.49
-105.611 -3310.44
-273.389 1301.17
511.597 -1771.25
-2536.4 -2387.3
4120.05 902.859
1604.81 2843.88
1560.09 -68.0014
1956.95 4081.12
-3120.21 -296.257
-459.807 -4770.1
-1343.44 1384.55
-2355.48 -1712.67
1999.75 -681.555
-3945.93 -2173.45
173.37 -173.429
2780.69 -254.254
-328.937 3564.52
2202.75 1963.11
-1473.59 -3992.32
-2256.58 -1609.07
1773.33 -404.498
-4729.65 441.638
2610.75 -2498.53
86.6562 -1224.42
467.304 -2025.91
-831.714 2941.33
4669.68 -1350.66
-1055.94 -435.355
-1174.45 3388.08
1400.14 -3104.23
857.295 1561.67
1856.96 707.184
-1261.96 -5116.81
2689.9 -994.121
-1592.78 3110.58
716.631 -33.6181
1050.43 -2937.1
1521.53 340.87
377.967 -438.921
-1223.31 2865.31
-2215.81 -2700.85
3534.54 145.788
714.173 415.118
-2634.52 -549.77
1251.72 2763.22
-943.16 1892.66
2125.19 -1619.91
1279.81 2665.77
-470.927 259.228
2709.7 -4241.61
-3180.39 57.244
1030.83 1802.81
-642.285 929.465
1206.88 -3744.05
-959.14 496.866
32.5429 -5143.79
-65.7955 3312.84
138.514 240.929
2256.93 -1510.64
1843.18 -2714.07
-76.9838 -135.837
217.045 346.418
53.407 431.664
555.645 -273.029
3238.31 -934.592
1662.57 -631.097
-1640.03 -593.144
-599.698 -930.314
795.13 1036.58
-545.482 -2795.46
-387.536 -3498.72
648.15 -1338.97
-291.199 105.822
134.964 472.066
-4009.57 -2784.83
563.795 268.61
206.593 -52.9959
-1218.14 84.4413
-60.6083 -1046.86
-18.7493 -268.472
2527.44 -2997.84
3090.26 3318.14
2236.78 3485.7
331.688 3821.45
1161.28 1886.04
64.1122 -240.268
-1055.05 2999.8
-3516.16 -506.879
-218.214 -1732.76
484.974 20.5011
-2808.2 201.316
-1835.11 3258.03
2723.8 2175.7
1184.47 -2203.3
-147.995 1305.03
-607.681 3187.51
3164.69 -3504.96
-2080.01 -592.526
1267.91 -1387.15
4463.32 -2519.71
-3855.7 1451.69
1335.94 1919.27
649.483 -1016.03
-461.002 717.954
-1689.19 -214.263
2621.99 1982.31
836.039 371.998
-3854.31 3668.16
-37.881 -1880.35
-625.868 -2028.64
-983.109 -165.771
1944.01 -1335.28
88.3219 -91.827
-284.042 3679.27
-620.776 -725.879
1947.79 4267.05
-2473.39 3811.76
-2014.13 3049.83
-210.975 56.8969
919.078 851.39
-333.679 1793.42
-1654 -4373.27
-645.898 -2874.1
-58.1003 47.7145
-3381.69 -1638.09
-4478.84 1533.26
-678.66 619.002
2206.11 -86.5863
-178.392 -205.114
-189.597 2002.34
-1751.16 -1182.85
-4427.04 1267.13
1130.4 388.043
3588.18 201.296
-330.141 -2010.62
-2825.47 -1991.17
446.299 -140.556
2440.76 3923.79
1925.13 4830.59
-3772.1 -1562.11
3224.66 -879.822
1567.66 -3585.59
2746.66 660.942
111.236 97.5939
4296.22 2174.77
-93.6027 -1886.83
757.193 -1032.44
-841.004 -2047.74
-1689.02 -2481.64
-3264.15 2000.07
277.847 537.826
366.37 53.6331
-771.302 2516.84
-1704.02 4482.29
108.832 1663.78
-1992.57 -972.332
540.698 -170.522
814.567 2766.18
518.281 -529.888
-4730.14 900.388
-914.475 -867.734
-1377.08 -2337.16
1858.73 2512.59
3517.78 1012
-1601.74 2012.05
298.956 -1812.14
2995.39 -3840.77
-1365.12 751.449
-1701.54 -502.55
-56.1206 44.7942
356.52 -447.036
224.606 1044.75
348.233 202.059
-1106.64 143.768
2783.28 -2043.75
-165.265 1590.31
1450.19 2195.98
-2348.57 896.346
245.094 -3400.65
289.705 -2958.76
2772.29 -4147.54
4626.03 1058.78
2134.51 1554.65
-675.517 1072.33
4852.92 -2197.66
-380.125 441.566
-1250.36 -5002.78
1482.57 3285.42
1634.79 -3736.46
-1477.96 1303.38
-903.959 1848.2
-253.043 -300.541
-1909.67 -4074.1
1818.5 -923.821
1585.49 -748.301
719.068 512.26
1179.62 208.805
-1112.87 -1970.23
203.993 88.3593
629.964 -2173.32
1461.25 2544.97
798.139 2621.03
2581.57 798.182
-2718.36 1483
-450.15 -4958.66
1117.61 -415.97
2892.24 2511.4
-4831.38 -881.502
-1295.61 -972.615
2584.75 23.4702
-84.1659 -153.452
4404.66 1321.1
-4503.27 -1383.28
2139.39 2237.63
652.949 722.528
-578.166 3519.38
868.939 387.287
2924.51 -1828.89
1121.52 3944.43
-365.131 -1596.02
-785.624 -3144.35
296.097 -201.212
-3607.86 1112.53
1986.05 522.779
669.551 2393.42
1171.17 -913.24
5086.02 878.379
-1915.38 -3631.75
-368.133 -379.273
-495.936 -5196.66
-2460.72 3827.66
-1286.94 533.359
2892.17 2345.3
-3613.14 264.587
3894.39 -1381.77
1029.15 4795.15
445.252 1741.63
3690.99 -1098.03
-28.6952 96.4043
2621.87 511.5
2484.82 -2498.56
1857.64 2080.95
2120.88 -4534.65
-4271.23 100.734
-475.281 3601.68


1286.32 -1883.22
-825.734 106.343
-2435.28 515.297
-577.836 -4072.75
-1905.51 2024.44
463.469 2545.39
-104.033 661.294
1167.45 3979.1
2590.88 306.205
-4779.36 -534.993
2411.9 -766.597
3478.66 2282.32
-92.1653 21.693
-18.6789 -405.889
1150.04 -1374.47
-1638.84 3530.05
-3427.81 1520.28
232.541 1852.97
-1662.87 -4213.31
-1745.92 -1354.39
4858.53 1844.5
1220.85 -1550.58
780.801 -221.25
1625.15 -1086.31
77.4272 1640.97
3048.38 -1006.23
278.175 -522.193
3830.15 -242.05
1579.06 -2399.62
-150.245 1899.14
688.656 3572.65
-4403.51 -2393.6
41.2059 -1553.85
524.332 815.965
-1611.45 1203.21
2187.29 -34.9732
3538.12 1825.96
838.763 -2601.28
-1283.81 2177.99
281.81 -597.728
-1336.14 1265.46
-980.79 3148.08
-3413.07 -1798.04
-30.3674 -3561.26
1828.46 1893
-2759.07 -509.948
-408.792 2612.59
521.153 -169.848
140.65 3644.17
-498.361 -143.689
-1413.98 -3682.34
-1131.4 2966.65
-50.4801 150.913
117.826 -868.339
663.087 1878.26
-1646.79 -4796.03
894.311 2564.7
-644.932 395.436
2793.71 -498.666
1109.99 778.234
971.204 -3247.69
-1627.4 1121.3
-1821.35 979.821
-4804.57 -1870.76
1526.07 -413.178
2806.8 -2656.51
-2688.15 2356.48
-4634 -210.804
4345.82 977.064
210.485 72.1118
2685.76 -1498.71
-752.548 4186.64
-704.669 -1554
-3204.14 -3212.07
81.1047 404.808
-1444.91 -1952.09
-1085.18 2609.69
1949.98 3687.96
1665.94 329.554
4163.9 989.751
-1238.91 -1351
-2959.37 1921.86
-139.09 -1923.46
-2131.53 -1134.14
261.249 -554.391
3032.16 1811.03
156.42 -586.387
-3625.99 3188.64
-34.0414 -1171.15
-2960.73 -85.3631
803.331 -440.08
-3623.44 98.3782
1603.41 -1906.65
-1345.42 4592.34
-3875.02 3256.56
4635.91 1396.8
1532.48 2179.77
1883.26 782.52
-376.534 2261.41
1106.79 -2264.96
2878.44 -371.088
-345.057 -1127.54
964.316 1201.62
-196.208 361.44
2121 -407.709
1433.58 -1338.64
-1494.94 1553.24
-139.263 -167.643
-201.09 -223.035
-2818.56 -2866.59
2609.56 4322.34
-3702.79 3606.63
-1203.85 -2276.46
-760.523 -4346.91
1661.65 1866.04
-2592.47 87.2348
2211.43 -1872.83
3408.3 -1932.23
4980.25 -1262.97
-350.279 -2394.27
-2062.39 -3362.73
-3698.78 -3777.37
3739.05 2917.09
4295.2 -2007.6
-3705.04 2953.8
3120.34 -3185.41
-2975.98 1681.38
2563.52 3347.27
2725.48 2305.08
-3466.04 -1326.92
-709.958 1686.51
-632.638 507.993
511.534 1619.24
361.34 700.862
3409.3 -1131.96
576.123 -1641.01
-2177.5 1020.15
463.375 2353.32
1498.09 -1174.91
-865.727 -767.328
3392.22 -2395.36
5154.33 1256.56
-2586.18 3626.44
-4096.1 437.886
1878.19 2806.75
-4605.39 783.422
4543.25 -2638.87
-1857.8 1953.21
249.906 -804.879
4247.59 -2286.76
54.2073 -1127.32
-1448.72 -3938.89
-3387.14 -628.193
-1099.44 3384.52
3548.3 -1713.65
1273.93 -3785.91
749.649 -2749.14
-917.792 3759.47
-550.579 -273.215
-1254.16 1543.16
-740.424 -673.939
-2202.25 4151.28
3262.62 -480.98
-2411.96 -2795.97
-1105.75 700.055
3709.4 3333.45
283.408 -509.374
-915.695 260.917
-3156.1 228.028
2318 -3063.32
3995.66 723.248
2300 -1308.33
-4801.96 -629.03
1109.66 4357.48
17.4591 -409.515
-1071.23 409.882
-685.193 -367.844
-2819.53 -3568.7
506.344 4464.45
1442.3 -82.1761
-19.1563 128.658
205.529 1655.93
3844.92 3004.25
2535.85 -673.109
3655.85 337.909
-74.4914 1354.42
-3064.96 3820.06
-54.3297 1251.63
4561.34 1475.16
32.911 -344.536
135.348 170.245
156.441 250.905
-4871.21 -1363.21
1901.39 629.525
-1161.29 -5164.18
-101.931 439.318
2061.95 -1731.15
1609.96 1546.12
5124.43 108.222
3725.92 1237.34
2023.81 1315.96
3330.51 3185.3
2221.68 1209.05
-961.87 -44.498
-3981.13 1830.16
-2535.94 -15.2979
1792.97 159.809
-2451.69 1563.92
-3256.09 3896.83
1670.71 1426.89
-653.984 -590.481
-1216.28 435.836
3466.56 -3576.53
653.958 676.557
1664.49 -1564.3
-1283.18 1664.43
-574.275 -1576.66
-457.494 435.187
2928.04 4400.91
-4334.1 -1806.99
-638.58 -4273.81
4204.19 -1033.44
3869.27 -3066.99
91.9318 540.276
-3775.8 329.991
2769.42 -2805.9
278.545 1309.5
-760.792 3857.93
-522.343 3268.78
2662.94 3696.45
964.857 197.678
-234.233 27.4039
-248.576 -1541.17
814.943 -2037.09
-3032.65 -147.77
78.1664 3144.11
-4956.37 531.049
1003.38 4926.34
766.792 -360.448
-867.285 -2590.48
1647.67 -1567.44
-168.826 250.921
1367.04 3116.95
-17.2744 -659.521
1891.33 2802.02
-188.907 -3382.93
-1158.38 -2412.7
-2098.34 -1967.81
321.959 -4498.51
-492.318 2201.52
257.1 -714.741
-255.066 -4244.87
-1094.85 544.433
-1791.62 -31.2731
687.631 1040.43
-97.3301 -3310.61
-288.151 1298.62
522.89 -1767.9
-2530.78 -2393.15
4118.38 910.449
1597.55 2847.85
1561.13 -54.1459
1950.47 4084.19
-3119.37 -305.701
-452.041 -4770.89
-1351.87 1376.38
-2349.7 -1720.78
2003.37 -670.954
-3942.48 -2179.6
197.013 -145.767
2781.46 -244.958
-337.044 3563.71
2196.54 1970.03
-1465.63 -3995.34
-2250.8 -1617.28
1775.32 -393.795
-4730.36 434.124
2616.65 -2492.36
100.131 -1222.66
478.146 -2023.36
-840.471 2938.82
4671.81 -1343.38
-1050.4 -450.413
-1182.45 3385.3
1407.36 -3100.85
847.486 1566.51
1852.86 717.833
-1255.37 -5118.41
2692.75 -985.923
-1600.96 3106.47
715.226 -15.4033
1058.2 -2934.17
1518.68 353.627
396.349 -426.367
-1231.95 2861.66
-2208.82 -2706.67
3534.24 154.88
705.053 430.659
-2632.5 -559.288
1242.88 2767.3
-953.417 1887.64
2131.07 -1612.14
1271.46 2669.74
-478.206 238.654
2715.61 -4237.82
-3180.39 49.0593
1021.85 1807.56
-653.03 920.618
1214.64 -3741.55
-966.938 482.687
40.3228 -5143.8
-75.2899 3312.75
106.249 252.395
2262.05 -1502.8
1849.91 -2709.36
-35.4201 -153.75
196.579 361.296
28.4324 429.588
567.124 -254.685
3240.51 -926.668
1667.6 -618.952
-1635.8 -603.792
-586.231 -940.3
783.481 1046.24
-535.78 -2797.41
-379.662 -3499.49
661.299 -1333.21
-297.325 79.1379
112.611 479.861
-4005.32 -2790.97
554.796 287.429
218.293 -16.2966
-1219.42 69.3931
-44.0985 -1048.39
14.205 -268.833
2533.19 -2992.89
3084.28 3323.79
2229.75 3490.28
323.068 3822.25
1152.25 1891.47
97.8202 -229.072
-1063.58 2996.79
-3514.93 -516.088
-205.83 -1734.39
486.563 44.2082
-2808.96 191.444
-1842.79 3253.77
2718.04 2183.07
1192.75 -2198.65
-161.452 1303.08
-616.534 3185.83
3170.58 -3499.71
-2076.98 -602.718
1275.54 -1379.62
4467.03 -2513.19
-3858.31 1444.63
1327.17 1925.4
662.471 -1008.05
-475.675 708.243
-1687.74 -227.055
2616.23 1990.13
829.709 388.843
-3858.96 3663.25
-26.8199 -1880.28
-616.037 -2031.37
-980.37 -181.934
1950.22 -1326.38
117.5 -50.1278
-292.72 3678.64
-608.115 -735.237
1941.33 4269.96
-2479.37 3807.83
-2021.33 3045.1
-219.928 21.1894
909.448 860.396
-345.349 1791.19
-1647.25 -4375.8
-636.829 -2876.11
-69.0133 -23.2349
-3378.19 -1645.18
-4481.19 1526.35
-691.27 606.44
2206.24 -76.5757
-152.467 -222.011
-201.743 2001.44
-1745.2 -1191.17
-4429.25 1259.52
1125.49 402.019
3587.75 210.414
-319.102 -2012.36
-2820.18 -1998.83
449.939 -116.875
2434.84 3927.42
1919.02 4832.98
-3769.1 -1569.29
3227.3 -870.581
1574.96 -3582.36
2744.41 670.071
74.2941 125.778
4293.13 2180.76
-81.4447 -1887.56
768.481 -1023.92
-830.814 -2051.96
-1680.97 -2487.22
-3268.26 1993.28
258.74 545.527
356.894 80.0058
-779.982 2513.99
-1711.28 4479.56
95.4929 1665.01
-1987.77 -982.21
545.848 -149.548
806.264 2768.44
532.693 -516.784
-4731.34 893.79
-904.716 -876.873
-1368.12 -2342.59
1851.87 2517.52
3515.46 1019.98
-1609.86 2005.65
309.956 -1810.03
3001.71 -3835.91
-1370.57 740.621
-1698.19 -515.231
-72.2134 -21.7502
376.185 -435.971
209 1048.26
336.733 224.851
-1109.28 127.852
2787.92 -2037.26
-178.9 1589.28
1441.61 2201.73
-2351.71 887.556
253.956 -3400.03
298.077 -2957.77
2778.47 -4143.43
4624.32 1066.41
2128.63 1562.71
-689.136 1064.69
4856.01 -2190.91
-393.306 425.674
-1243.91 -5004.36
1474.67 3289.01
1641.88 -3733.32
-1484.77 1295.19
-915.12 1843.1
-236.105 -317.339
-1903.37 -4076.98
1823.36 -913.979
1590.25 -737.637
708.874 526.275
1176.51 222.457
-1103.73 -1975.29
188.87 123.063
640.342 -2170.31
1452.61 2550.06
789.665 2623.4
2578.62 807.918
-2722.84 1474.84
-442.992 -4959.3
1122.71 -402.021
2886.87 2517.56
-4830.12 -888.083
-1287.93 -982.823
2584.56 33.0956
-45.6746 -168.728
4402.46 1328.49
-4501.04 -1390.61
2133.24 2243.32
640.649 734.817
-586.9 3517.98
862.598 403.661
2928.89 -1821.78
1113.31 3946.83
-352.016 -1599.41
-777.116 -3146.43
310.471 -177.062
-3610.63 1103.89
1983.12 532.716
660.355 2395.8
1179.05 -902.847
5084.83 885.186
-1908.64 -3635.26
-351.472 -394.602
-489.41 -5197.25
-2467.54 3823.33
-1291.93 520.816
2886.6 2352.28
-3613.88 255.533
3896.73 -1374.94
1021.47 4796.84
432.673 1745.25
3693.39 -1090.01
-74.6153 70.7992
2619.98 521.698
2490.33 -2492.93
1850.45 2087.34
2127.5 -4531.56
-4271.32 93.6354
-482.799 3600.57


1294.72 -1877.31
-826.625 89.249
-2436.96 506.185
-570.319 -4073.77
-1912.35 2017.92
452.734 2547.56
-124.242 658.75
1159.87 3981.32
2589.7 316.225
-4778.54 -542.366
2414.83 -757.139
3474.14 2289.29
-91.7545 -35.2645
5.0651 -409.271
1158.76 -1366.87
-1646.22 3526.62
-3431.28 1512.51
220.127 1854.79
-1655.42 -4216.3
-1739.4 -1362.58
4856.12 1850.76
1229.5 -1543.57
787.635 -203.274
1630.96 -1077.14
65.9648 1640.95
3051.04 -997.961
298.257 -513.511
3830.81 -233.115
1587.24 -2394.29
-161.247 1898.01
680.738 3574.11
-4400.31 -2399.38
55.2904 -1554.02
510.188 826.192
-1617.32 1194.71
2187.77 -23.0722
3534.36 1833.28
848.19 -2598.26
-1292.35 2172.89
300.629 -589.585
-1345.11 1256.43
-989.114 3145.46
-3409.46 -1804.71
-22.3424 -3561.25
1821.22 1900.02
-2757.31 -519.499
-418.813 2611.06
526.788 -148.5
131.874 3644.55
-490.617 -165.086
-1406.09 -3685.41
-1138.97 2963.6
-90.8893 132.405
134.436 -865.231
652.425 1881.93
-1639.47 -4798.6
885.591 2567.59
-657.394 379.663
2795.16 -489.805
1101.95 789.707
979.085 -3245.25
-1633.92 1111.8
-1826.7 969.876
-4802.11 -1876.96
1529.16 -400.999
2811.87 -2651.02
-2693.43 2350.35
-4633.65 -218.3
4344.15 984.471
195.41 105.19
2690.01 -1490.95
-760.52 4185.24
-694.118 -1558.28
-3198.65 -3217.56
55.8503 409.737
-1436.68 -1958.11
-1094.61 2605.89
1943.27 3691.46
1663.39 341.282
4162.08 997.474
-1230.09 -1359.06
-2964.34 1914.31
-127.644 -1924.2
-2126.87 -1142.36
282.301 -548.213
3027.71 1818.51
178.085 -583.439
-3630.33 3183.61
-20.3198 -1170.49
-2960.32 -93.9071
812.162 -424.964
-3623.54 90.6614
1611.73 -1899.81
-1352.23 4590.31
-3880.07 3250.62
4633.94 1403.12
1524.21 2185.63
1879 791.801
-387.472 2259.69
1115.28 -2260.63
2879.35 -362.588
-330.736 -1131.84
954.302 1209.34
-218.978 349.739
2122.55 -397.902
1440.48 -1330.7
-1502.21 1545.93
-112.205 -190.858
-177.138 -242.443
-2813.05 -2871.94
2603.72 4325.82
-3708.14 3601.2
-1194.21 -2281.82
-752.253 -4348.44
1653.51 1873.58
-2592.95 76.648
2217.01 -1866.03
3412.66 -1924.67
4981.77 -1256.74
-339.748 -2395.86
-2055.1 -3367.26
-3694.1 -3781.9
3734.25 2923.31
4298.35 -2000.87
-3709.79 2947.87
3125.33 -3180.44
-2980.8 1673.12
2556.85 3352.47
2719.65 2312.09
-3463.02 -1334.81
-720.233 1681.86
-645.667 494.044
498.847 1623.72
344.887 711.159
3411.77 -1124.3
586.652 -1636.86
-2181.91 1010.71
452.875 2355.45
1505.81 -1165.37
-855.689 -777.824
3396.85 -2388.82
5152.6 1263.82
-2591.73 3622.38
-4096.79 430.678
1871.56 2811.02
-4606.74 775.689
4546.51 -2633.17
-1864.7 1946.55
265.815 -798.703
4251.3 -2279.94
70.0452 -1126.96
-1441.03 -3941.76
-3385.58 -635.968
-1107.63 3381.87
3551.99 -1706.09
1281.01 -3783.45
758.014 -2746.68
-925.602 3757.54
-539.179 -289.821
-1262 1536.31
-729.489 -686.84
-2208.68 4147.85
3264.14 -471.479
-2405.93 -2801.08
-1112.21 688.542
3704.21 3339.3
303.149 -499.905
-922.2 244.012
-3156.7 219.151
2324.9 -3058.16
3994.26 730.756
2305.03 -1299.55
-4801 -636.37
1102.74 4359.19
43.2592 -408.229
-1077.1 395.405
-675.717 -383.135
-2813.44 -3573.55
499.34 4465.18
1443.85 -67.5256
-60.972 107.541
192.189 1658.02
3840.51 3009.88
2538.5 -663.276
3655.04 345.528
-88.2055 1353.49
-3071.12 3815.19
-68.9222 1251.01
4558.99 1482.53
59.988 -341.843
105.559 191.669
129.855 265.484
-4869.23 -1370.37
1897.79 640.68
-1154.28 -5165.77
-125.839 436.837
2067.79 -1723.98
1602.56 1553.71
5124.27 115.246
3723.27 1245.44
2018.44 1323.78
3325.16 3190.94
2216.97 1217.4
-960.225 -60.2949
-3984.7 1822.57
-2536.07 -26.2529
1792.08 172.501
-2457.27 1555.41
-3262.01 3891.94
1663.25 1436.03
-641.911 -600.934
-1220.02 423.151
3471.36 -3571.82
641.834 688.584
1670.89 -1557.06
-1291.99 1657.61
-562.564 -1580.86
-474.075 421.483
2922.52 4404.54
-4331.33 -1813.57
-630.401 -4275.08
4205.9 -1026.3
3873.38 -3061.73
70.2449 540.801
-3776.34 322.546
2774.98 -2800.35
265.97 1311.28
-768.265 3856.39
-530.815 3267.37
2656.36 3701.26
961.771 214.147
-234.524 -7.57888
-235.863 -1543.13
825.091 -2033.02
-3032.08 -156.067
68.4417 3144.46
-4957.01 524.552
996.626 4927.69
774.519 -344.29
-857.68 -2593.77
1655.33 -1559.5
-193.454 232.015
1359.63 3120.07
3.65682 -662.572
1884.22 2806.77
-179.973 -3383.45
-1150.13 -2416.46
-2092.04 -1974.41
328.954 -4497.95
-503.489 2199.2
275.413 -708.888
-247.192 -4245.35
-1102.03 530.917
-1791.2 -42.8872
675.531 1048.22
-89.0481 -3310.75
-302.88 1295.93
534.161 -1764.49
-2525.14 -2398.99
4116.69 918.035
1590.27 2851.8
1562.07 -40.2866
1943.98 4087.24
-3118.5 -315.143
-444.274 -4771.67
-1360.25 1368.17
-2343.88 -1728.87
2006.93 -660.334
-3939.02 -2185.74
216.773 -115.231
2782.2 -235.659
-345.149 3562.89
2190.31 1976.94
-1457.66 -3998.34
-2245 -1625.47
1777.23 -383.074
-4731.06 426.609
2622.53 -2486.18
113.592 -1220.72
488.975 -2020.76
-849.22 2936.29
4673.93 -1336.1
-1044.69 -465.392
-1190.44 3382.49
1414.57 -3097.45
837.638 1571.27
1848.7 728.458
-1248.77 -5120.01
2695.57 -977.714
-1609.14 3102.34
713.299 2.82281
1065.95 -2931.22
1515.72 366.36
414.188 -413.231
-1240.59 2857.98
-2201.81 -2712.47
3533.91 163.972
695.602 445.998
-2630.44 -568.798
1234.03 2771.36
-963.647 1882.56
2136.91 -1604.35
1263.1 2673.69
-484.636 217.657
2721.51 -4234.01
-3180.37 40.8741
1012.84 1812.25
-663.655 911.603
1222.39 -3739.03
-974.535 468.406
48.1025 -5143.79
-84.7839 3312.63
72.5061 260.339
2267.15 -1494.94
1856.64 -2704.63
8.96687 -159.507
175.334 374.741
3.36024 426.031
577.968 -236.056
3242.68 -918.737
1672.56 -606.778
-1631.5 -614.41
-572.651 -950.105
771.74 1055.78
-526.072 -2799.33
-371.785 -3500.24
674.397 -1327.35
-300.56 51.6859
90.0018 486.565
-4001.06 -2797.1
545.185 305.93
223.863 20.8751
-1220.52 54.3349
-27.5787 -1049.69
46.9504 -265.24
2538.94 -2987.93
3078.3 3329.43
2222.7 3494.84
314.447 3823.03
1143.19 1896.86
129.696 -213.584
-1072.1 2993.76
-3513.69 -525.294
-193.436 -1735.94
487.014 67.8121
-2809.68 181.569
-1850.46 3249.49
2712.26 2190.43
1201.01 -2193.96
-174.889 1300.99
-625.382 3184.12
3176.45 -3494.44
-2073.89 -612.895
1283.13 -1372.04
4470.73 -2506.67
-3860.9 1437.55
1318.37 1931.49
675.361 -999.922
-490.145 698.229
-1686.21 -239.835
2610.46 1997.93
823.094 405.554
-3863.59 3658.34
-15.7578 -1880.14
-606.19 -2034.06
-977.371 -198.047
1956.38 -1317.45
128.398 -0.611195
-301.396 3677.98
-595.27 -744.371
1934.87 4272.86
-2485.34 3803.89
-2028.51 3040.36
-222.881 -15.1018
899.696 869.287
-357.005 1788.87
-1640.49 -4378.31
-627.752 -2878.09
-21.1921 -70.7742
-3374.68 -1652.26
-4483.53 1519.44
-703.644 593.671
2206.32 -66.5632
-124.303 -235.643
-213.883 2000.47
-1739.19 -1199.45
-4431.46 1251.91
1120.41 415.933
3587.3 219.53
-308.053 -2014.04
-2814.87 -2006.48
452.353 -92.8754
2428.9 3931.03
1912.91 4835.36
-3766.08 -1576.46
3229.93 -861.334
1582.26 -3579.13
2742.13 679.192
29.8605 141.216
4290.02 2186.74
-69.2836 -1888.22
779.672 -1015.27
-820.605 -2056.12
-1672.9 -2492.77
-3272.35 1986.49
239.316 552.56
345.387 105.922
-788.651 2511.1
-1718.55 4476.82
82.1479 1666.15
-1982.92 -992.065
550.183 -128.35
797.951 2770.67
546.758 -503.343
-4732.53 887.19
-894.839 -885.897
-1359.14 -2348
1844.98 2522.43
3513.12 1027.95
-1617.95 1999.22
320.942 -1807.83
3008.02 -3831.05
-1375.93 729.742
-1694.75 -527.887
-17.6944 -70.317
395.317 -424.29
193.35 1051.54
323.83 246.708
-1111.71 111.912
2792.54 -2030.75
-192.522 1588.15
1433.01 2207.45
-2354.8 878.752
262.816 -3399.38
306.446 -2956.75
2784.63 -4139.32
4622.6 1074.04
2122.73 1570.74
-702.666 1056.92
4859.09 -2184.16
-405.942 409.191
-1237.45 -5005.92
1466.76 3292.58
1648.97 -3730.17
-1491.53 1286.96
-926.254 1837.93
-218.111 -332.719
-1897.06 -4079.85
1828.15 -904.109
1594.93 -726.938
698.407 540.086
1173.22 236.075
-1094.56 -1980.3
168.906 154.622
650.705 -2167.25
1443.96 2555.12
781.181 2625.74
2575.65 817.644
-2727.29 1466.65
-435.833 -4959.93
1127.63 -388.011
2881.49 2523.71
-4828.86 -894.664
-1280.17 -992.971
2584.32 42.7204
-4.57517 -174.362
4400.25 1335.87
-4498.8 -1397.93
2127.07 2248.99
628.166 746.896
-595.631 3516.57
855.993 419.911
2933.25 -1814.66
1105.1 3949.21
-338.881 -1602.72
-768.603 -3148.5
322.948 -151.83
-3613.37 1095.25
1980.12 542.636
651.147 2398.13
1186.83 -892.382
5083.63 891.992
-1901.89 -3638.75
-334.164 -409.205
-482.883 -5197.82
-2474.35 3819
-1296.8 508.222
2881.02 2359.25
-3614.6 246.478
3899.05 -1368.1
1013.79 4798.53
420.075 1748.79
3695.77 -1082
-96.6914 22.6529
2618.05 531.89
2495.83 -2487.29
1843.23 2093.71
2134.12 -4528.46
-4271.4 86.5365
-490.315 3599.44


1303.09 -1871.37
-827.134 72.1142
-2438.59 497.064
-562.801 -4074.78
-1919.18 2011.37
441.993 2549.69
-144.34 655.621
1152.28 3983.52
2588.49 326.24
-4777.7 -549.738
2417.72 -747.669
3469.6 2296.25
-57.5018 -79.4387
28.7891 -411.005
1167.44 -1359.2
-1653.59 3523.17
-3434.72 1504.74
207.705 1856.53
-1647.97 -4219.27
-1732.83 -1370.74
4853.7 1857.01
1238.1 -1536.51
794.081 -185.198
1636.72 -1067.92
54.4986 1640.83
3053.69 -989.681
317.956 -504.167
3831.45 -224.179
1595.4 -2388.93
-172.244 1896.8
672.816 3575.55
-4397.1 -2405.16
69.3711 -1554.08
495.898 836.18
-1623.15 1186.18
2188.2 -11.1706
3530.58 1840.58
857.607 -2595.21
-1300.87 2167.75
319.171 -580.897
-1354.02 1247.35
-997.43 3142.81
-3405.83 -1811.38
-14.3173 -3561.22
1813.95 1907.02
-2755.52 -529.044
-428.827 2609.49
531.553 -126.907
123.097 3644.91
-481.911 -186.159
-1398.2 -3688.46
-1146.53 2960.53
-124.516 103.986
150.992 -861.781
641.742 1885.55
-1632.14 -4801.16
876.859 2570.45
-669.456 363.658
2796.58 -480.939
1093.79 801.096
986.959 -3242.78
-1640.39 1102.27
-1831.99 959.903
-4799.65 -1883.16
1532.16 -388.793
2816.93 -2645.51
-2698.7 2344.21
-4633.3 -225.795
4342.46 991.874
175.077 135.436
2694.23 -1483.17
-768.491 4183.82
-683.53 -1562.47
-3193.16 -3223.04
30.378 413.068
-1428.42 -1964.1
-1104.02 2602.06
1936.55 3694.95
1660.76 352.991
4160.24 1005.19
-1221.2 -1367.07
-2969.3 1906.75
-116.193 -1924.87
-2122.17 -1150.56
303.028 -541.405
3023.24 1825.97
199.539 -579.8
-3634.66 3178.57
-6.59484 -1169.63
-2959.89 -102.45
820.714 -409.702
-3623.63 82.944
1620.02 -1892.95
-1359.04 4588.28
-3885.12 3244.68
4631.96 1409.44
1515.93 2191.46
1874.67 801.058
-398.401 2257.92
1123.75 -2256.26
2880.23 -354.084
-316.362 -1135.96
944.219 1216.97
-240.888 336.664
2124.04 -388.086
1447.33 -1322.71
-1509.45 1538.58
-82.0974 -208.901
-151.331 -259.31
-2807.54 -2877.27
2597.88 4329.3
-3713.48 3595.76
-1184.55 -2287.14
-743.981 -4349.95
1645.34 1881.08
-2593.4 66.06
2222.57 -1859.21
3417.02 -1917.1
4983.28 -1250.5
-329.21 -2397.42
-2047.81 -3371.78
-3689.4 -3786.43
3729.45 2929.51
4301.48 -1994.14
-3714.53 2941.93
3130.3 -3175.47
-2985.59 1664.84
2550.16 3357.65
2713.8 2319.1
-3459.99 -1342.7
-730.477 1677.15
-658.377 479.849
486.133 1628.11
328.248 721.074
3414.22 -1116.63
597.152 -1632.63
-2186.28 1001.25
442.366 2357.53
1513.47 -1155.78
-845.506 -788.187
3401.47 -2382.27
5150.85 1271.08
-2597.29 3618.31
-4097.46 423.469
1864.91 2815.28
-4608.08 767.953
4549.78 -2627.46
-1871.58 1939.87
281.605 -792.171
4255 -2273.12
85.8702 -1126.39
-1433.33 -3944.61
-3384 -643.738
-1115.81 3379.19
3555.66 -1698.53
1288.08 -3780.98
766.371 -2744.19
-933.409 3755.59
-527.146 -306.087
-1269.79 1529.4
-718.363 -699.561
-2215.1 4144.41
3265.63 -461.973
-2399.89 -2806.17
-1118.54 676.948
3699.02 3345.14
322.482 -489.76
-928.424 227.032
-3157.28 210.271
2331.79 -3052.98
3992.83 738.261
2310.02 -1290.76
-4800.03 -643.708
1095.83 4360.88
68.8868 -405.315
-1082.78 380.858
-665.857 -398.207
-2807.33 -3578.38
492.335 4465.9
1445.26 -52.8693
-91.8736 67.7841
178.839 1660.01
3836.08 3015.5
2541.11 -653.433
3654.21 353.146
-101.91 1352.43
-3077.27 3810.3
-83.5055 1250.22
4556.63 1489.89
86.6638 -336.863
72.7977 207.704
101.839 277.142
-4867.23 -1377.53
1894.12 651.813
-1147.27 -5167.35
-149.38 433.082
2073.6 -1716.79
1595.12 1561.26
5124.1 122.269
3720.61 1253.54
2013.03 1331.59
3319.79 3196.57
2212.22 1225.74
-958.295 -76.0738
-3988.26 1814.97
-2536.15 -37.2074
1791.12 185.184
-2462.83 1546.89
-3267.92 3887.04
1655.75 1445.14
-629.588 -611.154
-1223.61 410.415
3476.16 -3567.1
629.507 700.392
1677.26 -1549.78
-1300.76 1650.75
-550.822 -1584.98
-490.156 407.334
2916.99 4408.17
-4328.54 -1820.15
-622.22 -4276.35
4207.59 -1019.15
3877.47 -3056.46
48.4408 540.423
-3776.86 315.1
2780.53 -2794.8
253.366 1312.92
-775.735 3854.84
-539.283 3265.94
2649.78 3706.06
958.418 230.556
-229.514 -42.3885
-223.133 -1544.98
835.218 -2028.89
-3031.47 -164.362
58.7165 3144.78
-4957.63 518.055
989.869 4929.03
781.909 -327.983
-848.064 -2597.03
1662.96 -1551.52
-216.093 210.724
1352.22 3123.18
24.5848 -665.011
1877.08 2811.51
-171.039 -3383.95
-1141.87 -2420.18
-2085.71 -1980.99
335.949 -4497.38
-514.649 2196.83
293.559 -702.605
-239.317 -4245.81
-1109.06 517.324
-1790.7 -54.4993
663.34 1055.88
-80.7654 -3310.88
-317.576 1293.09
545.41 -1760.99
-2519.5 -2404.81
4114.98 925.619
1582.99 2855.74
1562.89 -26.4246
1937.49 4090.27
-3117.61 -324.582
-436.505 -4772.43
-1368.59 1359.9
-2338.05 -1736.95
2010.44 -649.697
-3935.55 -2191.88
232.285 -82.4359
2782.91 -226.357
-353.251 3562.04
2184.06 1983.83
-1449.69 -4001.33
-2239.16 -1633.64
1779.07 -372.336
-4731.75 419.093
2628.4 -2479.99
127.037 -1218.6
499.79 -2018.09
-857.962 2933.73
4676.03 -1328.82
-1038.79 -480.289
-1198.43 3379.67
1421.76 -3094.02
827.751 1575.96
1844.47 739.058
-1242.17 -5121.6
2698.37 -969.494
-1617.3 3098.19
710.846 21.0468
1073.7 -2928.24
1512.67 379.067
431.47 -399.537
-1249.21 2854.28
-2194.79 -2718.26
3533.57 173.063
685.822 461.126
-2628.35 -578.301
1225.17 2775.4
-973.851 1877.43
2142.73 -1596.53
1254.72 2677.6
-490.189 196.266
2727.41 -4230.2
-3180.32 32.6887
1003.8 1816.88
-674.159 902.421
1230.13 -3736.5
-981.929 454.027
55.8822 -5143.78
-94.2773 3312.49
37.7124 264.5
2272.22 -1487.06
1863.35 -2699.88
52.6956 -153.134
153.405 386.727
-21.7233 420.958
588.172 -217.167
3244.82 -910.8
1677.43 -594.576
-1627.11 -624.998
-558.96 -959.726
759.908 1065.19
-516.359 -2801.22
-363.906 -3500.97
687.441 -1321.38
-300.794 23.7188
67.1901 492.174
-3996.79 -2803.23
534.974 324.095
223.649 57.5207
-1221.45 39.2689
-11.0526 -1050.74
79.0065 -257.751
2544.68 -2982.96
3072.3 3335.06
2215.65 3499.38
305.824 3823.79
1134.1 1902.2
159.167 -194.133
-1080.62 2990.7
-3512.42 -534.497
-181.033 -1737.4
486.348 91.2607
-2810.37 171.693
-1858.12 3245.19
2706.47 2197.78
1209.25 -2189.23
-188.307 1298.74
-634.226 3182.38
3182.32 -3489.17
-2070.75 -623.056
1290.67 -1364.4
4474.42 -2500.15
-3863.48 1430.48
1309.54 1937.55
688.149 -991.644
-504.405 687.916
-1684.58 -252.602
2604.67 2005.72
816.197 422.127
-3868.22 3653.42
-4.69515 -1879.93
-596.326 -2036.69
-974.111 -214.109
1962.5 -1308.49
119.634 49.0247
-310.07 3677.31
-582.243 -753.278
1928.4 4275.74
-2491.31 3799.94
-2035.69 3035.59
-219.959 -51.0003
889.823 878.061
-368.645 1786.48
-1633.73 -4380.82
-618.67 -2880.04
50.7325 -49.9633
-3371.14 -1659.34
-4485.86 1512.53
-715.779 580.701
2206.35 -56.549
-94.2524 -245.692
-226.015 1999.44
-1733.13 -1207.71
-4433.65 1244.3
1115.16 429.783
3586.83 228.645
-296.995 -2015.66
-2809.55 -2014.12
453.511 -68.6181
2422.96 3934.64
1906.79 4837.73
-3763.05 -1583.63
3232.53 -852.081
1589.55 -3575.88
2739.82 688.306
-17.6834 141.8
4286.91 2192.72
-57.1199 -1888.81
790.767 -1006.49
-810.377 -2060.24
-1664.82 -2498.3
-3276.43 1979.68
219.597 558.911
331.838 131.211
-797.309 2508.18
-1725.81 4474.07
68.7983 1667.19
-1978.03 -1001.9
553.694 -106.961
789.63 2772.88
560.467 -489.574
-4733.7 880.587
-884.844 -894.805
-1350.15 -2353.38
1838.09 2527.32
3510.77 1035.92
-1626.01 1992.76
331.915 -1805.56
3014.33 -3826.17
-1381.18 718.813
-1691.24 -540.519
48.0764 -52.2841
413.903 -412.021
177.657 1054.6
309.602 267.555
-1113.93 95.9512
2797.14 -2024.24
-206.133 1586.92
1424.39 2213.14
-2357.86 869.934
271.674 -3398.72
314.812 -2955.7
2790.8 -4135.19
4620.86 1081.67
2116.79 1578.76
-716.106 1049
4862.16 -2177.41
-418.005 392.131
-1230.98 -5007.48
1458.84 3296.13
1656.05 -3727
-1498.23 1278.68
-937.36 1832.71
-199.158 -346.636
-1890.75 -4082.71
1832.89 -894.211
1599.53 -716.203
687.671 553.69
1169.75 249.657
-1085.36 -1985.26
144.819 182.417
661.053 -2164.15
1435.29 2560.15
772.688 2628.05
2572.64 827.359
-2731.72 1458.46
-428.673 -4960.56
1132.38 -373.94
2876.09 2529.85
-4827.59 -901.242
-1272.33 -1003.06
2584.05 52.3446
36.7843 -169.962
4398.03 1343.24
-4496.54 -1405.25
2120.88 2254.64
615.505 758.763
-604.358 3515.13
849.126 436.033
2937.6 -1807.52
1096.89 3951.58
-325.725 -1605.92
-760.083 -3150.53
333.442 -125.666
-3616.1 1086.61
1977.07 552.54
641.929 2400.43
1194.52 -881.845
5082.41 898.797
-1895.14 -3642.23
-316.241 -423.055
-476.355 -5198.38
-2481.15 3814.65
-1301.54 495.579
2875.42 2366.21
-3615.31 237.422
3901.36 -1361.26
1006.11 4800.21
407.457 1752.25
3698.13 -1073.97
-83.9366 -32.9003
2616.09 542.074
2501.32 -2481.63
1836 2100.05
2140.73 -4525.36
-4271.46 79.4373
-497.828 3598.29


1311.43 -1865.38
-827.259 54.9459
-2440.19 487.935
-555.28 -4075.77
-1925.97 2004.8
431.244 2551.78
-164.311 651.911
1144.69 3985.71
2587.24 336.251
-4776.86 -557.108
2420.57 -738.188
3465.06 2303.2
-2.13959 -93.9945
52.3999 -411.117
1176.06 -1351.47
-1660.95 3519.7
-3438.15 1496.96
195.274 1858.2
-1640.51 -4222.23
-1726.22 -1378.87
4851.28 1863.26
1246.66 -1529.4
800.137 -167.031
1642.41 -1058.67
43.0293 1640.62
3056.31 -981.393
337.25 -494.182
3832.07 -215.242
1603.55 -2383.54
-183.234 1895.52
664.891 3576.98
-4393.88 -2410.93
83.4469 -1554.04
481.465 845.928
-1628.92 1177.6
2188.58 0.731224
3526.8 1847.88
867.012 -2592.12
-1309.37 2162.57
337.418 -571.673
-1362.87 1238.21
-1005.74 3140.14
-3402.19 -1818.05
-6.29203 -3561.17
1806.65 1913.99
-2753.7 -538.583
-438.836 2607.88
535.436 -105.103
114.32 3645.26
-472.256 -206.866
-1390.3 -3691.5
-1154.08 2957.43
-149.135 68.0224
167.489 -857.991
631.038 1889.09
-1624.8 -4803.71
868.115 2573.28
-681.114 347.434
2797.97 -472.068
1085.51 812.402
994.827 -3240.3
-1646.8 1092.7
-1837.23 949.901
-4797.18 -1889.35
1535.05 -376.562
2821.98 -2639.99
-2703.95 2338.06
-4632.93 -233.29
4340.76 999.274
149.995 162.007
2698.43 -1475.39
-776.458 4182.38
-672.907 -1566.59
-3187.66 -3228.52
4.78764 414.795
-1420.13 -1970.06
-1113.42 2598.19
1929.83 3698.42
1658.04 364.682
4158.39 1012.91
-1212.27 -1375.01
-2974.25 1899.17
-104.738 -1925.47
-2117.44 -1158.74
323.414 -533.987
3018.75 1833.43
220.759 -575.483
-3638.99 3173.52
7.13121 -1168.59
-2959.42 -110.992
828.984 -394.3
-3623.69 75.2262
1628.29 -1886.04
-1365.84 4586.23
-3890.16 3238.74
4629.96 1415.76
1507.63 2197.26
1870.3 810.29
-409.322 2256.1
1132.2 -2251.86
2881.08 -345.576
-301.937 -1139.9
934.068 1224.51
-261.861 322.28
2125.47 -378.259
1454.14 -1314.68
-1516.64 1531.18
-49.8511 -221.518
-123.937 -273.459
-2802.01 -2882.6
2592.04 4332.76
-3718.82 3590.32
-1174.87 -2292.43
-735.707 -4351.45
1637.14 1888.56
-2593.8 55.471
2228.1 -1852.36
3421.35 -1909.52
4984.78 -1244.27
-318.667 -2398.93
-2040.51 -3376.28
-3684.7 -3790.96
3724.63 2935.71
4304.61 -1987.39
-3719.26 2935.98
3135.26 -3170.48
-2990.37 1656.56
2543.47 3362.82
2707.95 2326.09
-3456.94 -1350.59
-740.689 1672.36
-670.762 465.419
473.394 1632.42
311.434 730.602
3416.65 -1108.96
607.622 -1628.32
-2190.6 991.768
431.848 2359.57
1521.07 -1146.15
-835.179 -798.416
3406.07 -2375.71
5149.1 1278.34
-2602.83 3614.23
-4098.12 416.259
1858.25 2819.51
-4609.41 760.216
4553.03 -2621.74
-1878.44 1933.16
297.269 -785.285
4258.69 -2266.29
101.68 -1125.62
-1425.63 -3947.45
-3382.4 -651.504
-1123.98 3376.5
3559.31 -1690.95
1295.15 -3778.49
774.719 -2741.66
-941.211 3753.63
-514.487 -321.988
-1277.54 1522.45
-707.049 -712.099
-2221.52 4140.96
3267.1 -452.465
-2393.84 -2811.25
-1124.75 665.275
3693.82 3350.97
341.382 -478.961
-934.367 209.983
-3157.83 201.39
2338.66 -3047.79
3991.4 745.763
2314.98 -1281.95
-4799.06 -651.045
1088.91 4362.57
94.2409 -400.792
-1088.28 366.245
-655.616 -413.052
-2801.22 -3583.2
485.329 4466.61
1446.55 -38.2083
-101.618 13.1842
165.478 1661.91
3831.65 3021.11
2543.68 -643.581
3653.36 360.761
-115.604 1351.22
-3083.41 3805.41
-98.0776 1249.27
4554.26 1497.25
112.764 -329.643
38.0234 218.002
72.6986 285.739
-4865.23 -1384.69
1890.39 662.925
-1140.26 -5168.92
-172.495 428.093
2079.38 -1709.57
1587.65 1568.77
5123.93 129.293
3717.94 1261.64
2007.58 1339.36
3314.42 3202.18
2207.44 1234.05
-956.079 -91.8301
-3991.8 1807.37
-2536.2 -48.1613
1790.08 197.86
-2468.36 1538.36
-3273.83 3882.14
1648.21 1454.21
-617.018 -621.133
-1227.05 397.629
3480.94 -3562.37
616.98 711.979
1683.59 -1542.47
-1309.5 1643.83
-539.049 -1589.01
-505.729 392.763
2911.46 4411.79
-4325.74 -1826.73
-614.037 -4277.6
4209.27 -1012.01
3881.56 -3051.18
26.5546 539.128
-3777.37 307.652
2786.07 -2789.24
240.734 1314.41
-783.201 3853.26
-547.747 3264.49
2643.19 3710.84
954.802 246.902
-219.232 -76.2221
-210.388 -1546.73
845.326 -2024.72
-3030.84 -172.655
48.9907 3145.08
-4958.25 511.556
983.11 4930.35
788.959 -311.532
-838.438 -2600.26
1670.55 -1543.51
-236.503 187.26
1344.8 3126.27
45.4904 -666.846
1869.94 2816.23
-162.103 -3384.43
-1133.6 -2423.86
-2079.35 -1987.55
342.942 -4496.79
-525.797 2194.42
311.528 -695.898
-231.442 -4246.26
-1115.92 503.658
-1790.12 -66.109
651.059 1063.39
-72.4822 -3310.97
-332.236 1290.11
556.636 -1757.43
-2513.83 -2410.62
4113.26 933.2
1575.69 2859.65
1563.61 -12.5608
1930.99 4093.3
-3116.69 -334.019
-428.736 -4773.18
-1376.87 1351.58
-2332.19 -1745
2013.89 -639.041
-3932.07 -2198.01
243.3 -48.043
2783.59 -217.053
-361.352 3561.18
2177.79 1990.69
-1441.72 -4004.3
-2233.3 -1641.79
1780.83 -361.583
-4732.43 411.576
2634.26 -2473.79
140.463 -1216.31
510.59 -2015.37
-866.697 2931.14
4678.13 -1321.54
-1032.7 -495.101
-1206.41 3376.82
1428.95 -3090.58
817.826 1580.57
1840.19 749.634
-1235.56 -5123.18
2701.13 -961.263
-1625.46 3094.02
707.864 39.2551
1081.44 -2925.23
1509.5 391.748
448.178 -385.313
-1257.82 2850.55
-2187.75 -2724.03
3533.2 182.153
675.72 476.038
-2626.23 -587.797
1216.3 2779.41
-984.028 1872.24
2148.51 -1588.69
1246.33 2681.5
-494.838 174.513
2733.31 -4226.38
-3180.25 24.503
994.728 1821.47
-684.539 893.072
1237.87 -3733.95
-989.119 439.555
63.6617 -5143.76
-103.77 3312.32
2.35374 264.679
2277.26 -1479.16
1870.04 -2695.11
92.6087 -135.6
130.889 397.232
-46.7265 414.337
597.735 -198.04
3246.95 -902.856
1682.23 -582.347
-1622.65 -635.555
-545.162 -969.162
747.987 1074.48
-506.639 -2803.07
-356.025 -3501.68
700.43 -1315.31
-297.92 -4.49143
44.229 496.69
-3992.51 -2809.35
524.175 341.904
218.117 92.8109
-1222.2 24.1972
5.47607 -1051.56
109.906 -246.487
2550.4 -2977.98
3066.3 3340.68
2208.6 3503.92
297.2 3824.54
1124.99 1907.5
185.728 -171.13
-1089.13 2987.62
-3511.13 -543.697
-168.621 -1738.78
484.589 114.504
-2811.02 161.814
-1865.77 3240.88
2700.66 2205.11
1217.46 -2184.47
-201.703 1296.35
-643.065 3180.62
3188.18 -3483.89
-2067.56 -633.202
1298.15 -1356.71
4478.11 -2493.62
-3866.05 1423.39
1300.69 1943.56
700.835 -983.219
-518.45 677.31
-1682.86 -265.355
2598.86 2013.49
809.021 438.555
-3872.84 3648.5
6.3677 -1879.64
-586.446 -2039.26
-970.592 -230.113
1968.59 -1299.51
92.9392 91.3455
-318.743 3676.62
-569.037 -761.953
1921.93 4278.62
-2497.26 3795.98
-2042.85 3030.81
-211.43 -85.6033
879.831 886.717
-380.269 1784.01
-1626.96 -4383.31
-609.581 -2881.95
65.2603 18.8402
-3367.6 -1666.41
-4488.17 1505.61
-727.672 567.534
2206.32 -46.5335
-62.7154 -251.857
-238.141 1998.34
-1727.03 -1215.93
-4435.83 1236.68
1109.73 443.566
3586.34 237.759
-285.928 -2017.21
-2804.2 -2021.75
453.381 -44.1664
2417.02 3938.23
1900.68 4840.1
-3760.01 -1590.79
3235.11 -842.822
1596.83 -3572.61
2737.48 697.412
-63.2839 126.996
4283.79 2198.69
-44.9539 -1889.32
801.762 -997.592
-800.128 -2064.31
-1656.72 -2503.81
-3280.49 1972.87
199.604 564.566
316.25 155.693
-805.956 2505.22
-1733.06 4471.31
55.4448 1668.15
-1973.09 -1011.7
556.369 -85.4095
781.3 2775.05
573.813 -475.489
-4734.87 873.983
-874.732 -903.595
-1341.14 -2358.72
1831.17 2532.19
3508.39 1043.88
-1634.06 1986.27
342.874 -1803.21
3020.63 -3821.29
-1386.35 707.834
-1687.65 -553.126
66.1664 22.2493
431.927 -399.194
161.927 1057.43
294.127 287.325
-1115.94 79.9719
2801.73 -2017.7
-219.73 1585.58
1415.75 2218.8
-2360.88 861.101
280.531 -3398.03
323.175 -2954.62
2796.95 -4131.05
4619.12 1089.29
2110.83 1586.75
-729.454 1040.96
4865.23 -2170.65
-429.468 374.509
-1224.52 -5009.03
1450.91 3299.66
1663.12 -3723.83
-1504.89 1270.36
-948.439 1827.44
-179.342 -359.053
-1884.43 -4085.55
1837.57 -884.285
1604.06 -705.434
676.67 567.081
1166.1 263.2
-1076.14 -1990.19
117.377 205.998
671.387 -2160.99
1426.6 2565.15
764.184 2630.32
2569.59 837.062
-2736.12 1450.25
-421.512 -4961.17
1136.96 -359.811
2870.68 2535.98
-4826.3 -907.818
-1264.42 -1013.08
2583.74 61.9681
76.0028 -155.69
4395.79 1350.62
-4494.28 -1412.56
2114.67 2260.27
602.67 770.415
-613.082 3513.67
842.001 452.022
2941.92 -1800.38
1088.67 3953.94
-312.55 -1609.03
-751.558 -3152.54
341.878 -98.7268
-3618.81 1077.96
1973.96 562.428
632.7 2402.69
1202.11 -871.238
5081.19 905.6
-1888.37 -3645.69
-297.735 -436.125
-469.826 -5198.93
-2487.95 3810.29
-1306.16 482.888
2869.81 2373.15
-3615.99 228.364
3903.66 -1354.41
998.431 4801.88
394.822 1755.64
3700.48 -1065.94
-30.548 -70.0838
2614.1 552.251
2506.79 -2475.95
1828.74 2106.37
2147.33 -4522.24
-4271.51 72.3378
-505.338 3597.12


1319.75 -1859.36
-826.998 37.752
-2441.75 478.798
-547.757 -4076.74
-1932.75 1998.2
420.489 2553.84
-184.137 647.625
1137.1 3987.88
2585.95 346.256
-4776 -564.477
2423.39 -728.694
3460.5 2310.15
53.2451 -68.5193
75.8079 -409.636
1184.63 -1343.67
-1668.31 3516.22
-3441.57 1489.18
182.835 1859.79
-1633.05 -4225.19
-1719.57 -1386.97
4848.84 1869.51
1255.18 -1522.24
805.803 -148.783
1648.05 -1049.38
31.5574 1640.31
3058.9 -973.098
356.119 -483.574
3832.68 -206.304
1611.67 -2378.12
-194.217 1894.17
656.962 3578.39
-4390.65 -2416.69
97.517 -1553.89
466.893 855.434
-1634.64 1169
2188.9 12.633
3522.99 1855.17
876.407 -2589
-1317.84 2157.36
355.356 -561.926
-1371.67 1229.02
-1014.04 3137.44
-3398.54 -1824.7
1.73325 -3561.1
1799.33 1920.93
-2751.84 -548.116
-448.838 2606.24
538.426 -83.1244
105.542 3645.58
-461.664 -227.162
-1382.39 -3694.53
-1161.62 2954.31
-163.308 27.2756
183.919 -853.859
620.314 1892.58
-1617.47 -4806.25
859.361 2576.07
-692.366 331.003
2799.33 -463.191
1077.12 823.622
1002.69 -3237.79
-1653.15 1083.1
-1842.41 939.872
-4794.7 -1895.54
1537.85 -364.306
2827.02 -2634.45
-2709.18 2331.9
-4632.55 -240.784
4339.05 1006.67
120.813 184.148
2702.61 -1467.59
-784.423 4180.94
-662.248 -1570.62
-3182.15 -3233.98
-20.8213 414.92
-1411.82 -1975.98
-1122.81 2594.3
1923.1 3701.88
1655.24 376.353
4156.52 1020.62
-1203.29 -1382.9
-2979.17 1891.59
-93.2793 -1926
-2112.66 -1166.9
343.443 -525.978
3014.25 1840.87
241.727 -570.505
-3643.3 3168.47
20.8561 -1167.35
-2958.93 -119.533
836.97 -378.762
-3623.73 67.508
1636.53 -1879.11
-1372.64 4584.18
-3895.2 3232.78
4627.96 1422.07
1499.31 2203.03
1865.86 819.497
-420.235 2254.24
1140.64 -2247.42
2881.9 -337.065
-287.463 -1143.66
923.851 1231.97
-281.827 306.656
2126.86 -368.422
1460.89 -1306.6
-1523.79 1523.75
-16.3509 -228.584
-95.2442 -284.742
-2796.47 -2887.91
2586.19 4336.22
-3724.14 3584.87
-1165.17 -2297.68
-727.43 -4352.93
1628.91 1896
-2594.16 44.8812
2233.6 -1845.5
3425.68 -1901.94
4986.28 -1238.03
-308.118 -2400.39
-2033.2 -3380.77
-3679.99 -3795.47
3719.81 2941.91
4307.72 -1980.65
-3723.98 2930.03
3140.22 -3165.48
-2995.12 1648.27
2536.77 3367.98
2702.07 2333.06
-3453.87 -1358.46
-750.87 1667.51
-682.82 450.761
460.629 1636.64
294.454 739.742
3419.06 -1101.28
618.061 -1623.93
-2194.89 982.271
421.323 2361.57
1528.62 -1136.48
-824.709 -808.509
3410.66 -2369.14
5147.34 1285.6
-2608.36 3610.14
-4098.76 409.047
1851.58 2823.73
-4610.73 752.476
4556.27 -2616.03
-1885.27 1926.43
312.8 -778.047
4262.38 -2259.46
117.47 -1124.64
-1417.92 -3950.28
-3380.77 -659.266
-1132.15 3373.78
3562.95 -1683.37
1302.21 -3775.99
783.058 -2739.11
-949.009 3751.65
-501.207 -337.502
-1285.25 1515.44
-695.55 -724.45
-2227.93 4137.5
3268.55 -442.953
-2387.77 -2816.31
-1130.82 653.524
3688.61 3356.79
359.83 -467.527
-940.028 192.871
-3158.36 192.508
2345.53 -3042.59
3989.94 753.263
2319.91 -1273.12
-4798.06 -658.381
1081.99 4364.24
119.222 -394.684
-1093.58 351.568
-645.001 -427.661
-2795.09 -3588.02
478.322 4467.31
1447.72 -23.5441
-78.5582 -44.4097
152.108 1663.72
3827.2 3026.72
2546.22 -633.72
3652.49 368.375
-129.286 1349.87
-3089.55 3800.51
-112.637 1248.14
4551.88 1504.61
138.118 -320.243
2.21408 222.383
42.7527 291.167
-4863.22 -1391.84
1886.6 674.016
-1133.24 -5170.48
-195.131 421.913
2085.14 -1702.34
1580.14 1576.25
5123.74 136.316
3715.25 1269.73
2002.09 1347.12
3309.03 3207.8
2202.62 1242.34
-953.578 -107.559
-3995.33 1799.77
-2536.2 -59.1144
1788.96 210.526
-2473.86 1529.81
-3279.73 3877.23
1640.62 1463.24
-604.204 -630.867
-1230.34 384.794
3485.72 -3557.63
604.258 723.34
1689.88 -1535.13
-1318.2 1636.87
-527.247 -1592.95
-520.785 377.789
2905.92 4415.4
-4322.92 -1833.3
-605.852 -4278.83
4210.94 -1004.86
3885.65 -3045.89
4.62271 536.904
-3777.86 300.203
2791.59 -2783.66
228.076 1315.76
-790.664 3851.68
-556.208 3263.02
2636.59 3715.62
950.922 263.18
-203.825 -108.272
-197.629 -1548.37
855.412 -2020.5
-3030.17 -180.947
39.2646 3145.34
-4958.85 505.057
976.349 4931.67
795.665 -294.946
-828.8 -2603.46
1678.1 -1535.47
-254.471 161.862
1337.36 3129.33
66.3552 -668.082
1862.79 2820.93
-153.166 -3384.88
-1125.31 -2427.52
-2072.98 -1994.08
349.935 -4496.2
-536.934 2191.95
329.309 -688.772
-223.565 -4246.69
-1122.63 489.919
-1789.45 -77.7156
638.69 1070.75
-64.1984 -3311.05
-346.86 1286.99
567.839 -1753.79
-2508.15 -2416.41
4111.53 940.777
1568.39 2863.53
1564.22 1.30393
1924.49 4096.32
-3115.74 -343.452
-420.966 -4773.92
-1385.1 1343.21
-2326.3 -1753.04
2017.29 -628.368
-3928.57 -2204.14
249.695 -12.735
2784.23 -207.745
-369.45 3560.29
2171.49 1997.54
-1433.74 -4007.27
-2227.41 -1649.92
1782.51 -350.813
-4733.09 404.058
2640.1 -2467.57
153.87 -1213.85
521.376 -2012.59
-875.423 2928.53
4680.21 -1314.25
-1026.44 -509.827
-1214.38 3373.96
1436.13 -3087.11
807.864 1585.12
1835.84 760.186
-1228.96 -5124.75
2703.86 -953.022
-1633.61 3089.84
704.352 57.4339
1089.16 -2922.2
1506.24 404.403
464.302 -370.586
-1266.42 2846.8
-2180.7 -2729.79
3532.81 191.242
665.299 490.725
-2624.06 -597.284
1207.42 2783.39
-994.178 1867.01
2154.27 -1580.83
1237.93 2685.36
-498.556 152.433
2739.2 -4222.55
-3180.15 16.317
985.631 1826
-694.792 883.559
1245.61 -3731.38
-996.103 424.99
71.4411 -5143.72
-113.262 3312.14
-33.039 260.755
2282.27 -1471.25
1876.72 -2690.32
126.085 -108.602
107.879 406.241
-71.5514 406.14
606.655 -178.7
3249.06 -894.907
1686.95 -570.091
-1618.1 -646.081
-531.259 -978.413
735.979 1083.65
-496.914 -2804.9
-348.142 -3502.37
713.364 -1309.13
-291.848 -32.6513
21.1706 500.114
-3988.23 -2815.46
512.801 359.338
207.804 126.078
-1222.77 9.12207
22.0035 -1052.14
139.201 -231.626
2556.11 -2972.99
3060.29 3346.3
2201.53 3508.44
288.575 3825.26
1115.85 1912.75
208.958 -145.054
-1097.62 2984.51
-3509.83 -552.893
-156.201 -1740.07
481.761 137.495
-2811.65 151.933
-1873.41 3236.55
2694.83 2212.43
1225.66 -2179.68
-215.075 1293.8
-651.899 3178.84
3194.03 -3478.6
-2064.32 -643.331
1305.59 -1348.97
4481.78 -2487.09
-3868.6 1416.3
1291.81 1949.53
713.416 -974.646
-532.272 666.413
-1681.06 -278.095
2593.03 2021.25
801.57 454.834
-3877.46 3643.56
17.4303 -1879.28
-576.55 -2041.78
-966.815 -246.056
1974.63 -1290.51
52.6462 120.346
-327.415 3675.91
-555.656 -770.395
1915.46 4281.48
-2503.21 3792.01
-2050 3026.02
-197.678 -118.096
869.72 895.253
-391.877 1781.47
-1620.19 -4385.79
-600.486 -2883.84
6.42543 68.9825
-3364.03 -1673.47
-4490.48 1498.68
-739.32 554.177
2206.24 -36.5168
-30.1479 -253.867
-250.259 1997.18
-1720.88 -1224.12
-4438 1229.06
1104.14 457.282
3585.83 246.871
-274.852 -2018.71
-2798.84 -2029.36
451.937 -19.5868
2411.06 3941.81
1894.56 4842.45
-3756.95 -1597.95
3237.66 -833.557
1604.11 -3569.33
2735.1 706.509
-101.845 98.1001
4280.66 2204.66
-32.7861 -1889.76
812.657 -988.565
-789.861 -2068.33
-1648.61 -2509.29
-3284.54 1966.04
179.361 569.512
298.646 179.181
-814.591 2502.22
-1740.32 4468.55
42.0881 1669
-1968.1 -1021.49
558.201 -63.729
772.962 2777.2
586.789 -461.097
-4736.02 867.377
-864.505 -912.265
-1332.11 -2364.04
1824.24 2537.04
3506 1051.84
-1642.07 1979.75
353.819 -1800.79
3026.92 -3816.4
-1391.41 696.806
-1683.98 -565.707
7.44209 65.6041
449.379 -385.837
146.161 1060.03
277.484 305.954
-1117.74 63.9777
2806.29 -2011.16
-233.313 1584.15
1407.08 2224.43
-2363.85 852.254
289.386 -3397.31
331.535 -2953.51
2803.1 -4126.91
4617.37 1096.92
2104.83 1594.73
-742.709 1032.78
4868.28 -2163.89
-440.303 356.339
-1218.05 -5010.57
1442.98 3303.18
1670.19 -3720.63
-1511.49 1261.99
-959.489 1822.11
-158.76 -369.934
-1878.11 -4088.39
1842.2 -874.333
1608.51 -694.63
665.408 580.252
1162.27 276.703
-1066.9 -1995.06
87.3622 225.078
681.705 -2157.79
1417.9 2570.13
755.672 2632.56
2566.51 846.755
-2740.5 1442.03
-414.35 -4961.77
1141.35 -345.627
2865.26 2542.1
-4825.01 -914.392
-1256.42 -1023.05
2583.4 71.5906
110.749 -132.269
4393.55 1357.99
-4492.01 -1419.87
2108.44 2265.89
589.664 781.849
-621.803 3512.19
834.621 467.875
2946.23 -1793.23
1080.45 3956.28
-299.357 -1612.05
-743.027 -3154.53
348.197 -71.176
-3621.51 1069.3
1970.79 572.298
623.46 2404.9
1209.61 -860.561
5079.96 912.401
-1881.61 -3649.14
-278.681 -448.392
-463.297 -5199.48
-2494.74 3805.92
-1310.65 470.15
2864.18 2380.09
-3616.66 219.306
3905.94 -1347.56
990.745 4803.53
382.168 1758.95
3702.81 -1057.91
42.1894 -45.545
2612.06 562.421
2512.24 -2470.27
1821.46 2112.66
2153.94 -4519.11
-4271.55 65.2381
-512.845 3595.93


1328.03 -1853.29
-826.35 20.5405
-2443.26 469.653
-540.232 -4077.7
-1939.5 1991.58
409.728 2555.85
-203.8 642.771
1129.5 3990.04
2584.62 356.257
-4775.14 -571.845
2426.16 -719.189
3455.93 2317.08
77.7042 -6.43072
98.9271 -406.593
1193.14 -1335.82
-1675.66 3512.72
-3444.96 1481.38
170.389 1861.31
-1625.58 -4228.13
-1712.88 -1395.03
4846.4 1875.75
1263.66 -1515.03
811.08 -130.463
1653.63 -1040.06
20.0837 1639.9
3061.48 -964.795
374.546 -472.364
3833.26 -197.365
1619.78 -2372.69
-205.192 1892.75
649.03 3579.78
-4387.42 -2422.45
111.58 -1553.63
452.189 864.695
-1640.31 1160.35
2189.17 24.5345
3519.18 1862.45
885.791 -2585.85
-1326.3 2152.12
372.97 -551.665
-1380.41 1219.78
-1022.34 3134.72
-3394.86 -1831.35
9.75851 -3561.01
1791.99 1927.84
-2749.95 -557.642
-458.835 2604.56
540.514 -61.0061
96.7633 3645.88
-450.151 -247.005
-1374.48 -3697.54
-1169.15 2951.16
-166.395 -15.338
200.276 -849.388
609.568 1896.01
-1610.13 -4808.79
850.595 2578.83
-703.209 314.376
2800.65 -454.309
1068.62 834.756
1010.54 -3235.26
-1659.45 1073.46
-1847.54 929.815
-4792.2 -1901.73
1540.54 -352.025
2832.04 -2628.91
-2714.4 2325.72
-4632.16 -248.278
4337.33 1014.07
88.3025 201.213
2706.76 -1459.78
-792.386 4179.47
-651.554 -1574.57
-3176.64 -3239.44
-46.3503 413.45
-1403.48 -1981.86
-1132.19 2590.38
1916.36 3705.33
1652.34 388.004
4154.64 1028.33
-1194.25 -1390.73
-2984.08 1883.99
-81.8171 -1926.46
-2107.85 -1175.03
363.099 -517.399
3009.72 1848.31
262.421 -564.881
-3647.61 3163.41
34.5775 -1165.91
-2958.4 -128.073
844.671 -363.096
-3623.76 59.7895
1644.74 -1872.15
-1379.44 4582.11
-3900.22 3226.82
4625.95 1428.38
1490.96 2208.76
1861.37 828.679
-431.138 2252.32
1149.05 -2242.94
2882.69 -328.55
-272.943 -1147.23
913.567 1239.34
-300.717 289.861
2128.18 -358.576
1467.59 -1298.48
-1530.91 1516.28
17.5508 -230.086
-65.5532 -293.041
-2790.92 -2893.22
2580.33 4339.67
-3729.47 3579.41
-1155.46 -2302.9
-719.152 -4354.41
1620.66 1903.41
-2594.49 34.2907
2239.09 -1838.62
3429.99 -1894.35
4987.76 -1231.79
-297.563 -2401.81
-2025.88 -3385.24
-3675.28 -3799.98
3714.98 2948.09
4310.82 -1973.9
-3728.7 2924.07
3145.17 -3160.48
-2999.86 1639.96
2530.06 3373.13
2696.18 2340.02
-3450.78 -1366.33
-761.02 1662.58
-694.546 435.884
447.84 1640.77
277.318 748.492
3421.46 -1093.59
628.471 -1619.46
-2199.13 972.755
410.79 2363.52
1536.11 -1126.77
-814.098 -818.464
3415.24 -2362.57
5145.57 1292.86
-2613.89 3606.04
-4099.39 401.833
1844.9 2827.93
-4612.03 744.735
4559.51 -2610.3
-1892.08 1919.67
328.19 -770.458
4266.05 -2252.62
133.24 -1123.46
-1410.21 -3953.09
-3379.13 -667.023
-1140.31 3371.05
3566.58 -1675.79
1309.27 -3773.47
791.389 -2736.53
-956.803 3749.65
-487.316 -352.603
-1292.92 1508.39
-683.87 -736.613
-2234.33 4134.03
3269.98 -433.438
-2381.69 -2821.36
-1136.75 641.696
3683.4 3362.61
377.805 -455.479
-945.408 175.701
-3158.86 183.624
2352.38 -3037.37
3988.48 760.759
2324.81 -1264.27
-4797.06 -665.715
1075.07 4365.9
143.735 -387.023
-1098.7 336.83
-634.014 -442.024
-2788.96 -3592.82
471.313 4467.99
1448.76 -8.87783
-18.7932 -78.7269
138.73 1665.44
3822.75 3032.32
2548.73 -623.85
3651.61 375.987
-142.955 1348.38
-3095.68 3795.6
-127.181 1246.85
4549.49 1511.96
162.561 -308.731
-33.6568 220.818
12.3302 293.348
-4861.2 -1398.99
1882.75 685.085
-1126.23 -5172.03
-217.235 414.583
2090.87 -1695.08
1572.59 1583.69
5123.54 143.338
3712.54 1277.81
1996.57 1354.85
3303.64 3213.4
2197.77 1250.62
-950.792 -123.256
-3998.85 1792.16
-2536.17 -70.0666
1787.76 223.183
-2479.34 1521.24
-3285.62 3872.31
1633 1472.24
-591.15 -640.35
-1233.48 371.912
3490.5 -3552.88
591.345 734.473
1696.14 -1527.75
-1326.86 1629.87
-515.415 -1596.8
-535.315 362.435
2900.37 4419.01
-4320.1 -1839.87
-597.665 -4280.06
4212.6 -997.706
3889.72 -3040.6
-17.3171 533.74
-3778.33 292.752
2797.1 -2778.07
215.393 1316.97
-798.124 3850.07
-564.664 3261.52
2629.99 3720.39
946.781 279.386
-183.569 -137.743
-184.856 -1549.91
865.477 -2016.23
-3029.48 -189.237
29.5382 3145.59
-4959.45 498.556
969.586 4932.98
802.025 -278.232
-819.153 -2606.62
1685.61 -1527.39
-269.809 134.791
1329.92 3132.37
87.1613 -668.726
1855.62 2825.61
-144.228 -3385.31
-1117.01 -2431.14
-2066.58 -2000.6
356.926 -4495.59
-548.058 2189.43
346.893 -681.234
-215.688 -4247.11
-1129.18 476.111
-1788.71 -89.3188
626.235 1077.97
-55.9142 -3311.1
-361.445 1283.72
579.019 -1750.08
-2502.46 -2422.19
4109.78 948.351
1561.07 2867.4
1564.73 15.1685
1917.98 4099.32
-3114.77 -352.883
-413.195 -4774.65
-1393.29 1334.8
-2320.39 -1761.06
2020.63 -617.677
-3925.06 -2210.26
251.466 22.8119
2784.83 -198.436
-377.547 3559.38
2165.17 2004.36
-1425.75 -4010.22
-2221.49 -1658.03
1784.12 -340.029
-4733.75 396.539
2645.93 -2461.34
167.254 -1211.22
532.146 -2009.75
-884.141 2925.89
4682.28 -1306.96
-1019.99 -524.464
-1222.35 3371.08
1443.3 -3083.63
797.863 1589.59
1831.43 770.712
-1222.35 -5126.31
2706.56 -944.771
-1641.74 3085.63
700.305 75.5691
1096.88 -2919.15
1502.87 417.029
479.828 -355.382
-1275.01 2843.02
-2173.64 -2735.53
3532.4 200.33
654.566 505.181
-2621.87 -606.764
1198.53 2787.35
-1004.3 1861.73
2159.99 -1572.95
1229.51 2689.2
-501.319 130.06
2745.08 -4218.71
-3180.03 8.13099
976.505 1830.47
-704.916 873.881
1253.34 -3728.8
-1002.88 410.338
79.2204 -5143.68
-122.753 3311.92
-67.9067 252.701
2287.25 -1463.31
1883.39 -2685.51
151.148 -74.332
84.4693 413.743
-96.0942 396.346
614.929 -159.17
3251.14 -886.952
1691.6 -557.808
-1613.48 -656.574
-517.255 -987.477
723.885 1092.69
-487.183 -2806.69
-340.256 -3503.04
726.242 -1302.85
-282.498 -60.4419
-1.93379 502.453
-3983.94 -2821.57
500.865 376.378
193.28 156.8
-1223.17 -5.95439
38.5259 -1052.48
166.473 -213.396
2561.82 -2967.98
3054.28 3351.9
2194.45 3512.95
279.948 3825.97
1106.68 1917.96
228.521 -116.431
-1106.11 2981.38
-3508.5 -562.087
-143.773 -1741.28
477.889 160.189
-2812.24 142.051
-1881.04 3232.21
2688.99 2219.74
1233.84 -2174.84
-228.422 1291.11
-660.728 3177.03
3199.87 -3473.3
-2061.02 -653.443
1312.97 -1341.17
4485.45 -2480.55
-3871.14 1409.21
1282.91 1955.46
725.891 -965.928
-545.867 655.231
-1679.17 -290.82
2587.19 2029
793.849 470.959
-3882.07 3638.63
28.4921 -1878.85
-566.638 -2044.24
-962.78 -261.933
1980.64 -1281.48
4.8297 132.223
-336.085 3675.18
-542.104 -778.598
1908.98 4284.34
-2509.16 3788.03
-2057.14 3021.21
-179.186 -147.761
859.492 903.669
-403.468 1778.85
-1613.42 -4388.26
-591.385 -2885.71
-58.6944 31.2671
-3360.45 -1680.52
-4492.78 1491.76
-750.719 540.633
2206.11 -26.4992
2.93633 -251.488
-262.369 1995.96
-1714.68 -1232.27
-4440.16 1221.44
1098.37 470.927
3585.3 255.982
-263.768 -2020.14
-2793.46 -2036.96
449.155 5.05041
2405.1 3945.38
1888.43 4844.79
-3753.87 -1605.1
3240.2 -824.286
1611.38 -3566.03
2732.7 715.599
-128.975 58.1985
4277.51 2210.63
-20.6171 -1890.12
823.45 -979.415
-779.575 -2072.3
-1640.48 -2514.74
-3288.57 1959.21
158.891 573.737
279.065 201.481
-823.215 2499.19
-1747.57 4465.77
28.7291 1669.77
-1963.06 -1031.25
559.181 -41.9514
764.615 2779.31
599.388 -446.408
-4737.16 860.768
-854.164 -920.815
-1323.06 -2369.32
1817.3 2541.86
3503.59 1059.79
-1650.06 1973.2
364.749 -1798.29
3033.21 -3811.5
-1396.39 685.729
-1680.24 -578.262
-61.2372 33.7131
466.248 -371.979
130.364 1062.4
259.754 323.385
-1119.33 47.9714
2810.84 -2004.6
-246.882 1582.62
1398.4 2230.02
-2366.79 843.393
298.239 -3396.58
339.891 -2952.37
2809.25 -4122.76
4615.6 1104.54
2098.81 1602.67
-755.87 1024.47
4871.33 -2157.13
-450.484 337.64
-1211.58 -5012.09
1435.04 3306.67
1677.26 -3717.42
-1518.04 1253.59
-970.51 1816.73
-137.504 -379.247
-1871.78 -4091.21
1846.77 -864.353
1612.87 -683.793
653.89 593.201
1158.26 290.163
-1057.63 -1999.89
55.5352 239.508
692.008 -2154.54
1409.19 2575.08
747.149 2634.77
2563.4 856.437
-2744.86 1433.8
-407.188 -4962.36
1145.57 -331.389
2859.83 2548.2
-4823.71 -920.964
-1248.36 -1032.95
2583.01 81.212
138.893 -100.972
4391.29 1365.36
-4489.72 -1427.18
2102.2 2271.48
576.492 793.063
-630.52 3510.7
826.989 483.586
2950.52 -1786.06
1072.22 3958.61
-286.146 -1614.97
-734.491 -3156.5
352.35 -43.1826
-3624.18 1060.64
1967.56 582.152
614.21 2407.08
1217 -849.816
5078.72 919.2
-1874.83 -3652.58
-259.112 -459.832
-456.766 -5200.01
-2501.52 3801.55
-1315.01 457.367
2858.54 2387.01
-3617.3 210.246
3908.21 -1340.7
983.058 4805.18
369.498 1762.17
3705.12 -1049.87
39.415 40.4302
2609.99 572.582
2517.69 -2464.56
1814.16 2118.93
2160.53 -4515.97
-4271.57 58.1382
-520.35 3594.73


1336.29 -1847.18
-825.313 3.3192
-2444.74 460.5
-532.706 -4078.65
-1946.23 1984.94
398.961 2557.83
-223.286 637.355
1121.9 3992.18
2583.26 366.252
-4774.26 -579.212
2428.9 -709.673
3451.34 2324.01
41.7947 57.2423
121.674 -402.021
1201.61 -1327.91
-1683.01 3509.2
-3448.34 1473.58
157.936 1862.75
-1618.11 -4231.05
-1706.15 -1403.05
4843.94 1882
1272.09 -1507.76
815.968 -112.08
1659.16 -1030.69
8.6088 1639.4
3064.02 -956.485
392.512 -460.572
3833.83 -188.425
1627.87 -2367.22
-216.16 1891.26
641.094 3581.14
-4384.17 -2428.21
125.636 -1553.26
437.356 873.71
-1645.93 1151.66
2189.38 36.4353
3515.34 1869.73
895.163 -2582.66
-1334.73 2146.84
390.245 -540.903
-1389.09 1210.49
-1030.62 3131.98
-3391.18 -1837.98
17.7837 -3560.89
1784.62 1934.73
-2748.03 -567.161
-468.824 2602.85
541.692 -38.7851
87.9842 3646.17
-437.734 -266.351
-1366.56 -3700.53
-1176.67 2947.99
-158.508 -56.9529
216.553 -844.577
598.803 1899.37
-1602.79 -4811.31
841.818 2581.56
-713.643 297.567
2801.94 -445.422
1060 845.802
1018.39 -3232.71
-1665.69 1063.78
-1852.61 919.731
-4789.71 -1907.91
1543.13 -339.722
2837.06 -2623.35
-2719.6 2319.52
-4631.76 -255.771
4335.59 1021.46
53.3423 212.693
2710.89 -1451.95
-800.346 4178
-640.826 -1578.44
-3171.11 -3244.88
-71.7018 410.396
-1395.12 -1987.71
-1141.55 2586.43
1909.62 3708.77
1649.36 399.634
4152.75 1036.04
-1185.17 -1398.51
-2988.97 1876.39
-70.3519 -1926.84
-2103 -1183.15
382.368 -508.269
3005.18 1855.73
282.822 -558.628
-3651.91 3158.34
48.2933 -1164.29
-2957.85 -136.612
852.083 -347.305
-3623.76 52.0706
1652.92 -1865.15
-1386.23 4580.04
-3905.24 3220.86
4623.92 1434.69
1482.6 2214.47
1856.81 837.835
-442.031 2250.36
1157.45 -2238.43
2883.45 -320.031
-258.38 -1150.62
903.218 1246.62
-318.47 271.969
2129.46 -348.72
1474.24 -1290.32
-1537.98 1508.76
51.0367 -226.107
-35.1755 -298.27
-2785.35 -2898.51
2574.47 4343.1
-3734.78 3573.95
-1145.72 -2308.08
-710.871 -4355.87
1612.38 1910.78
-2594.78 23.6997
2244.55 -1831.72
3434.28 -1886.75
4989.23 -1225.55
-287.003 -2403.19
-2018.55 -3389.7
-3670.56 -3804.48
3710.13 2954.27
4313.92 -1967.14
-3733.4 2918.1
3150.1 -3155.46
-3004.58 1631.65
2523.34 3378.27
2690.28 2346.97
-3447.68 -1374.2
-771.136 1657.58
-705.938 420.798
435.027 1644.81
260.038 756.851
3423.83 -1085.9
638.848 -1614.9
-2203.34 963.221
400.249 2365.43
1543.54 -1117.01
-803.349 -828.279
3419.81 -2355.98
5143.79 1300.11
-2619.41 3601.93
-4100 394.618
1838.2 2832.11
-4613.33 736.992
4562.74 -2604.58
-1898.86 1912.88
343.432 -762.52
4269.72 -2245.77
148.985 -1122.07
-1402.5 -3955.88
-3377.46 -674.777
-1148.47 3368.29
3570.19 -1668.19
1316.32 -3770.93
799.711 -2733.91
-964.592 3747.63
-472.821 -367.268
-1300.55 1501.28
-672.012 -748.584
-2240.73 4130.55
3271.38 -423.92
-2375.6 -2826.4
-1142.55 629.792
3678.18 3368.42
395.289 -442.838
-950.507 158.479
-3159.33 174.738
2359.23 -3032.14
3986.99 768.252
2329.68 -1255.41
-4796.05 -673.047
1068.14 4367.54
167.684 -377.845
-1103.62 322.034
-622.662 -456.131
-2782.83 -3597.62
464.302 4468.67
1449.68 5.78919
51.6593 -59.7586
125.344 1667.06
3818.29 3037.92
2551.19 -613.97
3650.7 383.596
-156.608 1346.75
-3101.8 3790.68
-141.708 1245.4
4547.09 1519.31
185.934 -295.187
-68.6421 213.43
-18.2303 292.233
-4859.16 -1406.14
1878.83 696.132
-1119.21 -5173.58
-238.76 406.147
2096.57 -1687.79
1565.01 1591.1
5123.33 150.361
3709.81 1285.89
1991.01 1362.55
3298.24 3218.99
2192.88 1258.87
-947.721 -138.915
-4002.36 1784.54
-2536.09 -81.0177
1786.48 235.831
-2484.8 1512.66
-3291.51 3867.38
1625.34 1481.2
-577.858 -649.577
-1236.47 358.984
3495.26 -3548.13
578.245 745.373
1702.36 -1520.34
-1335.49 1622.82
-503.555 -1600.57
-549.313 346.72
2894.82 4422.61
-4317.27 -1846.43
-589.476 -4281.26
4214.24 -990.551
3893.79 -3035.3
-39.226 529.624
-3778.78 285.3
2802.6 -2772.47
202.686 1318.03
-805.58 3848.45
-573.117 3259.99
2623.38 3725.15
942.38 295.515
-158.868 -163.878
-172.071 -1551.33
875.521 -2011.91
-3028.76 -197.525
19.8114 3145.81
-4960.03 492.055
962.821 4934.27
808.037 -261.397
-809.495 -2609.75
1693.09 -1519.27
-282.359 106.327
1322.47 3135.4
107.891 -668.786
1848.43 2830.27
-135.289 -3385.72
-1108.69 -2434.73
-2060.16 -2007.09
363.917 -4494.96
-559.17 2186.87
364.27 -673.289
-207.811 -4247.52
-1135.56 462.234
-1787.88 -100.918
613.694 1085.05
-47.6296 -3311.13
-375.99 1280.32
590.174 -1746.3
-2496.75 -2427.95
4108.02 955.922
1553.73 2871.25
1565.13 29.0321
1911.46 4102.31
-3113.77 -362.311
-405.423 -4775.37
-1401.42 1326.34
-2314.46 -1769.06
2023.91 -606.97
-3921.55 -2216.37
248.72 57.9526
2785.41 -189.124
-385.641 3558.46
2158.83 2011.17
-1417.76 -4013.15
-2215.55 -1666.12
1785.65 -329.229
-4734.39 389.019
2651.74 -2455.09
180.615 -1208.41
542.901 -2006.86
-892.852 2923.22
4684.35 -1299.67
-1013.37 -539.009
-1230.31 3368.18
1450.46 -3080.13
787.826 1593.99
1826.97 781.212
-1215.74 -5127.86
2709.24 -936.509
-1649.87 3081.41
695.723 93.6465
1104.59 -2916.07
1499.4 429.627
494.746 -339.728
-1283.59 2839.22
-2166.56 -2741.25
3531.97 209.416
643.525 519.4
-2619.63 -616.235
1189.62 2791.28
-1014.4 1856.39
2165.69 -1565.05
1221.08 2693.01
-503.102 107.433
2750.96 -4214.87
-3179.88 -0.055125
967.35 1834.9
-714.91 864.041
1261.06 -3726.2
-1009.45 395.601
86.9995 -5143.62
-132.243 3311.69
-101.683 240.588
2292.2 -1455.36
1890.05 -2680.68
166.499 -35.2679
60.7502 419.731
-120.245 384.939
622.559 -139.473
3253.2 -878.99
1696.16 -545.5
-1608.77 -667.036
-503.153 -996.354
711.707 1101.6
-477.447 -2808.45
-332.369 -3503.69
739.063 -1296.46
-269.809 -87.5151
-25.0342 503.714
-3979.63 -2827.67
488.381 393.006
175.118 184.58
-1223.39 -21.03
55.0397 -1052.58
191.336 -192.079
2567.51 -2962.96
3048.25 3357.5
2187.37 3517.44
271.32 3826.66
1097.48 1923.12
244.176 -85.8127
-1114.59 2978.23
-3507.15 -571.277
-131.338 -1742.4
473.001 182.542
-2812.8 132.167
-1888.67 3227.85
2683.13 2227.03
1242 -2169.97
-241.743 1288.26
-669.552 3175.2
3205.71 -3467.99
-2057.67 -663.539
1320.3 -1333.32
4489.11 -2474.01
-3873.66 1402.11
1273.98 1961.35
738.258 -957.066
-559.228 643.769
-1677.18 -303.53
2581.32 2036.73
785.86 486.926
-3886.67 3633.68
39.5529 -1878.34
-556.711 -2046.65
-958.49 -277.741
1986.61 -1272.42
-43.6832 125.701
-344.752 3674.43
-528.384 -786.56
1902.49 4287.18
-2515.09 3784.04
-2064.27 3016.38
-156.51 -173.98
849.148 911.962
-415.042 1776.15
-1606.64 -4390.72
-582.278 -2887.54
-58.1894 -41.2662
-3356.85 -1687.56
-4495.06 1484.83
-761.868 526.908
2205.92 -16.4809
35.9618 -244.532
-274.471 1994.67
-1708.43 -1240.39
-4442.3 1213.81
1092.43 484.499
3584.76 265.092
-252.675 -2021.51
-2788.07 -2044.55
445.015 29.6721
2399.14 3948.95
1882.3 4847.13
-3750.78 -1612.24
3242.71 -815.01
1618.65 -3562.71
2730.26 724.68
-141.663 11.7721
4274.36 2216.59
-8.4473 -1890.42
834.14 -970.142
-769.27 -2076.22
-1632.33 -2520.18
-3292.59 1952.37
138.218 577.229
257.57 222.397
-831.827 2496.12
-1754.81 4462.98
15.3685 1670.44
-1957.98 -1040.98
559.304 -20.1096
756.26 2781.39
611.605 -431.435
-4738.29 854.158
-843.709 -929.243
-1314 -2374.57
1810.34 2546.67
3501.16 1067.74
-1658.03 1966.62
375.663 -1795.72
3039.49 -3806.59
-1401.26 674.605
-1676.41 -590.79
-54.7505 -42.0525
482.525 -357.648
114.54 1064.55
241.02 339.567
-1120.71 31.9561
2815.38 -1998.03
-260.435 1580.98
1389.7 2235.59
-2369.7 834.519
307.09 -3395.82
348.244 -2951.2
2815.39 -4118.6
4613.82 1112.15
2092.75 1610.6
-768.934 1016.03
4874.37 -2150.36
-459.981 318.429
-1205.11 -5013.61
1427.09 3310.15
1684.31 -3714.2
-1524.55 1245.14
-981.503 1811.3
-115.67 -386.964
-1865.45 -4094.02
1851.28 -854.347
1617.17 -672.923
642.119 605.92
1154.07 303.579
-1048.34 -2004.68
22.6177 249.264
702.296 -2151.24
1400.46 2580.01
738.617 2636.94
2560.25 866.107
-2749.19 1425.56
-400.025 -4962.95
1149.61 -317.099
2854.38 2554.29
-4822.39 -927.534
-1240.21 -1042.78
2582.58 90.8322
158.636 -63.5748
4389.02 1372.72
-4487.42 -1434.48
2095.93 2277.05
563.159 804.055
-639.233 3509.18
819.108 499.152
2954.79 -1778.88
1063.99 3960.92
-272.918 -1617.8
-725.949 -3158.44
354.304 -14.9198
-3626.84 1051.98
1964.28 591.987
604.949 2409.21
1224.31 -839.002
5077.47 925.998
-1868.05 -3656
-239.066 -470.423
-450.235 -5200.54
-2508.3 3797.16
-1319.24 444.539
2852.89 2393.92
-3617.93 201.184
3910.46 -1333.84
975.368 4806.81
356.811 1765.32
3707.42 -1041.83
-44.8375 47.4903
2607.89 582.736
2523.11 -2458.85
1806.84 2125.17
2167.13 -4512.83
-4271.58 51.0381
-527.852 3593.5


1344.51 -1841.04
-823.885 -13.9036
-2446.17 451.339
-525.177 -4079.58
-1952.94 1978.27
388.188 2559.77
-242.578 631.385
1114.3 3994.31
2581.86 376.242
-4773.37 -586.577
2431.59 -700.145
3446.75 2330.93
-34.8917 60.1836
143.969 -395.954
1210.01 -1319.94
-1690.34 3505.68
-3451.7 1465.78
145.476 1864.12
-1610.63 -4233.97
-1699.37 -1411.04
4841.48 1888.23
1280.48 -1500.44
820.468 -93.6441
1664.62 -1021.3
-2.86658 1638.8
3066.55 -948.167
410 -448.221
3834.39 -179.484
1635.95 -2361.73
-227.12 1889.7
633.155 3582.49
-4380.92 -2433.96
139.683 -1552.79
422.398 882.478
-1651.49 1142.94
2189.54 48.3352
3511.5 1876.99
904.524 -2579.45
-1343.14 2141.52
407.167 -529.653
-1397.72 1201.15
-1038.9 3129.22
-3387.48 -1844.61
25.8088 -3560.76
1777.22 1941.58
-2746.07 -576.674
-478.808 2601.1
541.953 -16.4984
79.2046 3646.43
-424.432 -285.16
-1358.64 -3703.51
-1184.18 2944.79
-140.424 -94.9149
232.744 -839.429
588.018 1902.67
-1595.44 -4813.82
833.031 2584.25
-723.665 280.585
2803.2 -436.529
1051.27 856.759
1026.23 -3230.13
-1671.87 1054.07
-1857.63 909.619
-4787.2 -1914.09
1545.61 -327.396
2842.05 -2617.78
-2724.79 2313.32
-4631.35 -263.263
4333.84 1028.85
16.893 218.231
2714.99 -1444.12
-808.303 4176.51
-630.064 -1582.22
-3165.58 -3250.32
-96.7802 405.778
-1386.73 -1993.52
-1150.9 2582.45
1902.87 3712.19
1646.28 411.243
4150.85 1043.74
-1176.03 -1406.22
-2993.84 1868.77
-58.8841 -1927.16
-2098.11 -1191.24
401.239 -498.608
3000.62 1863.15
302.914 -551.764
-3656.2 3153.26
62.001 -1162.47
-2957.27 -145.149
859.207 -331.396
-3623.74 44.3515
1661.08 -1858.13
-1393.02 4577.95
-3910.25 3214.89
4621.89 1440.99
1474.22 2220.15
1852.21 846.966
-452.916 2248.34
1165.82 -2233.88
2884.18 -311.509
-243.775 -1153.82
892.805 1253.81
-335.027 253.057
2130.67 -338.856
1480.84 -1282.1
-1545.02 1501.21
83.325 -216.817
-4.42945 -300.376
-2779.78 -2903.78
2568.6 4346.54
-3740.09 3568.48
-1135.97 -2313.23
-702.588 -4357.31
1604.08 1918.13
-2595.03 13.1083
2249.98 -1824.8
3438.56 -1879.14
4990.7 -1219.3
-276.438 -2404.52
-2011.22 -3394.15
-3665.83 -3808.98
3705.28 2960.44
4317 -1960.39
-3738.09 2912.13
3155.03 -3150.44
-3009.28 1623.32
2516.61 3383.39
2684.36 2353.91
-3444.55 -1382.05
-781.22 1652.51
-716.991 405.509
422.191 1648.77
242.622 764.816
3426.19 -1078.2
649.194 -1610.27
-2207.5 953.669
389.7 2367.29
1550.91 -1107.21
-792.462 -837.953
3424.36 -2349.39
5142.01 1307.36
-2624.93 3597.8
-4100.6 387.402
1831.5 2836.27
-4614.61 729.247
4565.96 -2598.85
-1905.61 1906.07
358.517 -754.236
4273.37 -2238.92
164.703 -1120.48
-1394.77 -3958.67
-3375.77 -682.526
-1156.61 3365.52
3573.79 -1660.59
1323.37 -3768.38
808.023 -2731.27
-972.377 3745.6
-457.732 -381.471
-1308.13 1494.13
-659.98 -760.361
-2247.12 4127.06
3272.76 -414.399
-2369.5 -2831.42
-1148.22 617.813
3672.95 3374.22
412.262 -429.626
-955.325 141.21
-3159.78 165.851
2366.06 -3026.9
3985.49 775.743
2334.51 -1246.53
-4795.03 -680.378
1061.21 4369.17
190.978 -367.191
-1108.35 307.182
-610.948 -469.974
-2776.68 -3602.4
457.291 4469.32
1450.47 20.4557
85.5403 2.91811
111.951 1668.59
3813.83 3043.5
2553.62 -604.082
3649.78 391.204
-170.245 1344.97
-3107.92 3785.76
-156.216 1243.78
4544.68 1526.66
208.083 -279.698
-101.84 200.478
-48.5837 287.807
-4857.12 -1413.29
1874.86 707.157
-1112.19 -5175.11
-259.661 396.649
2102.24 -1680.49
1557.39 1598.47
5123.11 157.383
3707.07 1293.96
1985.41 1370.23
3292.83 3224.57
2187.96 1267.11
-944.364 -154.533
-4005.85 1776.92
-2535.97 -91.9674
1785.12 248.467
-2490.22 1504.06
-3297.39 3862.45
1617.64 1490.12
-564.334 -658.541
-1239.31 346.012
3500.02 -3543.37
564.963 756.039
1708.54 -1512.9
-1344.08 1615.72
-491.667 -1604.24
-562.773 330.666
2889.27 4426.2
-4314.43 -1852.99
-581.285 -4282.46
4215.86 -983.392
3897.84 -3030
-61.0636 524.55
-3779.22 277.846
2808.09 -2766.86
189.957 1318.94
-813.033 3846.81
-581.565 3258.45
2616.76 3729.9
937.72 311.563
-130.255 -185.973
-159.273 -1552.65
885.543 -2007.54
-3028.02 -205.812
10.0846 3146
-4960.6 485.552
956.054 4935.56
813.699 -244.448
-799.826 -2612.84
1700.53 -1511.13
-291.995 76.7662
1315.02 3138.4
128.528 -668.269
1841.24 2834.91
-126.35 -3386.11
-1100.35 -2438.28
-2053.71 -2013.56
370.906 -4494.33
-570.269 2184.25
381.431 -664.944
-199.932 -4247.91
-1141.79 448.292
-1786.98 -112.512
601.07 1091.98
-39.3447 -3311.13
-390.494 1276.77
601.305 -1742.44
-2491.02 -2433.7
4106.25 963.489
1546.39 2875.08
1565.42 42.8937
1904.95 4105.29
-3112.75 -371.735
-397.65 -4776.08
-1409.5 1317.82
-2308.5 -1777.04
2027.14 -596.245
-3918.02 -2222.48
241.662 92.0924
2785.95 -179.81
-393.734 3557.51
2152.47 2017.96
-1409.77 -4016.07
-2209.58 -1674.19
1787.1 -318.416
-4735.03 381.499
2657.54 -2448.83
193.949 -1205.42
553.64 -2003.9
-901.554 2920.53
4686.4 -1292.37
-1006.57 -553.46
-1238.26 3365.26
1457.61 -3076.6
777.753 1598.31
1822.44 791.687
-1209.13 -5129.4
2711.88 -928.237
-1657.98 3077.17
690.602 111.651
1112.29 -2912.96
1495.82 442.195
509.047 -323.651
-1292.16 2835.4
-2159.47 -2746.96
3531.52 218.501
632.181 533.375
-2617.37 -625.699
1180.71 2795.19
-1024.46 1851
2171.36 -1557.13
1212.64 2696.79
-503.879 84.592
2756.83 -4211.01
-3179.7 -8.24123
958.167 1839.27
-724.769 854.04
1268.78 -3723.59
-1015.81 380.782
94.7785 -5143.56
-141.733 3311.43
-133.816 224.588
2297.12 -1447.38
1896.69 -2675.83
171.492 6.00344
36.8115 424.205
-143.889 371.91
629.545 -119.631
3255.24 -871.023
1700.65 -533.167
-1603.99 -677.465
-488.955 -1005.04
699.446 1110.38
-467.706 -2810.18
-324.48 -3504.31
751.825 -1289.98
-253.746 -113.49
-48.0816 503.906
-3975.32 -2833.77
475.364 409.206
153.876 209.124
-1223.44 -36.1026
71.541 -1052.45
213.447 -167.998
2573.19 -2957.92
3042.22 3363.08
2180.28 3521.93
262.69 3827.34
1088.26 1928.24
255.771 -53.7651
-1123.06 2975.05
-3505.78 -580.464
-118.897 -1743.43
467.126 204.514
-2813.32 122.281
-1896.28 3223.47
2677.25 2234.31
1250.14 -2165.07
-255.036 1285.26
-678.371 3173.35
3211.54 -3462.67
-2054.26 -673.617
1327.58 -1325.42
4492.76 -2467.46
-3876.17 1395.01
1265.03 1967.21
750.514 -948.062
-572.35 632.032
-1675.11 -316.224
2575.43 2044.44
777.607 502.729
-3891.27 3628.73
50.612 -1877.76
-546.768 -2049
-953.945 -293.475
1992.54 -1263.34
-86.2451 102.002
-353.419 3673.66
-514.499 -794.278
1896 4290.01
-2521.02 3780.04
-2071.39 3011.54
-130.265 -196.235
838.688 920.132
-426.598 1773.38
-1599.86 -4393.17
-573.165 -2889.34
10.841 -71.2603
-3353.24 -1694.6
-4497.34 1477.89
-772.763 513.008
2205.68 -6.4622
68.2905 -232.88
-286.564 1993.32
-1702.14 -1248.48
-4444.43 1206.18
1086.33 497.997
3584.19 274.2
-241.575 -2022.81
-2782.65 -2052.12
439.498 54.2018
2393.17 3952.5
1876.17 4849.46
-3747.68 -1619.38
3245.2 -805.728
1625.9 -3559.39
2727.79 733.753
-138.718 -35.972
4271.2 2222.54
3.72286 -1890.64
844.726 -960.747
-758.947 -2080.09
-1624.17 -2525.58
-3296.59 1945.52
117.366 579.976
234.243 241.731
-840.427 2493.02
-1762.05 4460.18
2.00698 1671.02
-1952.85 -1050.69
558.563 1.76314
747.897 2783.45
623.432 -416.186
-4739.42 847.545
-833.143 -937.548
-1304.92 -2379.8
1803.36 2551.45
3498.71 1075.68
-1665.97 1960.01
386.562 -1793.06
3045.77 -3801.68
-1406.04 663.435
-1672.51 -603.29
7.53377 -72.4867
498.201 -342.873
98.6901 1066.47
221.366 354.453
-1121.89 15.9349
2819.89 -1991.45
-273.971 1579.25
1380.98 2241.12
-2372.56 825.631
315.939 -3395.04
356.594 -2950.01
2821.52 -4114.43
4612.04 1119.77
2086.67 1618.51
-781.901 1007.46
4877.4 -2143.59
-468.768 298.726
-1198.64 -5015.12
1419.13 3313.61
1691.36 -3710.97
-1530.99 1236.65
-992.467 1805.81
-93.35 -393.058
-1859.11 -4096.82
1855.74 -844.315
1621.38 -662.02
630.101 618.407
1149.71 316.948
-1039.02 -2009.42
-10.7233 254.415
712.568 -2147.9
1391.72 2584.91
730.076 2639.08
2557.07 875.767
-2753.5 1417.3
-392.861 -4963.52
1153.48 -302.761
2848.92 2560.37
-4821.06 -934.102
-1231.99 -1052.56
2582.12 100.451
168.64 -22.2821
4386.74 1380.08
-4485.11 -1441.79
2089.65 2282.6
549.668 814.822
-647.943 3507.64
810.981 514.568
2959.04 -1771.69
1055.76 3963.22
-259.673 -1620.52
-717.401 -3160.36
354.039 13.4363
-3629.49 1043.31
1960.93 601.805
595.678 2411.31
1231.51 -828.122
5076.21 932.794
-1861.26 -3659.41
-218.577 -480.144
-443.703 -5201.06
-2515.07 3792.76
-1323.35 431.668
2847.22 2400.81
-3618.53 192.122
3912.7 -1326.97
967.676 4808.44
344.108 1768.39
3709.7 -1033.78
-78.0655 -18.2597
2605.75 592.883
2528.52 -2453.11
1799.5 2131.39
2173.71 -4509.67
-4271.57 43.9378
-535.351 3592.26


1352.71 -1834.85
-822.066 -31.1198
-2447.56 442.17
-517.646 -4080.49
-1959.62 1971.58
377.409 2561.67
-261.659 624.867
1106.69 3996.43
2580.42 386.227
-4772.47 -593.941
2434.25 -690.606
3442.14 2337.84
-74.8934 -3.19852
165.734 -388.428
1218.36 -1311.9
-1697.67 3502.13
-3455.05 1457.96
133.011 1865.42
-1603.15 -4236.87
-1692.56 -1419
4839.01 1894.46
1288.83 -1493.08
824.581 -75.1639
1670.03 -1011.86
-14.3418 1638.1
3069.05 -939.841
426.997 -435.331
3834.92 -170.543
1644 -2356.21
-238.072 1888.06
625.212 3583.82
-4377.65 -2439.71
153.72 -1552.21
407.322 890.996
-1657 1134.18
2189.65 60.2339
3507.64 1884.25
913.873 -2576.2
-1351.53 2136.17
423.723 -517.926
-1406.29 1191.76
-1047.18 3126.43
-3383.76 -1851.23
33.8338 -3560.61
1769.8 1948.41
-2744.09 -586.18
-488.784 2599.31
541.294 5.81633
70.4246 3646.68
-410.267 -303.388
-1350.71 -3706.47
-1191.68 2941.58
-113.483 -126.9
248.841 -833.943
577.214 1905.91
-1588.09 -4816.32
824.233 2586.91
-733.274 263.444
2804.43 -427.632
1042.44 867.626
1034.06 -3227.54
-1678 1044.32
-1862.6 899.481
-4784.68 -1920.27
1548 -315.048
2847.04 -2612.2
-2729.96 2307.1
-4630.92 -270.755
4332.08 1036.23
-20.0301 217.638
2719.07 -1436.27
-816.257 4175.01
-619.268 -1585.92
-3160.03 -3255.75
-121.491 399.62
-1378.32 -1999.29
-1160.23 2578.44
1896.12 3715.6
1643.12 422.83
4148.93 1051.44
-1166.85 -1413.87
-2998.7 1861.14
-47.4142 -1927.41
-2093.18 -1199.31
419.698 -488.437
2996.04 1870.55
322.68 -544.304
-3660.48 3148.18
75.6983 -1160.45
-2956.65 -153.685
866.038 -315.376
-3623.71 36.6321
1669.21 -1851.07
-1399.81 4575.85
-3915.25 3208.91
4619.84 1447.29
1465.81 2225.8
1847.54 856.07
-463.79 2246.28
1174.18 -2229.29
2884.87 -302.984
-229.131 -1156.84
882.327 1260.91
-350.338 233.203
2131.83 -328.983
1487.39 -1273.85
-1552.01 1493.62
113.669 -202.466
26.363 -299.339
-2774.19 -2909.05
2562.73 4349.96
-3745.39 3563.01
-1126.21 -2318.34
-694.303 -4358.75
1595.75 1925.44
-2595.24 2.51678
2255.39 -1817.86
3442.82 -1871.52
4992.15 -1213.05
-265.867 -2405.81
-2003.88 -3398.58
-3661.09 -3813.47
3700.42 2966.61
4320.07 -1953.62
-3742.78 2906.15
3159.95 -3145.4
-3013.96 1614.99
2509.88 3388.51
2678.42 2360.83
-3441.42 -1389.9
-791.271 1647.37
-727.703 390.028
409.332 1652.64
225.081 772.388
3428.52 -1070.5
659.508 -1605.56
-2211.62 944.1
379.144 2369.11
1558.23 -1097.37
-781.438 -847.482
3428.91 -2342.79
5140.21 1314.61
-2630.43 3593.67
-4101.18 380.184
1824.78 2840.41
-4615.88 721.5
4569.17 -2593.11
-1912.34 1899.24
373.439 -745.608
4277.01 -2232.07
180.392 -1118.69
-1387.05 -3961.44
-3374.06 -690.271
-1164.76 3362.73
3577.37 -1652.98
1330.42 -3765.82
816.327 -2728.59
-980.158 3743.55
-442.06 -395.188
-1315.66 1486.92
-647.776 -771.941
-2253.51 4123.56
3274.11 -404.875
-2363.38 -2836.43
-1153.75 605.762
3667.71 3380.02
428.71 -415.866
-959.863 123.9
-3160.2 156.962
2372.88 -3021.64
3983.98 783.23
2339.31 -1237.63
-4794 -687.707
1054.28 4370.79
213.529 -355.109
-1112.89 292.277
-598.879 -483.544
-2770.53 -3607.18
450.278 4469.97
1451.14 35.1205
70.8718 66.3582
98.5518 1670.02
3809.35 3049.09
2556.02 -594.185
3648.83 398.81
-183.864 1343.06
-3114.03 3780.82
-170.703 1241.99
4542.25 1534
228.857 -262.363
-132.409 182.349
-78.3806 280.088
-4855.07 -1420.43
1870.83 718.158
-1105.16 -5176.64
-279.897 386.135
2107.88 -1673.16
1549.73 1605.8
5122.89 164.405
3704.32 1302.03
1979.78 1377.88
3287.41 3230.15
2183 1275.32
-940.723 -170.104
-4009.33 1769.29
-2535.82 -102.916
1783.68 261.093
-2495.62 1495.44
-3303.26 3857.5
1609.89 1499.01
-550.579 -667.237
-1241.99 332.998
3504.77 -3538.61
551.503 766.467
1714.68 -1505.42
-1352.63 1608.58
-479.752 -1607.83
-575.69 314.292
2883.71 4429.78
-4311.57 -1859.55
-573.093 -4283.64
4217.47 -976.23
3901.89 -3024.69
-82.7886 518.508
-3779.64 270.391
2813.57 -2761.24
177.207 1319.71
-820.482 3845.15
-590.009 3256.88
2610.13 3734.63
932.804 327.525
-98.3824 -203.41
-146.465 -1553.87
895.544 -2003.12
-3027.24 -214.096
0.357624 3146.16
-4961.17 479.048
949.286 4936.84
819.009 -227.394
-790.148 -2615.9
1707.94 -1502.95
-298.623 46.4141
1307.55 3141.38
149.056 -667.184
1834.03 2839.53
-117.409 -3386.47
-1092 -2441.81
-2047.25 -2020.01
377.895 -4493.68
-581.355 2181.59
398.366 -656.206
-192.053 -4248.29
-1147.85 434.285
-1785.99 -124.102
588.365 1098.76
-31.0595 -3311.11
-404.954 1273.08
612.41 -1738.52
-2485.28 -2439.43
4104.46 971.053
1539.04 2878.88
1565.6 56.7523
1898.42 4108.26
-3111.7 -381.157
-389.876 -4776.78
-1417.53 1309.26
-2302.51 -1785
2030.32 -585.505
-3914.48 -2228.58
230.574 124.701
2786.46 -170.493
-401.824 3556.55
2146.08 2024.72
-1401.77 -4018.98
-2203.59 -1682.24
1788.47 -307.588
-4735.65 373.977
2663.33 -2442.56
207.255 -1202.27
564.364 -2000.89
-910.248 2917.81
4688.44 -1285.07
-999.599 -567.816
-1246.21 3362.32
1464.75 -3073.06
767.643 1602.56
1817.85 802.135
-1202.52 -5130.94
2714.49 -919.955
-1666.09 3072.91
684.942 129.569
1119.98 -2909.83
1492.14 454.733
522.723 -307.177
-1300.72 2831.55
-2152.37 -2752.65
3531.05 227.586
620.541 547.099
-2615.07 -635.153
1171.78 2799.07
-1034.5 1845.56
2177 -1549.18
1204.19 2700.55
-503.63 61.5784
2762.7 -4207.15
-3179.5 -16.4273
948.957 1843.59
-734.493 843.879
1276.5 -3720.96
-1021.96 365.884
102.557 -5143.49
-151.221 3311.15
-163.794 204.971
2302.01 -1439.39
1903.31 -2670.97
166.088 46.9201
12.7414 427.166
-166.905 357.259
635.887 -99.6677
3257.26 -863.049
1705.06 -520.809
-1599.12 -687.86
-474.666 -1013.54
687.104 1119.03
-457.959 -2811.88
-316.589 -3504.92
764.529 -1283.39
-234.303 -137.948
-71.0283 503.041
-3971 -2839.86
461.829 424.959
130.095 230.225
-1223.32 -51.17
88.0263 -1052.08
232.504 -141.512
2578.86 -2952.88
3036.17 3368.66
2173.18 3526.4
254.06 3828
1079.02 1933.31
263.241 -20.8475
-1131.52 2971.85
-3504.4 -589.648
-106.45 -1744.38
460.293 226.067
-2813.82 112.394
-1903.89 3219.08
2671.36 2241.58
1258.25 -2160.12
-268.298 1282.12
-687.184 3171.47
3217.36 -3457.35
-2050.81 -683.679
1334.81 -1317.46
4496.4 -2460.91
-3878.66 1387.9
1256.04 1973.02
762.66 -938.917
-585.227 620.023
-1672.96 -328.901
2569.53 2052.14
769.096 518.365
-3895.86 3623.77
61.6691 -1877.11
-536.811 -2051.29
-949.146 -309.131
1998.43 -1254.23
-117.173 64.5286
-362.083 3672.88
-500.454 -801.748
1889.51 4292.83
-2526.94 3776.03
-2078.5 3006.68
-101.108 -214.108
828.114 928.177
-438.136 1770.53
-1593.07 -4395.61
-564.047 -2891.11
65.9257 -32.7356
-3349.61 -1701.62
-4499.6 1470.96
-783.402 498.938
2205.39 3.55665
99.2239 -216.494
-298.648 1991.91
-1695.8 -1256.53
-4446.56 1198.54
1080.06 511.418
3583.6 283.306
-230.467 -2024.06
-2777.22 -2059.69
432.592 78.5598
2387.19 3956.04
1870.04 4851.77
-3744.56 -1626.51
3247.67 -796.441
1633.15 -3556.04
2725.29 742.818
-120.846 -79.8721
4268.03 2228.49
15.8929 -1890.79
855.206 -951.232
-748.605 -2083.92
-1615.99 -2530.97
-3300.58 1938.66
96.3619 581.968
209.194 259.286
-849.016 2489.88
-1769.29 4457.37
-11.3546 1671.5
-1947.68 -1060.37
556.955 23.6331
739.526 2785.47
634.864 -400.675
-4740.53 840.931
-822.466 -945.728
-1295.82 -2384.99
1796.37 2556.21
3496.25 1083.62
-1673.89 1953.37
397.444 -1790.34
3052.03 -3796.75
-1410.71 652.218
-1668.53 -615.762
67.9997 -29.8824
513.271 -327.679
82.8194 1068.15
200.876 368
-1122.85 -0.0893568
2824.39 -1984.86
-287.49 1577.41
1372.24 2246.62
-2375.38 816.729
324.786 -3394.24
364.94 -2948.78
2827.64 -4110.25
4610.24 1127.38
2080.56 1626.39
-794.769 998.758
4880.43 -2136.81
-476.816 278.552
-1192.16 -5016.62
1411.16 3317.05
1698.4 -3707.72
-1537.39 1228.11
-1003.4 1800.27
-70.639 -397.504
-1852.76 -4099.61
1860.13 -834.257
1625.51 -651.085
617.841 630.655
1145.16 330.267
-1029.68 -2014.12
-43.8817 255.114
722.824 -2144.5
1382.96 2589.79
721.526 2641.19
2553.86 885.414
-2757.78 1409.03
-385.696 -4964.08
1157.16 -288.375
2843.44 2566.44
-4819.73 -940.668
-1223.69 -1062.26
2581.62 110.068
168.14 20.3923
4384.44 1387.44
-4482.79 -1449.08
2083.35 2288.13
536.025 825.362
-656.649 3506.08
802.613 529.83
2963.27 -1764.5
1047.52 3965.5
-246.414 -1623.16
-708.848 -3162.25
351.551 41.708
-3632.11 1034.63
1957.52 611.605
586.397 2413.36
1238.61 -817.175
5074.94 939.588
-1854.46 -3662.81
-197.685 -488.979
-437.17 -5201.56
-2521.83 3788.34
-1327.33 418.755
2841.53 2407.7
-3619.12 183.059
3914.93 -1320.1
959.982 4810.05
331.39 1771.38
3711.97 -1025.73
-53.5904 -75.9283
2603.58 603.021
2533.92 -2447.37
1792.13 2137.58
2180.3 -4506.51
-4271.55 36.8374
-542.847 3590.99


1360.88 -1828.62
-819.855 -48.3211
-2448.91 432.994
-510.113 -4081.39
-1966.28 1964.87
366.625 2563.53
-280.515 617.811
1099.08 3998.53
2578.94 396.206
-4771.56 -601.303
2436.87 -681.055
3437.52 2344.75
-49.4138 -67.4526
186.893 -379.481
1226.66 -1303.81
-1704.99 3498.57
-3458.38 1450.14
120.541 1866.64
-1595.67 -4239.77
-1685.7 -1426.93
4836.53 1900.69
1297.14 -1485.66
828.307 -56.6484
1675.38 -1002.39
-25.8161 1637.31
3071.52 -931.508
443.485 -421.924
3835.44 -161.601
1652.04 -2350.67
-249.014 1886.35
617.266 3585.13
-4374.38 -2445.45
167.747 -1551.52
392.131 899.264
-1662.46 1125.39
2189.7 72.1311
3503.76 1891.51
923.211 -2572.91
-1359.9 2130.79
439.9 -505.735
-1414.79 1182.32
-1055.44 3123.63
-3380.03 -1857.85
41.8585 -3560.43
1762.35 1955.22
-2742.07 -595.68
-498.754 2597.49
539.709 28.1212
61.6443 3646.9
-395.262 -320.995
-1342.77 -3709.42
-1199.17 2938.33
-79.4838 -150.998
264.838 -828.122
566.39 1909.08
-1580.74 -4818.82
815.424 2589.54
-742.471 246.154
2805.63 -418.73
1033.49 878.402
1041.89 -3224.92
-1684.07 1034.54
-1867.51 889.317
-4782.15 -1926.44
1550.28 -302.679
2852.01 -2606.61
-2735.12 2300.87
-4630.48 -278.246
4330.3 1043.62
-56.3871 210.902
2723.13 -1428.4
-824.209 4173.49
-608.44 -1589.54
-3154.48 -3261.17
-145.743 391.95
-1369.88 -2005.03
-1169.56 2574.4
1889.35 3718.99
1639.88 434.394
4146.99 1059.14
-1157.61 -1421.47
-3003.54 1853.5
-35.9426 -1927.59
-2088.21 -1207.35
437.735 -477.773
2991.45 1877.94
342.103 -536.267
-3664.76 3143.09
89.3831 -1158.25
-2956.01 -162.219
872.577 -299.248
-3623.65 28.9125
1677.31 -1843.98
-1406.59 4573.74
-3920.25 3202.92
4617.79 1453.58
1457.39 2231.41
1842.82 865.148
-474.655 2244.17
1182.52 -2224.67
2885.54 -294.456
-214.451 -1159.68
871.786 1267.92
-364.355 212.487
2132.94 -319.101
1493.89 -1265.55
-1558.97 1485.99
141.356 -183.385
56.8799 -295.174
-2768.6 -2914.31
2556.86 4353.37
-3750.68 3557.52
-1116.42 -2323.42
-686.015 -4360.17
1587.39 1932.73
-2595.41 -8.07481
2260.78 -1810.9
3447.07 -1863.9
4993.6 -1206.8
-255.292 -2407.06
-1996.52 -3402.99
-3656.35 -3817.95
3695.55 2972.77
4323.13 -1946.85
-3747.45 2900.16
3164.86 -3140.36
-3018.62 1606.64
2503.13 3393.61
2672.47 2367.74
-3438.26 -1397.74
-801.288 1642.16
-738.072 374.362
396.452 1656.42
207.426 779.564
3430.84 -1062.79
669.789 -1600.77
-2215.7 934.512
368.581 2370.89
1565.49 -1087.49
-770.281 -856.866
3433.44 -2336.18
5138.41 1321.86
-2635.93 3589.53
-4101.75 372.964
1818.05 2844.53
-4617.14 713.752
4572.37 -2587.37
-1919.05 1892.38
388.19 -736.639
4280.65 -2225.21
196.047 -1116.69
-1379.32 -3964.2
-3372.33 -698.012
-1172.89 3359.91
3580.93 -1645.36
1337.45 -3763.24
824.621 -2725.89
-987.934 3741.49
-425.815 -408.393
-1323.16 1479.67
-635.406 -783.322
-2259.89 4120.05
3275.44 -395.347
-2357.26 -2841.42
-1159.15 593.639
3662.46 3385.81
444.614 -401.58
-964.121 106.553
-3160.6 148.073
2379.69 -3016.37
3982.45 790.715
2344.08 -1228.71
-4792.95 -695.035
1047.34 4372.4
235.253 -341.65
-1117.24 277.322
-586.461 -496.831
-2764.37 -3611.94
443.264 4470.6
1451.68 49.7823
28.0108 105.668
85.1469 1671.37
3804.86 3054.66
2558.37 -584.28
3647.87 406.413
-197.464 1341
-3120.13 3775.88
-185.168 1240.04
4539.82 1541.34
248.114 -243.288
-159.582 159.542
-107.27 269.129
-4853.01 -1427.57
1866.73 729.137
-1098.14 -5178.15
-299.428 374.648
2113.5 -1665.81
1542.04 1613.09
5122.65 171.427
3701.55 1310.09
1974.11 1385.51
3281.98 3235.72
2178 1283.51
-936.796 -185.624
-4012.8 1761.66
-2535.62 -113.862
1782.16 273.707
-2501 1486.81
-3309.13 3852.55
1602.11 1507.86
-536.599 -675.659
-1244.53 319.943
3509.51 -3533.83
537.87 776.655
1720.78 -1497.91
-1361.14 1601.39
-467.811 -1611.33
-588.059 297.62
2878.14 4433.35
-4308.71 -1866.1
-564.898 -4284.81
4219.07 -969.066
3905.93 -3019.37
-104.358 511.494
-3780.04 262.935
2819.04 -2755.61
164.437 1320.33
-827.928 3843.48
-598.449 3255.29
2603.5 3739.36
927.632 343.398
-64.0099 -215.675
-133.647 -1554.98
905.523 -1998.65
-3026.44 -222.379
-9.36933 3146.3
-4961.72 472.543
942.515 4938.11
823.965 -210.242
-780.459 -2618.93
1715.31 -1494.74
-302.184 15.5852
1300.08 3144.34
169.459 -665.54
1826.81 2844.14
-108.468 -3386.81
-1083.64 -2445.3
-2040.76 -2026.44
384.882 -4493.02
-592.429 2178.88
415.066 -647.081
-184.174 -4248.65
-1153.74 420.218
-1784.92 -135.686
575.581 1105.39
-22.7741 -3311.07
-419.371 1269.25
623.491 -1734.51
-2479.52 -2445.15
4102.66 978.614
1531.67 2882.66
1565.68 70.6071
1891.89 4111.22
-3110.62 -390.575
-382.101 -4777.46
-1425.51 1300.66
-2296.51 -1792.95
2033.44 -574.748
-3910.93 -2234.68
215.799 155.32
2786.93 -161.175
-409.912 3555.56
2139.68 2031.47
-1393.77 -4021.88
-2197.56 -1690.27
1789.76 -296.747
-4736.26 366.454
2669.1 -2436.28
220.532 -1198.93
575.071 -1997.82
-918.934 2915.06
4690.47 -1277.77
-992.453 -582.073
-1254.15 3359.37
1471.88 -3069.49
757.498 1606.73
1813.2 812.557
-1195.9 -5132.46
2717.08 -911.662
-1674.19 3068.63
678.74 147.384
1127.66 -2906.68
1488.36 467.239
535.768 -290.331
-1309.26 2827.67
-2145.25 -2758.32
3530.56 236.668
608.609 560.567
-2612.73 -644.6
1162.84 2802.93
-1044.51 1840.08
2182.61 -1541.22
1195.73 2704.28
-502.331 38.4367
2768.56 -4203.28
-3179.27 -24.6132
939.718 1847.85
-744.079 833.56
1284.2 -3718.32
-1027.9 350.911
110.336 -5143.4
-160.708 3310.84
-191.165 182.088
2306.87 -1431.38
1909.93 -2666.08
150.795 85.049
-11.3737 428.621
-189.166 340.995
641.59 -79.6037
3259.25 -855.07
1709.39 -508.427
-1594.18 -698.221
-460.287 -1021.85
674.682 1127.56
-448.207 -2813.55
-308.696 -3505.51
777.172 -1276.71
-211.519 -160.433
-93.8278 501.133
-3966.67 -2845.94
447.791 440.25
104.285 247.745
-1223.01 -66.2301
104.492 -1051.47
248.255 -113.015
2584.51 -2947.82
3030.12 3374.22
2166.08 3530.85
245.428 3828.64
1069.75 1938.33
266.6 12.3987
-1139.98 2968.62
-3502.99 -598.828
-93.9973 -1745.25
452.532 247.164
-2814.28 102.506
-1911.48 3214.67
2665.45 2248.83
1266.35 -2155.15
-281.53 1278.82
-695.993 3169.57
3223.17 -3452.01
-2047.3 -693.722
1341.99 -1309.46
4500.03 -2454.35
-3881.14 1380.79
1247.04 1978.79
774.692 -929.633
-597.853 607.749
-1670.71 -341.561
2563.61 2059.82
760.329 533.829
-3900.44 3618.81
72.7238 -1876.38
-526.839 -2053.53
-944.095 -324.705
2004.27 -1245.1
-132.356 18.384
-370.746 3672.07
-486.252 -808.966
1883.01 4295.65
-2532.86 3772.01
-2085.6 3001.81
-69.729 -227.278
817.428 936.095
-449.655 1767.6
-1586.28 -4398.04
-554.922 -2892.86
63.1652 40.2969
-3345.96 -1708.64
-4501.85 1464.01
-793.781 484.703
2205.04 13.5754
128.01 -195.439
-310.722 1990.43
-1689.41 -1264.54
-4448.67 1190.91
1073.62 524.76
3582.99 292.411
-219.352 -2025.24
-2771.77 -2067.24
424.289 102.664
2381.21 3959.57
1863.9 4854.08
-3741.43 -1633.64
3250.11 -787.148
1640.39 -3552.68
2722.76 751.874
-90.3935 -115.495
4264.85 2234.43
28.0623 -1890.86
865.578 -941.598
-738.246 -2087.69
-1607.8 -2536.33
-3304.55 1931.8
75.2311 583.196
182.558 274.872
-857.592 2486.71
-1776.52 4454.54
-24.7156 1671.89
-1942.46 -1070.03
554.477 45.4659
731.147 2787.46
645.896 -384.91
-4741.62 834.315
-811.679 -953.782
-1286.7 -2390.15
1789.37 2560.95
3493.76 1091.54
-1681.78 1946.7
408.31 -1787.54
3058.29 -3791.82
-1415.29 640.955
-1664.47 -628.206
62.9784 36.7743
527.728 -312.094
66.931 1069.61
179.635 380.171
-1123.6 -16.1136
2828.87 -1978.25
-300.99 1575.48
1363.48 2252.09
-2378.17 807.814
333.631 -3393.42
373.283 -2947.53
2833.77 -4106.06
4608.43 1134.98
2074.42 1634.24
-807.536 989.934
4883.44 -2130.03
-484.098 257.931
-1185.69 -5018.11
1403.19 3320.47
1705.44 -3704.45
-1543.73 1219.54
-1014.31 1794.67
-47.6314 -400.281
-1846.41 -4102.38
1864.48 -824.174
1629.57 -640.118
605.342 642.659
1140.44 343.535
-1020.32 -2018.77
-76.3148 251.57
733.064 -2141.06
1374.19 2594.63
712.966 2643.26
2550.61 895.05
-2762.04 1400.75
-378.53 -4964.63
1160.67 -273.945
2837.96 2572.5
-4818.38 -947.232
-1215.32 -1071.91
2581.08 119.684
157.024 61.7733
4382.14 1394.79
-4480.46 -1456.38
2077.03 2293.65
522.232 835.674
-665.351 3504.51
794.005 544.935
2967.49 -1757.28
1039.28 3967.76
-233.14 -1625.7
-700.289 -3164.12
346.851 69.7171
-3634.72 1025.95
1954.06 621.387
577.106 2415.37
1245.62 -806.163
5073.66 946.38
-1847.66 -3666.19
-176.427 -496.908
-430.636 -5202.06
-2528.59 3783.92
-1331.17 405.802
2835.84 2414.57
-3619.68 173.994
3917.14 -1313.23
952.286 4811.66
318.657 1774.3
3714.21 -1017.67
-3.76284 -100.668
2601.37 613.15
2539.3 -2441.61
1784.75 2143.74
2186.88 -4503.34
-4271.51 29.7368
-550.34 3589.71


1369.01 -1822.35
-817.25 -65.4993
-2450.22 423.811
-502.579 -4082.28
-1972.91 1958.13
355.835 2565.36
-299.131 610.225
1091.46 4000.62
2577.43 406.179
-4770.64 -608.665
2439.45 -671.494
3432.89 2351.64
8.76508 -91.273
207.372 -369.154
1234.9 -1295.66
-1712.3 3495
-3461.69 1442.31
108.066 1867.79
-1588.18 -4242.65
-1678.81 -1434.82
4834.04 1906.92
1305.4 -1478.19
831.649 -38.1066
1680.67 -992.891
-37.2889 1636.42
3073.98 -923.168
459.454 -408.021
3835.94 -152.658
1660.06 -2345.1
-259.947 1884.58
609.317 3586.42
-4371.1 -2451.18
181.762 -1550.73
376.831 907.281
-1667.86 1116.56
2189.7 84.0265
3499.87 1898.75
932.537 -2569.6
-1368.24 2125.37
455.685 -493.095
-1423.24 1172.83
-1063.7 3120.79
-3376.28 -1864.45
49.8831 -3560.24
1754.88 1961.99
-2740.02 -605.172
-508.716 2595.62
537.198 50.3779
52.8636 3647.11
-379.443 -337.941
-1334.83 -3712.35
-1206.65 2935.07
-40.5781 -165.78
280.728 -821.966
555.548 1912.19
-1573.38 -4821.3
806.604 2592.13
-751.254 228.728
2806.79 -409.823
1024.44 889.086
1049.71 -3222.28
-1690.09 1024.72
-1872.36 879.126
-4779.62 -1932.61
1552.46 -290.291
2856.97 -2601.01
-2740.26 2294.62
-4630.03 -285.736
4328.52 1051
-91.1463 198.191
2727.16 -1420.53
-832.158 4171.96
-597.58 -1593.07
-3148.92 -3266.58
-169.445 382.802
-1361.41 -2010.74
-1178.87 2570.33
1882.58 3722.37
1636.54 445.935
4145.05 1066.83
-1148.33 -1429
-3008.36 1845.85
-24.4696 -1927.7
-2083.2 -1215.38
455.34 -466.639
2986.84 1885.32
361.169 -527.67
-3669.02 3137.99
103.053 -1155.85
-2955.34 -170.751
878.822 -283.019
-3623.58 21.1927
1685.38 -1836.86
-1413.37 4571.62
-3925.23 3196.93
4615.72 1459.88
1448.94 2237
1838.04 874.2
-485.509 2242.02
1190.84 -2220.01
2886.18 -285.924
-199.736 -1162.33
861.183 1274.83
-377.034 190.991
2133.99 -309.211
1500.33 -1257.2
-1565.88 1478.32
165.71 -159.983
86.8031 -287.926
-2762.99 -2919.55
2550.98 4356.77
-3755.96 3552.03
-1106.62 -2328.46
-677.726 -4361.57
1579 1939.98
-2595.55 -18.6663
2266.14 -1803.92
3451.31 -1856.26
4995.03 -1200.55
-244.712 -2408.26
-1989.16 -3407.39
-3651.61 -3822.43
3690.67 2978.92
4326.18 -1940.08
-3752.12 2894.16
3169.76 -3135.31
-3023.26 1598.28
2496.38 3398.7
2666.51 2374.64
-3435.08 -1405.58
-811.27 1636.88
-748.094 358.521
383.552 1660.12
189.665 786.346
3433.14 -1055.07
680.036 -1595.89
-2219.74 924.908
358.011 2372.62
1572.68 -1077.57
-758.991 -866.103
3437.95 -2329.56
5136.59 1329.1
-2641.42 3585.37
-4102.3 365.744
1811.31 2848.63
-4618.38 706.001
4575.57 -2581.62
-1925.73 1885.49
402.762 -727.33
4284.27 -2218.34
211.668 -1114.49
-1371.58 -3966.94
-3370.57 -705.748
-1181.02 3357.08
3584.48 -1637.74
1344.48 -3760.64
832.907 -2723.15
-995.706 3739.4
-409.012 -421.063
-1330.61 1472.37
-622.872 -794.501
-2266.27 4116.53
3276.75 -385.818
-2351.12 -2846.4
-1164.41 581.445
3657.21 3391.59
459.962 -386.79
-968.099 89.1759
-3160.97 139.182
2386.49 -3011.08
3980.91 798.196
2348.81 -1219.78
-4791.9 -702.361
1040.4 4374
256.068 -326.871
-1121.4 262.319
-573.698 -509.827
-2758.2 -3616.7
436.248 4471.23
1452.1 64.4398
-22.963 117.654
71.7374 1672.62
3800.37 3060.23
2560.69 -574.366
3646.89 414.015
-211.043 1338.8
-3126.23 3770.93
-199.608 1237.92
4537.37 1548.68
265.717 -222.592
-182.68 132.659
-134.903 255.018
-4850.94 -1434.7
1862.58 740.092
-1091.11 -5179.66
-318.217 362.233
2119.09 -1658.44
1534.31 1620.34
5122.4 178.448
3698.76 1318.15
1968.4 1393.11
3276.55 3241.28
2172.97 1291.68
-932.585 -201.088
-4016.26 1754.02
-2535.38 -124.807
1780.56 286.309
-2506.34 1478.17
-3314.99 3847.59
1594.29 1516.68
-522.398 -683.803
-1246.9 306.848
3514.25 -3529.05
524.068 786.598
1726.85 -1490.37
-1369.62 1594.16
-455.843 -1614.74
-599.877 280.668
2872.57 4436.92
-4305.83 -1872.64
-556.702 -4285.96
4220.66 -961.898
3909.96 -3014.05
-125.728 503.503
-3780.42 255.478
2824.49 -2749.96
151.649 1320.8
-835.37 3841.8
-606.885 3253.67
2596.86 3744.08
922.208 359.177
-27.9897 -222.38
-120.819 -1555.98
915.479 -1994.13
-3025.61 -230.66
-19.0962 3146.41
-4962.26 466.038
935.742 4939.36
828.564 -192.998
-770.761 -2621.93
1722.64 -1486.49
-302.654 -15.4035
1292.59 3147.28
189.722 -663.345
1819.58 2848.72
-99.5257 -3387.13
-1075.26 -2448.75
-2034.25 -2032.85
391.869 -4492.34
-603.488 2176.11
431.523 -637.576
-176.293 -4249
-1159.48 406.09
-1783.77 -147.263
562.718 1111.87
-14.4885 -3311.01
-433.741 1265.28
634.545 -1730.44
-2473.75 -2450.85
4100.84 986.172
1524.29 2886.42
1565.66 84.4572
1885.36 4114.17
-3109.52 -399.99
-374.325 -4778.14
-1433.44 1292
-2290.48 -1800.87
2036.5 -563.975
-3907.37 -2240.76
197.722 183.566
2787.37 -151.854
-417.997 3554.55
2133.25 2038.19
-1385.76 -4024.76
-2191.51 -1698.28
1790.98 -285.893
-4736.86 358.931
2674.85 -2429.98
233.776 -1195.43
585.761 -1994.69
-927.612 2912.29
4692.49 -1270.47
-985.135 -596.229
-1262.08 3356.39
1479 -3065.91
747.317 1610.83
1808.49 822.952
-1189.29 -5133.98
2719.63 -903.36
-1682.27 3064.33
671.996 165.082
1135.33 -2903.5
1484.47 479.713
548.175 -273.139
-1317.8 2823.78
-2138.13 -2763.97
3530.05 245.75
596.391 573.771
-2610.36 -654.038
1153.9 2806.75
-1054.49 1834.54
2188.19 -1533.23
1187.25 2707.98
-499.963 15.2134
2774.41 -4199.4
-3179.02 -32.7989
930.453 1852.06
-753.525 823.082
1291.91 -3715.65
-1033.63 335.866
118.114 -5143.31
-170.194 3310.51
-215.55 156.359
2311.7 -1423.35
1916.53 -2661.17
126.611 118.166
-35.4493 428.58
-210.543 323.139
646.654 -59.4605
3261.22 -847.085
1713.64 -496.022
-1589.16 -708.547
-445.822 -1029.97
662.182 1135.95
-438.45 -2815.18
-300.801 -3506.07
789.755 -1269.92
-185.487 -180.446
-116.435 498.196
-3962.33 -2852.02
433.267 455.063
76.9295 261.602
-1222.54 -81.2807
120.934 -1050.63
260.502 -82.9205
2590.16 -2942.74
3024.06 3379.78
2158.96 3535.3
236.795 3829.26
1060.45 1943.3
265.928 45.4603
-1148.42 2965.38
-3501.56 -608.005
-81.5404 -1746.03
443.873 267.771
-2814.7 92.6168
-1919.07 3210.25
2659.53 2256.07
1274.42 -2150.13
-294.729 1275.37
-704.796 3167.64
3228.98 -3446.67
-2043.74 -703.748
1349.11 -1301.4
4503.66 -2447.79
-3883.61 1373.67
1238 1984.53
786.609 -920.211
-610.223 595.215
-1668.38 -354.202
2557.67 2067.49
751.311 549.117
-3905.01 3613.84
83.7756 -1875.57
-516.853 -2055.71
-938.794 -340.193
2010.09 -1235.94
-129.695 -30.2312
-379.406 3671.25
-471.897 -815.93
1876.51 4298.45
-2538.76 3767.98
-2092.68 2996.92
-36.8354 -235.516
806.629 943.884
-461.155 1764.6
-1579.49 -4400.46
-545.792 -2894.57
1.97269 70.8811
-3342.3 -1715.65
-4504.09 1457.07
-803.9 470.308
2204.64 23.5939
153.857 -169.913
-322.787 1988.89
-1682.98 -1272.53
-4450.76 1183.27
1067.02 538.022
3582.36 301.515
-208.23 -2026.36
-2766.31 -2074.77
414.584 126.428
2375.22 3963.09
1857.76 4856.38
-3738.29 -1640.76
3252.53 -777.849
1647.63 -3549.31
2720.2 760.921
-50.8826 -139.596
4261.65 2240.37
40.2307 -1890.86
875.842 -931.846
-727.869 -2091.41
-1599.59 -2541.66
-3308.5 1924.92
54.0005 583.649
154.495 288.307
-866.156 2483.5
-1783.74 4451.71
-38.0752 1672.19
-1937.19 -1079.67
551.127 67.2272
722.76 2789.43
656.522 -368.904
-4742.71 827.696
-800.783 -961.708
-1277.57 -2395.28
1782.35 2565.67
3491.26 1099.47
-1689.64 1940
419.158 -1784.66
3064.55 -3786.88
-1419.78 629.648
-1660.33 -640.621
0.278706 73.9757
541.57 -296.145
51.0283 1070.84
157.727 390.933
-1124.15 -32.1348
2833.33 -1971.63
-314.472 1573.44
1354.7 2257.52
-2380.91 798.886
342.473 -3392.58
381.622 -2946.25
2839.88 -4101.87
4606.61 1142.59
2068.24 1642.08
-820.202 980.986
4886.45 -2123.25
-490.585 236.886
-1179.21 -5019.59
1395.21 3323.88
1712.47 -3701.17
-1550.02 1210.92
-1025.18 1789.02
-24.4229 -401.369
-1840.06 -4105.15
1868.76 -814.065
1633.54 -629.12
592.61 654.417
1135.54 356.75
-1010.94 -2023.38
-107.542 244.037
743.287 -2137.57
1365.41 2599.45
704.398 2645.3
2547.33 904.674
-2766.28 1392.46
-371.363 -4965.17
1163.99 -259.472
2832.46 2578.54
-4817.03 -953.794
-1206.87 -1081.48
2580.5 129.298
135.876 99.2027
4379.82 1402.14
-4478.12 -1463.67
2070.7 2299.14
508.296 845.755
-674.049 3502.91
785.163 559.879
2971.68 -1750.06
1031.03 3970.02
-219.852 -1628.14
-691.726 -3165.96
339.963 97.2864
-3637.31 1017.27
1950.53 631.15
567.805 2417.35
1252.53 -795.086
5072.37 953.171
-1840.85 -3669.56
-154.842 -503.918
-424.102 -5202.55
-2535.34 3779.49
-1334.89 392.809
2830.12 2421.44
-3620.23 164.929
3919.34 -1306.34
944.588 4813.25
305.91 1777.13
3716.44 -1009.61
47.8783 -91.0115
2599.12 623.272
2544.66 -2435.83
1777.34 2149.88
2193.45 -4500.16
-4271.46 22.6362
-557.831 3588.4


1377.12 -1816.04
-814.251 -82.6458
-2451.49 414.621
-495.042 -4083.15
-1979.53 1951.37
345.039 2567.15
-317.491 602.118
1083.84 4002.69
2575.88 416.146
-4769.71 -616.024
2441.99 -661.922
3428.24 2358.53
64.0999 -72.8246
227.098 -357.487
1243.08 -1287.45
-1719.61 3491.41
-3464.98 1434.47
95.5864 1868.86
-1580.68 -4245.52
-1671.87 -1442.67
4831.54 1913.14
1313.61 -1470.67
834.608 -19.5472
1685.9 -983.352
-48.7594 1635.43
3076.4 -914.821
474.889 -393.644
3836.42 -143.714
1668.06 -2339.51
-270.87 1882.73
601.364 3587.7
-4367.81 -2456.92
195.765 -1549.82
361.425 915.045
-1673.21 1107.69
2189.64 95.9197
3495.97 1905.99
941.852 -2566.25
-1376.57 2119.92
471.067 -480.017
-1431.63 1163.3
-1071.95 3117.94
-3372.52 -1871.05
57.9073 -3560.02
1747.38 1968.74
-2737.94 -614.657
-518.672 2593.73
533.76 72.5477
44.0826 3647.3
-362.837 -354.186
-1326.88 -3715.26
-1214.12 2931.78
0.828858 -170.338
296.504 -815.478
544.688 1915.24
-1566.03 -4823.77
797.774 2594.69
-759.625 211.175
2807.92 -400.911
1015.27 899.676
1057.52 -3219.63
-1696.05 1014.86
-1877.17 868.91
-4777.07 -1938.77
1554.54 -277.883
2861.92 -2595.4
-2745.39 2288.37
-4629.57 -293.226
4326.72 1058.37
-123.317 179.854
2731.16 -1412.64
-840.104 4170.41
-586.688 -1596.52
-3143.35 -3271.98
-192.511 372.217
-1352.93 -2016.4
-1188.16 2566.23
1875.81 3725.74
1633.12 457.452
4143.09 1074.52
-1139 -1436.48
-3013.16 1838.19
-12.9957 -1927.74
-2078.15 -1223.38
472.504 -455.052
2982.21 1892.69
379.864 -518.53
-3673.28 3132.89
116.705 -1153.25
-2954.64 -179.282
884.77 -266.696
-3623.49 13.4729
1693.43 -1829.71
-1420.15 4569.49
-3930.21 3190.93
4613.64 1466.16
1440.48 2242.55
1833.2 883.224
-496.353 2239.81
1199.14 -2215.32
2886.78 -277.39
-184.989 -1164.79
850.518 1281.66
-388.337 168.798
2134.99 -299.313
1506.73 -1248.82
-1572.76 1470.62
186.092 -132.749
115.821 -277.676
-2757.38 -2924.79
2545.09 4360.17
-3761.24 3546.54
-1096.8 -2333.47
-669.435 -4362.97
1570.59 1947.2
-2595.64 -29.2575
2271.48 -1796.92
3455.53 -1848.62
4996.46 -1194.3
-234.128 -2409.42
-1981.79 -3411.78
-3646.85 -3826.9
3685.79 2985.06
4329.23 -1933.3
-3756.78 2888.16
3174.65 -3130.25
-3027.88 1589.92
2489.62 3403.78
2660.53 2381.52
-3431.89 -1413.4
-821.218 1631.53
-757.768 342.513
370.63 1663.73
171.809 792.732
3435.42 -1047.35
690.25 -1590.94
-2223.73 915.286
347.434 2374.3
1579.82 -1067.6
-747.571 -875.19
3442.46 -2322.93
5134.77 1336.34
-2646.9 3581.21
-4102.84 358.522
1804.55 2852.72
-4619.62 698.249
4578.76 -2575.87
-1932.39 1878.58
417.148 -717.685
4287.89 -2211.47
227.25 -1112.1
-1363.84 -3969.67
-3368.8 -713.479
-1189.14 3354.23
3588.02 -1630.11
1351.51 -3758.03
841.183 -2720.38
-1003.47 3737.31
-391.663 -433.17
-1338.01 1465.01
-610.179 -805.477
-2272.64 4113
3278.04 -376.285
-2344.97 -2851.36
-1169.53 569.182
3651.95 3397.37
474.738 -371.521
-971.799 71.7729
-3161.32 130.29
2393.28 -3005.78
3979.35 805.674
2353.51 -1210.83
-4790.83 -709.686
1033.46 4375.58
275.896 -310.833
-1125.36 247.27
-560.596 -522.522
-2752.03 -3621.44
429.232 4471.83
1452.4 79.0918
-69.9055 106.84
58.3238 1673.77
3795.87 3065.79
2562.98 -564.445
3645.89 421.614
-224.599 1336.46
-3132.32 3765.97
-214.022 1235.64
4534.92 1556.01
281.534 -200.4
-201.119 102.394
-160.934 237.883
-4848.86 -1441.84
1858.36 751.023
-1084.08 -5181.16
-336.232 348.936
2124.65 -1651.04
1526.54 1627.56
5122.15 185.469
3695.96 1326.2
1962.66 1400.69
3271.1 3246.83
2167.91 1299.84
-928.09 -216.49
-4019.7 1746.37
-2535.11 -135.75
1778.89 298.898
-2511.67 1469.5
-3320.84 3842.63
1586.43 1525.45
-507.978 -691.661
-1249.13 293.715
3518.98 -3524.26
510.102 796.295
1732.88 -1482.79
-1378.05 1586.88
-443.851 -1618.06
-611.142 263.457
2867 4440.48
-4302.95 -1879.18
-548.504 -4287.1
4222.23 -954.727
3913.99 -3008.72
-146.853 494.533
-3780.78 248.019
2829.93 -2744.3
138.843 1321.13
-842.809 3840.09
-615.316 3252.03
2590.21 3748.78
916.531 374.859
8.75871 -223.286
-107.983 -1556.87
925.413 -1989.57
-3024.75 -238.938
-28.8229 3146.5
-4962.79 459.531
928.968 4940.61
832.807 -175.672
-761.053 -2624.89
1729.94 -1478.22
-300.042 -46.2355
1285.1 3150.21
209.83 -660.61
1812.33 2853.29
-90.5829 -3387.43
-1066.86 -2452.18
-2027.72 -2039.23
398.854 -4491.66
-614.535 2173.3
447.727 -627.699
-168.412 -4249.33
-1165.05 391.905
-1782.54 -158.834
549.778 1118.2
-6.20281 -3310.92
-448.064 1261.17
645.573 -1726.3
-2467.96 -2456.54
4099.01 993.726
1516.91 2890.16
1565.52 98.3014
1878.82 4117.11
-3108.39 -409.402
-366.549 -4778.8
-1441.32 1283.3
-2284.42 -1808.78
2039.5 -553.187
-3903.8 -2246.85
176.753 209.133
2787.78 -142.532
-426.08 3553.53
2126.8 2044.9
-1377.75 -4027.63
-2185.43 -1706.27
1792.12 -275.027
-4737.44 351.406
2680.59 -2423.67
246.986 -1191.75
596.434 -1991.51
-936.281 2909.49
4694.5 -1263.16
-977.648 -610.283
-1270 3353.4
1486.11 -3062.3
737.102 1614.86
1803.72 833.32
-1182.67 -5135.48
2722.15 -895.047
-1690.35 3060.02
664.71 182.646
1142.99 -2900.29
1480.49 492.154
559.939 -255.628
-1326.32 2819.86
-2130.99 -2769.61
3529.52 254.83
583.894 586.707
-2607.95 -663.467
1144.94 2810.56
-1064.45 1828.95
2193.74 -1525.23
1178.77 2711.66
-496.507 -8.0428
2780.26 -4195.51
-3178.74 -40.9843
921.16 1856.22
-762.828 812.449
1299.6 -3712.98
-1039.15 320.751
125.892 -5143.21
-179.679 3310.16
-236.658 128.249
2316.51 -1415.3
1923.11 -2656.25
94.9734 144.324
-59.4025 427.057
-230.901 303.721
651.085 -39.2589
3263.17 -839.094
1717.81 -483.594
-1584.06 -718.839
-431.274 -1037.89
649.606 1144.22
-428.688 -2816.79
-292.904 -3506.61
802.276 -1263.03
-156.372 -197.45
-138.806 494.248
-3957.99 -2858.09
418.274 469.383
48.483 271.76
-1221.89 -96.3197
137.349 -1049.56
269.095 -51.663
2595.8 -2937.66
3017.99 3385.33
2151.84 3539.73
228.161 3829.86
1051.13 1948.23
261.37 77.8602
-1156.86 2962.1
-3500.11 -617.178
-69.0794 -1746.72
434.349 287.856
-2815.1 82.7263
-1926.65 3205.81
2653.59 2263.3
1282.47 -2145.08
-307.893 1271.78
-713.594 3165.69
3234.77 -3441.32
-2040.12 -713.756
1356.18 -1293.29
4507.27 -2441.23
-3886.06 1366.54
1228.95 1990.22
798.41 -910.652
-622.331 582.425
-1665.95 -366.826
2551.71 2075.15
742.047 564.224
-3909.58 3608.87
94.824 -1874.7
-506.853 -2057.84
-933.244 -355.59
2015.86 -1226.76
-109.36 -74.7102
-388.065 3670.41
-457.393 -822.636
1870 4301.24
-2544.66 3763.94
-2099.76 2992.01
-3.14846 -238.688
795.72 951.545
-472.635 1761.52
-1572.69 -4402.86
-536.657 -2896.26
-62.2753 35.9604
-3338.62 -1722.66
-4506.33 1450.12
-813.755 455.759
2204.19 33.6118
175.958 -140.262
-334.841 1987.29
-1676.5 -1280.47
-4452.85 1175.63
1060.25 551.2
3581.71 310.617
-197.102 -2027.42
-2760.82 -2082.3
403.48 149.766
2369.22 3966.6
1851.61 4858.68
-3735.13 -1647.87
3254.93 -768.546
1654.86 -3545.92
2717.61 769.96
-6.46365 -150.321
4258.45 2246.3
52.3975 -1890.79
885.997 -921.977
-717.475 -2095.08
-1591.36 -2546.98
-3312.44 1918.03
32.6975 583.321
125.192 299.425
-874.707 2480.25
-1790.97 4448.87
-51.4327 1672.39
-1931.88 -1089.27
546.906 88.8821
714.365 2791.36
666.738 -352.668
-4743.79 821.076
-789.781 -969.506
-1268.42 -2400.38
1775.31 2570.36
3488.74 1107.39
-1697.48 1933.27
429.988 -1781.71
3070.79 -3781.93
-1424.16 618.298
-1656.12 -653.007
-59.2562 34.1345
554.791 -279.857
35.1146 1071.84
135.24 400.257
-1124.49 -48.15
2837.77 -1965
-327.934 1571.31
1345.9 2262.93
-2383.62 789.945
351.314 -3391.71
389.957 -2944.93
2845.99 -4097.67
4604.77 1150.19
2062.04 1649.89
-832.765 971.915
4889.45 -2116.46
-496.249 215.445
-1172.72 -5021.07
1387.22 3327.27
1719.5 -3697.88
-1556.26 1202.26
-1036.02 1783.32
-1.11074 -400.75
-1833.7 -4107.9
1872.99 -803.931
1637.44 -618.092
579.65 665.922
1130.46 369.909
-1001.53 -2027.94
-137.143 232.805
753.494 -2134.03
1356.61 2604.25
695.82 2647.31
2544.02 914.287
-2770.49 1384.15
-364.196 -4965.7
1167.14 -244.96
2826.94 2584.57
-4815.66 -960.354
-1198.35 -1091
2579.88 138.91
105.966 130.231
4377.5 1409.48
-4475.77 -1470.95
2064.34 2304.61
494.22 855.603
-682.744 3501.29
776.089 574.657
2975.86 -1742.83
1022.78 3972.25
-206.551 -1630.48
-683.157 -3167.78
330.927 124.241
-3639.88 1008.58
1946.95 640.893
558.494 2419.28
1259.33 -783.946
5071.08 959.96
-1834.03 -3672.91
-132.971 -509.994
-417.567 -5203.03
-2542.08 3775.05
-1338.48 379.777
2824.4 2428.29
-3620.76 155.863
3921.52 -1299.46
936.888 4814.83
293.149 1779.89
3718.66 -1001.55
84.167 -52.3375
2596.84 633.385
2550.02 -2430.04
1769.91 2156
2200.02 -4496.96
-4271.4 15.5354
-565.318 3587.08


1385.2 -1809.69
-810.857 -99.7522
-2452.71 405.423
-487.504 -4084
-1986.11 1944.58
334.239 2568.89
-335.581 593.5
1076.21 4004.74
2574.29 426.107
-4768.76 -623.383
2444.49 -652.34
3423.59 2365.4
95.156 -26.0934
246.002 -344.525
1251.21 -1279.18
-1726.91 3487.8
-3468.26 1426.63
83.1032 1869.86
-1573.19 -4248.37
-1664.89 -1450.49
4829.03 1919.36
1321.78 -1463.1
837.186 -0.978903
1691.08 -973.779
-60.2271 1634.34
3078.81 -906.467
489.78 -378.816
3836.89 -134.769
1676.04 -2333.89
-281.783 1880.81
593.408 3588.95
-4364.51 -2462.64
209.754 -1548.82
345.919 922.554
-1678.51 1098.79
2189.53 107.811
3492.05 1913.21
951.154 -2562.87
-1384.87 2114.44
486.034 -466.516
-1439.96 1153.71
-1080.19 3115.07
-3368.74 -1877.63
65.9312 -3559.79
1739.86 1975.46
-2735.82 -624.135
-528.62 2591.8
529.396 94.5917
35.3014 3647.46
-345.474 -369.691
-1318.93 -3718.16
-1221.59 2928.47
42.1802 -164.325
312.16 -808.659
533.81 1918.23
-1558.67 -4826.24
788.934 2597.22
-767.582 193.508
2809.02 -391.995
1006 910.172
1065.33 -3216.95
-1701.95 1004.98
-1881.91 858.668
-4774.52 -1944.93
1556.51 -265.456
2866.86 -2589.77
-2750.5 2282.1
-4629.1 -300.715
4324.9 1065.75
-151.983 156.404
2735.15 -1404.74
-848.047 4168.85
-575.765 -1599.88
-3137.77 -3277.38
-214.856 360.238
-1344.41 -2022.03
-1197.44 2562.1
1869.02 3729.1
1629.61 468.945
4141.11 1082.21
-1129.62 -1443.89
-3017.95 1830.52
-1.52138 -1927.71
-2073.07 -1231.36
489.219 -443.033
2977.56 1900.05
398.174 -508.866
-3677.53 3127.78
130.338 -1150.46
-2953.91 -187.811
890.422 -250.282
-3623.37 5.75295
1701.44 -1822.53
-1426.92 4567.35
-3935.18 3184.93
4611.56 1472.45
1432 2248.08
1828.31 892.221
-507.186 2237.56
1207.43 -2210.59
2887.36 -268.852
-170.212 -1167.06
839.791 1288.4
-398.233 145.993
2135.93 -289.407
1513.07 -1240.38
-1579.59 1462.87
201.905 -102.262
143.633 -264.534
-2751.75 -2930.01
2539.2 4363.56
-3766.51 3541.04
-1086.97 -2338.44
-661.142 -4364.35
1562.16 1954.38
-2595.7 -39.8483
2276.8 -1789.91
3459.73 -1840.98
4997.87 -1188.04
-223.539 -2410.53
-1974.42 -3416.15
-3642.1 -3831.36
3680.89 2991.2
4332.26 -1926.52
-3761.43 2882.15
3179.53 -3125.18
-3032.48 1581.54
2482.85 3408.85
2654.53 2388.39
-3428.68 -1421.22
-831.131 1626.11
-767.092 326.347
357.69 1667.25
153.867 798.724
3437.68 -1039.62
700.429 -1585.91
-2227.69 905.647
336.851 2375.94
1586.9 -1057.6
-736.022 -884.127
3446.95 -2316.3
5132.94 1343.58
-2652.38 3577.03
-4103.36 351.298
1797.79 2856.78
-4620.84 690.495
4581.94 -2570.12
-1939.02 1871.65
431.34 -707.707
4291.49 -2204.6
242.791 -1109.5
-1356.1 -3972.38
-3367 -721.206
-1197.25 3351.36
3591.54 -1622.47
1358.53 -3755.4
849.449 -2717.59
-1011.24 3735.19
-373.783 -444.69
-1345.38 1457.61
-597.329 -816.246
-2279.01 4109.46
3279.3 -366.749
-2338.8 -2856.31
-1174.51 556.852
3646.68 3403.14
488.931 -355.794
-975.222 54.3494
-3161.64 121.396
2400.06 -3000.47
3977.77 813.15
2358.18 -1201.86
-4789.75 -717.009
1026.52 4377.15
294.666 -293.602
-1129.13 232.179
-547.163 -534.907
-2745.84 -3626.18
422.214 4472.43
1452.57 93.7371
-106.018 79.1135
44.907 1674.84
3791.36 3071.34
2565.22 -554.515
3644.87 429.211
-238.132 1333.99
-3138.4 3761
-228.407 1233.2
4532.45 1563.34
295.442 -176.849
-214.423 69.5146
-185.029 217.887
-4846.77 -1448.97
1854.09 761.929
-1077.05 -5182.65
-353.441 334.803
2130.18 -1643.63
1518.74 1634.74
5121.88 192.489
3693.14 1334.24
1956.88 1408.24
3265.65 3252.37
2162.81 1307.97
-923.312 -231.826
-4023.14 1738.72
-2534.79 -146.691
1777.13 311.474
-2516.96 1460.83
-3326.69 3837.66
1578.53 1534.2
-493.346 -699.229
-1251.2 280.545
3523.7 -3519.46
495.977 805.743
1738.86 -1475.18
-1386.45 1579.56
-431.834 -1621.29
-621.85 246.007
2861.42 4444.03
-4300.05 -1885.72
-540.305 -4288.23
4223.79 -947.553
3918 -3003.38
-167.686 484.584
-3781.13 240.56
2835.36 -2738.63
126.023 1321.31
-850.244 3838.37
-623.743 3250.37
2583.56 3753.48
910.606 390.438
45.2751 -218.314
-95.1398 -1557.66
935.324 -1984.95
-3023.87 -247.214
-38.5494 3146.56
-4963.32 453.024
922.191 4941.85
836.691 -158.27
-751.335 -2627.82
1737.2 -1469.91
-294.392 -76.5996
1277.6 3153.1
229.769 -657.343
1805.07 2857.84
-81.6395 -3387.7
-1058.45 -2455.57
-2021.16 -2045.59
405.838 -4490.96
-625.567 2170.44
463.671 -617.457
-160.531 -4249.65
-1170.45 377.664
-1781.23 -170.398
536.764 1124.38
2.08291 -3310.8
-462.337 1256.93
656.574 -1722.08
-2462.16 -2462.21
4097.16 1001.28
1509.51 2893.88
1565.28 112.139
1872.27 4120.03
-3107.23 -418.81
-358.771 -4779.45
-1449.14 1274.56
-2278.34 -1816.67
2042.45 -542.384
-3900.21 -2252.92
153.315 231.784
2788.16 -133.209
-434.161 3552.48
2120.33 2051.58
-1369.73 -4030.48
-2179.33 -1714.23
1793.18 -264.148
-4738.02 343.881
2686.32 -2417.34
260.161 -1187.9
607.09 -1988.26
-944.941 2906.67
4696.5 -1255.85
-969.992 -624.232
-1277.92 3350.38
1493.21 -3058.68
726.852 1618.81
1798.89 843.659
-1176.04 -5136.98
2724.65 -886.725
-1698.41 3055.68
656.879 200.061
1150.65 -2897.07
1476.4 504.562
571.057 -237.822
-1334.83 2815.91
-2123.83 -2775.24
3528.97 263.908
571.124 599.367
-2605.51 -672.888
1135.97 2814.33
-1074.37 1823.31
2199.26 -1517.2
1170.27 2715.3
-491.947 -31.2809
2786.11 -4191.61
-3178.44 -49.1694
911.84 1860.32
-771.985 801.662
1307.3 -3710.29
-1044.45 305.571
133.67 -5143.1
-189.163 3309.78
-254.286 98.2496
2321.28 -1407.24
1929.68 -2651.3
57.7047 161.917
-83.1519 424.069
-250.105 282.785
654.886 -19.0194
3265.1 -831.098
1721.91 -471.144
-1578.88 -729.095
-416.646 -1045.62
636.955 1152.35
-418.922 -2818.36
-285.006 -3507.14
814.734 -1256.05
-124.43 -210.872
-160.9 489.307
-3953.63 -2864.15
402.828 483.194
19.3741 278.218
-1221.06 -111.345
153.734 -1048.25
273.941 -19.6857
2601.42 -2932.56
3011.92 3390.87
2144.71 3544.15
219.526 3830.45
1041.78 1953.12
253.118 109.162
-1165.28 2958.8
-3498.64 -626.348
-56.6151 -1747.33
423.99 307.389
-2815.46 72.8348
-1934.22 3201.35
2647.63 2270.51
1290.51 -2140
-321.021 1268.04
-722.387 3163.71
3240.56 -3435.96
-2036.46 -723.745
1363.19 -1285.13
4510.88 -2434.66
-3888.49 1359.41
1219.87 1995.87
810.092 -900.959
-634.172 569.386
-1663.44 -379.43
2545.73 2082.79
732.54 579.147
-3914.15 3603.89
105.869 -1873.75
-496.838 -2059.91
-927.446 -370.893
2021.59 -1217.56
-73.8706 -108.807
-396.722 3669.55
-442.744 -829.081
1863.48 4304.01
-2550.56 3759.89
-2106.82 2987.09
30.6063 -236.748
784.701 959.074
-484.094 1758.37
-1565.89 -4405.25
-527.516 -2897.91
-54.1324 -39.0833
-3334.93 -1729.65
-4508.55 1443.17
-823.345 441.062
2203.68 43.629
193.521 -107.005
-346.885 1985.62
-1669.97 -1288.38
-4454.93 1167.98
1053.32 564.294
3581.04 319.716
-185.968 -2028.41
-2755.32 -2089.81
390.984 172.586
2363.22 3970.1
1845.47 4860.96
-3731.96 -1654.98
3257.31 -759.237
1662.08 -3542.51
2714.98 778.99
38.5779 -147.197
4255.24 2252.23
64.5624 -1890.65
896.039 -911.992
-707.063 -2098.7
-1583.12 -2552.26
-3316.37 1911.14
11.3504 582.203
94.8583 308.077
-883.246 2476.98
-1798.19 4446.02
-64.7873 1672.5
-1926.52 -1098.86
541.815 110.395
705.963 2793.26
676.54 -336.212
-4744.86 814.454
-778.672 -977.173
-1259.26 -2405.45
1768.26 2575.03
3486.2 1115.3
-1705.29 1926.51
440.801 -1778.68
3077.03 -3776.97
-1428.44 606.903
-1651.83 -665.362
-57.6595 -39.0098
567.39 -263.254
19.1934 1072.62
112.259 408.12
-1124.62 -64.1564
2842.2 -1958.35
-341.375 1569.08
1337.08 2268.3
-2386.29 780.991
360.152 -3390.82
398.288 -2943.59
2852.09 -4093.45
4602.93 1157.79
2055.81 1657.68
-845.224 962.722
4892.44 -2109.67
-501.065 193.635
-1166.24 -5022.53
1379.22 3330.63
1726.51 -3694.57
-1562.45 1193.56
-1046.84 1777.56
22.206 -398.409
-1827.33 -4110.64
1877.16 -793.772
1641.26 -607.033
566.466 677.17
1125.21 383.011
-992.099 -2032.46
-164.751 218.184
763.684 -2130.44
1347.8 2609.01
687.234 2649.28
2540.67 923.887
-2774.68 1375.83
-357.028 -4966.22
1170.1 -230.409
2821.42 2590.59
-4814.28 -966.912
-1189.75 -1100.44
2579.22 148.52
69.1792 152.803
4375.16 1416.82
-4473.4 -1478.24
2057.97 2310.06
480.008 865.217
-691.435 3499.65
766.787 589.267
2980.02 -1735.59
1014.53 3974.48
-193.238 -1632.74
-674.582 -3169.58
319.799 150.41
-3642.44 999.883
1943.31 650.618
549.175 2421.17
1266.04 -772.742
5069.77 966.747
-1827.21 -3676.25
-110.853 -515.124
-411.031 -5203.5
-2548.82 3770.59
-1341.94 366.709
2818.66 2435.12
-3621.27 146.796
3923.68 -1292.57
929.186 4816.4
280.376 1782.56
3720.85 -993.477
89.6802 4.57703
2594.53 643.49
2555.35 -2424.24
1762.46 2162.09
2206.59 -4493.76
-4271.32 8.43466
-572.802 3585.74


1393.25 -1803.31
-807.067 -116.81
-2453.9 396.219
-479.964 -4084.84
-1992.68 1937.77
323.433 2570.6
-353.388 584.38
1068.58 4006.79
2572.66 436.062
-4767.81 -630.74
2446.95 -642.747
3418.92 2372.27
91.6133 30.0886
264.012 -330.312
1259.28 -1270.85
-1734.2 3484.18
-3471.52 1418.78
70.6166 1870.78
-1565.68 -4251.22
-1657.87 -1458.28
4826.52 1925.58
1329.91 -1455.48
839.384 17.5898
1696.19 -964.172
-71.6912 1633.16
3081.19 -898.105
504.115 -363.559
3837.34 -125.825
1684.01 -2328.24
-292.685 1878.82
585.449 3590.18
-4361.2 -2468.36
223.729 -1547.7
330.318 929.809
-1683.75 1089.85
2189.36 119.699
3488.12 1920.43
960.444 -2559.45
-1393.15 2108.92
500.574 -452.607
-1448.24 1144.08
-1088.42 3112.17
-3364.95 -1884.21
73.9547 -3559.53
1732.32 1982.15
-2733.68 -633.606
-538.561 2589.83
524.11 116.471
26.52 3647.61
-327.385 -384.421
-1310.98 -3721.05
-1229.04 2925.13
80.8734 -147.986
327.688 -801.51
522.914 1921.15
-1551.3 -4828.69
780.083 2599.71
-775.128 175.737
2810.09 -383.074
996.628 920.572
1073.13 -3214.24
-1707.79 995.056
-1886.6 848.4
-4771.96 -1951.09
1558.38 -253.012
2871.78 -2584.13
-2755.59 2275.81
-4628.61 -308.203
4323.08 1073.12
-176.33 128.509
2739.11 -1396.82
-855.988 4167.28
-564.812 -1603.16
-3132.18 -3282.76
-236.398 346.914
-1335.88 -2027.62
-1206.71 2557.94
1862.23 3732.44
1626.01 480.413
4139.12 1089.89
-1120.19 -1451.24
-3022.71 1822.83
9.95304 -1927.61
-2067.95 -1239.32
505.478 -430.6
2972.9 1907.39
416.089 -498.695
-3681.77 3122.66
143.949 -1147.47
-2953.15 -196.338
895.776 -233.785
-3623.24 -1.96701
1709.43 -1815.32
-1433.69 4565.19
-3940.15 3178.92
4609.46 1478.73
1423.49 2253.57
1823.36 901.191
-518.009 2235.25
1215.69 -2205.82
2887.9 -260.312
-155.408 -1169.15
829.005 1295.04
-406.691 122.661
2136.81 -279.494
1519.36 -1231.91
-1586.38 1455.09
212.603 -69.1908
169.952 -248.642
-2746.11 -2935.22
2533.3 4366.94
-3771.78 3535.53
-1077.12 -2343.38
-652.846 -4365.72
1553.69 1961.54
-2595.72 -50.4384
2282.09 -1782.87
3463.92 -1833.32
4999.28 -1181.78
-212.946 -2411.6
-1967.03 -3420.51
-3637.33 -3835.81
3675.99 2997.33
4335.28 -1919.73
-3766.07 2876.14
3184.4 -3120.1
-3037.06 1573.15
2476.07 3413.9
2648.52 2395.24
-3425.46 -1429.04
-841.008 1620.62
-776.064 310.031
344.73 1670.68
135.849 804.32
3439.92 -1031.89
710.573 -1580.8
-2231.6 895.991
326.261 2377.54
1593.92 -1047.56
-724.345 -892.91
3451.43 -2309.65
5131.1 1350.82
-2657.84 3572.85
-4103.86 344.073
1791.02 2860.83
-4622.05 682.739
4585.11 -2564.36
-1945.62 1864.69
445.331 -697.398
4295.09 -2197.72
258.289 -1106.7
-1348.34 -3975.08
-3365.19 -728.929
-1205.36 3348.48
3595.04 -1614.83
1365.55 -3752.76
857.706 -2714.76
-1019 3733.06
-355.389 -455.598
-1352.69 1450.16
-584.327 -826.807
-2285.37 4105.9
3280.53 -357.211
-2332.63 -2861.24
-1179.35 544.454
3641.4 3408.9
502.527 -339.634
-978.367 36.9105
-3161.93 112.502
2406.83 -2995.14
3976.18 820.622
2362.82 -1192.87
-4788.66 -724.33
1019.57 4378.71
312.306 -275.246
-1132.71 217.049
-533.404 -546.974
-2739.65 -3630.9
415.195 4473.01
1452.62 108.375
-127.314 40.2352
31.4877 1675.81
3786.84 3076.89
2567.43 -544.577
3643.83 436.806
-251.64 1331.36
-3144.48 3756.03
-242.761 1230.59
4529.98 1570.67
307.323 -152.086
-222.231 34.8545
-206.864 195.231
-4844.67 -1456.1
1849.75 772.811
-1070.02 -5184.13
-369.815 319.878
2135.69 -1636.19
1510.9 1641.88
5121.6 199.51
3690.3 1342.28
1951.06 1415.76
3260.19 3257.9
2157.68 1316.08
-918.25 -247.091
-4026.56 1731.07
-2534.43 -157.629
1775.3 324.036
-2522.23 1452.13
-3332.53 3832.68
1570.6 1542.9
-478.504 -706.501
-1253.11 267.341
3528.41 -3514.66
481.696 814.939
1744.81 -1467.53
-1394.81 1572.2
-419.793 -1624.44
-632.001 228.336
2855.83 4447.57
-4297.14 -1892.25
-532.103 -4289.34
4225.34 -940.376
3922.01 -2998.04
-188.18 473.659
-3781.45 233.099
2840.78 -2732.95
113.188 1321.34
-857.676 3836.64
-632.166 3248.69
2576.9 3758.17
904.433 405.911
80.5901 -207.554
-82.29 -1558.34
945.212 -1980.29
-3022.95 -255.488
-48.2756 3146.59
-4963.83 446.515
915.413 4943.07
840.215 -140.799
-741.607 -2630.71
1744.42 -1461.57
-285.779 -106.193
1270.09 3155.98
249.527 -653.556
1797.79 2862.36
-72.6956 -3387.95
-1050.03 -2458.92
-2014.59 -2051.93
412.821 -4490.25
-636.585 2167.53
479.347 -606.857
-152.649 -4249.96
-1175.69 363.371
-1779.83 -181.954
523.678 1130.41
10.3686 -3310.66
-476.56 1252.54
667.548 -1717.79
-2456.35 -2467.87
4095.3 1008.82
1502.09 2897.58
1564.94 125.969
1865.72 4122.94
-3106.05 -428.215
-350.993 -4780.1
-1456.91 1265.76
-2272.24 -1824.54
2045.35 -531.565
-3896.62 -2258.99
127.831 251.348
2788.5 -123.883
-442.239 3551.41
2113.84 2058.24
-1361.71 -4033.32
-2173.2 -1722.18
1794.16 -253.258
-4738.58 336.355
2692.03 -2411
273.297 -1183.87
617.729 -1984.96
-953.593 2903.81
4698.49 -1248.53
-962.171 -638.074
-1285.83 3347.35
1500.3 -3055.03
716.569 1622.68
1794 853.971
-1169.42 -5138.47
2727.11 -878.393
-1706.47 3051.33
648.506 217.31
1158.29 -2893.81
1472.21 516.934
581.526 -219.745
-1343.33 2811.94
-2116.66 -2780.84
3528.4 272.985
558.085 611.747
-2603.04 -682.299
1126.99 2818.08
-1084.27 1817.62
2204.75 -1509.15
1161.76 2718.92
-486.267 -54.4477
2791.95 -4187.7
-3178.11 -57.3541
902.493 1864.36
-780.996 790.721
1314.98 -3707.58
-1049.54 290.329
141.448 -5142.97
-198.645 3309.38
-268.319 66.8575
2326.02 -1399.15
1936.24 -2646.33
16.9647 169.742
-106.618 419.636
-268.018 260.391
658.062 1.23842
3267.01 -823.096
1725.92 -458.673
-1573.63 -739.315
-401.941 -1053.16
624.231 1160.35
-409.151 -2819.9
-277.105 -3507.64
827.129 -1248.96
-90.036 -220.115
-182.674 483.392
-3949.27 -2870.21
386.946 496.484
-9.99212 281.008
-1220.06 -126.354
170.085 -1046.71
275.001 12.5643
2607.04 -2927.45
3005.83 3396.4
2137.57 3548.56
210.89 3831.02
1032.41 1957.95
241.405 138.975
-1173.7 2955.48
-3497.16 -635.514
-44.1481 -1747.86
412.83 326.34
-2815.79 62.9425
-1941.77 3196.88
2641.66 2277.71
1298.52 -2134.88
-334.111 1264.14
-731.174 3161.71
3246.34 -3430.6
-2032.74 -733.716
1370.15 -1276.91
4514.48 -2428.08
-3890.92 1352.28
1210.76 2001.49
821.656 -891.133
-645.741 556.102
-1660.85 -392.014
2539.73 2090.41
722.795 593.882
-3918.7 3598.9
116.909 -1872.72
-486.811 -2061.93
-921.402 -386.098
2027.28 -1208.33
-27.9258 -127.454
-405.376 3668.67
-427.954 -835.262
1856.97 4306.78
-2556.44 3755.83
-2113.87 2982.15
63.7053 -229.737
773.575 966.471
-495.533 1755.14
-1559.08 -4407.64
-518.369 -2899.54
13.0041 -67.0012
-3331.21 -1736.63
-4510.75 1436.22
-832.667 426.221
2203.12 53.645
205.817 -70.8447
-358.917 1983.89
-1663.4 -1296.26
-4456.99 1160.33
1046.23 577.301
3580.35 328.815
-174.828 -2029.34
-2749.81 -2097.3
377.111 194.798
2357.21 3973.59
1839.31 4863.23
-3728.77 -1662.08
3259.66 -749.922
1669.29 -3539.09
2712.32 788.01
80.212 -130.984
4252.02 2258.15
76.7247 -1890.43
905.97 -901.893
-696.635 -2102.27
-1574.87 -2557.53
-3320.28 1904.24
-10.0122 580.288
63.7283 314.139
-891.773 2473.66
-1805.4 4443.16
-78.1383 1672.52
-1921.11 -1108.41
535.856 131.732
697.553 2795.13
685.924 -319.548
-4745.91 807.83
-767.458 -984.709
-1250.08 -2410.48
1761.19 2579.69
3483.64 1123.2
-1713.08 1919.72
451.594 -1775.57
3083.27 -3772
-1432.63 595.467
-1647.47 -677.686
16.007 -65.1509
579.366 -246.362
3.26818 1073.16
88.8698 414.501
-1124.54 -80.151
2846.6 -1951.7
-354.794 1566.74
1328.25 2273.64
-2388.92 772.023
368.988 -3389.91
406.615 -2942.22
2858.19 -4089.23
4601.08 1165.39
2049.56 1665.45
-857.578 953.409
4895.42 -2102.88
-505.003 171.486
-1159.75 -5023.98
1371.21 3333.98
1733.52 -3691.25
-1568.58 1184.82
-1057.62 1771.76
45.4259 -394.334
-1820.96 -4113.37
1881.27 -783.589
1644.99 -595.945
553.064 688.157
1119.78 396.052
-982.647 -2036.93
-190.051 200.501
773.856 -2126.81
1338.97 2613.76
678.64 2651.22
2537.29 933.476
-2778.84 1367.5
-349.859 -4966.73
1172.89 -215.822
2815.88 2596.6
-4812.89 -973.468
-1181.08 -1109.82
2578.52 158.127
27.8879 165.426
4372.81 1424.16
-4471.03 -1485.51
2051.58 2315.49
465.666 874.594
-700.121 3498
757.261 603.705
2984.15 -1728.33
1006.27 3976.68
-179.914 -1634.89
-666.003 -3171.35
306.647 175.627
-3644.97 991.183
1939.6 660.322
539.845 2423.01
1272.64 -761.477
5068.45 973.532
-1820.38 -3679.58
-88.529 -519.299
-404.494 -5203.95
-2555.55 3766.13
-1345.27 353.606
2812.9 2441.95
-3621.75 137.728
3925.84 -1285.67
921.482 4817.97
267.59 1785.16
3723.03 -985.402
50.4284 56.8518
2592.17 653.585
2560.67 -2418.42
1754.99 2168.15
2213.15 -4490.55
-4271.23 1.33385
-580.283 3584.37


1401.26 -1796.88
-802.882 -133.811
-2455.04 387.008
-472.422 -4085.66
-1999.22 1930.94
312.623 2572.28
-370.897 574.769
1060.95 4008.82
2570.99 446.011
-4766.84 -638.095
2449.38 -633.144
3414.23 2379.13
52.3391 73.9537
281.06 -314.895
1267.3 -1262.46
-1741.48 3480.55
-3474.76 1410.92
58.1273 1871.63
-1558.18 -4254.05
-1650.81 -1466.03
4823.99 1931.79
1337.99 -1447.82
841.206 36.1507
1701.25 -954.531
-83.1509 1631.87
3083.54 -889.737
517.886 -347.893
3837.77 -116.879
1691.95 -2322.57
-303.576 1876.75
577.487 3591.4
-4357.88 -2474.08
237.689 -1546.49
314.626 936.808
-1688.94 1080.88
2189.14 131.584
3484.17 1927.65
969.723 -2556.01
-1401.41 2103.37
514.679 -438.302
-1456.45 1134.39
-1096.65 3109.25
-3361.14 -1890.78
81.9778 -3559.26
1724.75 1988.81
-2731.5 -643.069
-548.494 2587.82
517.905 138.146
17.7385 3647.74
-308.604 -398.337
-1303.01 -3723.91
-1236.48 2921.77
114.378 -122.172
343.083 -794.033
512.001 1924.01
-1543.93 -4831.14
771.222 2602.17
-782.263 157.873
2811.13 -374.15
987.149 930.876
1080.92 -3211.52
-1713.58 985.101
-1891.24 838.108
-4769.39 -1957.25
1560.15 -240.552
2876.69 -2578.48
-2760.67 2269.52
-4628.11 -315.69
4321.24 1080.48
-195.673 96.9672
2743.04 -1388.9
-863.925 4165.69
-553.829 -1606.35
-3126.59 -3288.13
-257.061 332.298
-1327.32 -2033.18
-1215.97 2553.75
1855.44 3735.77
1622.33 491.855
4137.12 1097.57
-1110.71 -1458.53
-3027.46 1815.14
21.4271 -1927.43
-2062.79 -1247.25
521.273 -417.774
2968.22 1914.73
433.595 -488.036
-3686 3117.53
157.535 -1144.29
-2952.36 -204.864
900.831 -217.21
-3623.08 -9.68695
1717.39 -1808.08
-1440.46 4563.03
-3945.1 3172.9
4607.35 1485.01
1414.97 2259.04
1818.36 910.132
-528.82 2232.9
1223.93 -2201.02
2888.42 -251.769
-140.58 -1171.05
818.159 1301.59
-413.689 98.8889
2137.64 -269.573
1525.59 -1223.39
-1593.13 1447.27
217.707 -34.3059
194.506 -230.169
-2740.46 -2940.41
2527.4 4370.31
-3777.04 3530.01
-1067.25 -2348.28
-644.549 -4367.07
1545.2 1968.66
-2595.7 -61.0279
2287.36 -1775.81
3468.1 -1825.65
5000.68 -1175.52
-202.349 -2412.62
-1959.64 -3424.86
-3632.56 -3840.26
3671.07 3003.45
4338.29 -1912.94
-3770.7 2870.11
3189.27 -3115.01
-3041.62 1564.75
2469.28 3418.95
2642.49 2402.09
-3422.22 -1436.84
-850.849 1615.06
-784.683 293.574
331.753 1674.02
117.765 809.523
3442.14 -1024.15
720.681 -1575.6
-2235.48 886.318
315.666 2379.09
1600.88 -1037.47
-712.543 -901.539
3455.9 -2303
5129.25 1358.05
-2663.3 3568.65
-4104.35 336.847
1784.23 2864.85
-4623.25 674.982
4588.27 -2558.59
-1952.2 1857.71
459.113 -686.762
4298.67 -2190.83
273.74 -1103.7
-1340.59 -3977.77
-3363.35 -736.647
-1213.46 3345.57
3598.53 -1607.18
1372.56 -3750.11
865.953 -2711.9
-1026.75 3730.91
-336.497 -465.868
-1359.96 1442.67
-571.176 -837.158
-2291.72 4102.34
3281.75 -347.671
-2326.44 -2866.16
-1184.04 531.992
3636.12 3414.65
515.518 -323.064
-981.238 19.4611
-3162.2 103.607
2413.59 -2989.8
3974.57 828.091
2367.42 -1183.87
-4787.57 -731.65
1012.62 4380.26
328.753 -255.838
-1136.09 201.881
-519.326 -558.714
-2733.46 -3635.62
408.174 4473.58
1452.54 123.003
-131.292 -4.10408
18.0666 1676.69
3782.31 3082.43
2569.6 -534.631
3642.77 444.399
-265.122 1328.6
-3150.54 3751.04
-257.083 1227.81
4527.49 1577.99
317.068 -126.266
-224.307 -0.703415
-226.133 170.156
-4842.56 -1463.22
1845.36 783.668
-1062.99 -5185.6
-385.326 304.207
2141.16 -1628.73
1503.03 1648.98
5121.32 206.529
3687.45 1350.31
1945.21 1423.26
3254.72 3263.43
2152.51 1324.16
-912.906 -262.279
-4029.97 1723.41
-2534.03 -168.565
1773.38 336.584
-2527.47 1443.43
-3338.37 3827.69
1562.62 1551.57
-463.458 -713.471
-1254.86 254.103
3533.12 -3509.85
467.265 823.882
1750.72 -1459.85
-1403.13 1564.79
-407.729 -1627.49
-641.594 210.463
2850.24 4451.11
-4294.22 -1898.77
-523.9 -4290.44
4226.87 -933.196
3926.01 -2992.69
-208.287 461.76
-3781.76 225.637
2846.18 -2727.26
100.34 1321.22
-865.104 3834.88
-640.584 3246.98
2570.23 3762.84
898.015 421.274
113.759 -191.268
-69.4345 -1558.91
955.077 -1975.57
-3022.01 -263.76
-58.0013 3146.6
-4964.33 440.006
908.633 4944.29
843.378 -123.269
-731.87 -2633.58
1751.6 -1453.2
-274.31 -134.726
1262.57 3158.84
269.089 -649.258
1790.51 2866.87
-63.7512 -3388.18
-1041.59 -2462.25
-2007.99 -2058.25
419.803 -4489.52
-647.589 2164.57
494.747 -595.908
-144.766 -4250.25
-1180.77 349.026
-1778.36 -193.501
510.52 1136.28
18.6542 -3310.5
-490.732 1248.03
678.494 -1713.43
-2450.51 -2473.51
4093.43 1016.37
1494.67 2901.25
1564.49 139.791
1859.16 4125.84
-3104.84 -437.616
-343.214 -4780.73
-1464.63 1256.92
-2266.11 -1832.39
2048.18 -520.732
-3893.01 -2265.05
100.716 267.712
2788.81 -114.556
-450.315 3550.33
2107.33 2064.88
-1353.68 -4036.15
-2167.05 -1730.1
1795.06 -242.357
-4739.14 328.828
2697.72 -2404.65
286.393 -1179.67
628.349 -1981.6
-962.237 2900.94
4700.47 -1241.22
-954.185 -651.807
-1293.73 3344.3
1507.38 -3051.37
706.251 1626.48
1789.05 864.255
-1162.79 -5139.95
2729.55 -870.051
-1714.51 3046.96
639.59 234.377
1165.92 -2890.53
1467.92 529.271
591.343 -201.422
-1351.82 2807.95
-2109.48 -2786.43
3527.8 282.061
544.786 623.84
-2600.53 -691.702
1118 2821.81
-1094.13 1811.88
2210.21 -1501.08
1153.23 2722.52
-479.456 -77.4875
2797.78 -4183.79
-3177.75 -65.5384
893.12 1868.36
-789.856 779.629
1322.66 -3704.85
-1054.42 275.027
149.225 -5142.84
-208.126 3308.96
-278.723 34.5573
2330.73 -1391.05
1942.78 -2641.35
-24.8108 167.081
-129.723 413.781
-284.502 236.609
660.618 21.4951
3268.9 -815.088
1729.86 -446.18
-1568.29 -749.498
-387.162 -1060.51
611.436 1168.21
-399.375 -2821.41
-269.204 -3508.12
839.459 -1241.78
-53.7012 -224.584
-204.089 476.524
-3944.89 -2876.26
370.648 509.239
-39.2313 280.185
-1218.89 -141.346
186.398 -1044.93
272.287 44.6424
2612.64 -2922.33
2999.74 3401.92
2130.43 3552.95
202.253 3831.57
1023.01 1962.74
226.497 166.95
-1182.1 2952.14
-3495.65 -644.677
-31.6789 -1748.3
400.901 344.683
-2816.09 53.0494
-1949.32 3192.39
2635.67 2284.89
1306.5 -2129.72
-347.163 1260.1
-739.956 3159.69
3252.12 -3425.22
-2028.96 -743.668
1377.06 -1268.65
4518.07 -2421.5
-3893.32 1345.14
1201.63 2007.06
833.097 -881.175
-657.034 542.58
-1658.16 -404.577
2533.72 2098.02
712.817 608.425
-3923.25 3593.91
127.945 -1871.63
-476.77 -2063.88
-915.114 -401.201
2032.93 -1199.07
22.0509 -127.55
-414.029 3667.77
-413.027 -841.176
1850.44 4309.54
-2562.32 3751.76
-2120.92 2977.2
95.4338 -217.785
762.341 973.735
-506.95 1751.84
-1552.27 -4410.01
-509.218 -2901.14
68.3355 -11.3978
-3327.49 -1743.61
-4512.95 1429.26
-841.72 411.243
2202.51 63.6598
212.229 -32.6678
-370.938 1982.1
-1656.78 -1304.1
-4459.04 1152.68
1038.98 590.219
3579.65 337.911
-163.683 -2030.21
-2744.27 -2104.79
361.879 216.309
2351.19 3977.07
1833.16 4865.5
-3725.57 -1669.18
3262 -740.603
1676.5 -3535.65
2709.64 797.022
114.939 -103.46
4248.79 2264.07
88.8842 -1890.15
915.787 -891.68
-686.19 -2105.79
-1566.6 -2562.77
-3324.17 1897.32
-31.361 577.573
32.0538 317.514
-900.287 2470.31
-1812.61 4440.28
-91.4849 1672.44
-1915.66 -1117.94
529.033 152.856
689.135 2796.98
694.885 -302.688
-4746.96 801.205
-756.141 -992.112
-1240.88 -2415.49
1754.11 2584.32
3481.06 1131.1
-1720.84 1912.9
462.369 -1772.4
3089.49 -3767.03
-1436.71 583.989
-1643.03 -689.979
66.9264 -14.6313
590.717 -229.205
-12.6578 1073.47
65.1595 419.384
-1124.26 -96.1309
2850.99 -1945.03
-368.191 1564.31
1319.39 2278.95
-2391.51 763.044
377.821 -3388.98
414.938 -2940.82
2864.28 -4085
4599.21 1172.98
2043.27 1673.19
-869.824 943.977
4898.39 -2096.08
-508.039 149.031
-1153.26 -5025.43
1363.2 3337.32
1740.53 -3687.92
-1574.65 1176.03
-1068.37 1765.9
68.4444 -388.514
-1814.59 -4116.09
1885.33 -773.382
1648.65 -584.828
539.449 698.88
1114.18 409.032
-973.173 -2041.35
-212.771 180.094
784.012 -2123.12
1330.13 2618.47
670.036 2653.13
2533.88 943.052
-2782.98 1359.16
-342.689 -4967.22
1175.49 -201.202
2810.33 2602.6
-4811.49 -980.021
-1172.34 -1119.13
2577.78 167.733
-15.2199 167.283
4370.44 1431.5
-4468.64 -1492.79
2045.17 2320.91
451.197 883.735
-708.804 3496.32
747.515 617.966
2988.27 -1721.07
998.011 3978.88
-166.579 -1636.95
-657.419 -3173.1
291.554 199.733
-3647.49 982.479
1935.85 670.007
530.507 2424.82
1279.14 -750.151
5067.13 980.315
-1813.54 -3682.89
-66.0409 -522.51
-397.957 -5204.4
-2562.27 3761.65
-1348.47 340.467
2807.13 2448.76
-3622.22 128.66
3927.98 -1278.77
913.775 4819.52
254.792 1787.68
3725.2 -977.322
-26.6983 55.6516
2589.79 663.672
2565.98 -2412.59
1747.5 2174.19
2219.71 -4487.33
-4271.13 -5.76695
-587.761 3582.99


1409.25 -1790.41
-798.3 -150.745
-2456.14 377.791
-464.878 -4086.47
-2005.73 1924.08
301.808 2573.91
-388.096 564.676
1053.31 4010.83
2569.29 455.953
-4765.87 -645.449
2451.76 -623.53
3409.54 2385.98
-10.9506 81.5215
297.08 -298.326
1275.25 -1254.02
-1748.76 3476.9
-3477.99 1403.06
45.6357 1872.41
-1550.66 -4256.87
-1643.72 -1473.75
4821.46 1938
1346.03 -1440.1
842.654 54.6955
1706.24 -944.857
-94.6058 1630.49
3085.88 -881.361
531.083 -331.843
3838.18 -107.933
1699.88 -2316.88
-314.456 1874.62
569.522 3592.59
-4354.55 -2479.79
251.632 -1545.16
298.847 943.551
-1694.07 1071.87
2188.87 143.466
3480.21 1934.85
978.988 -2552.53
-1409.64 2097.78
528.336 -423.617
-1464.6 1124.67
-1104.87 3106.3
-3357.31 -1897.34
90.0005 -3558.96
1717.15 1995.45
-2729.29 -652.525
-558.42 2585.78
510.788 159.578
8.95684 3647.85
-289.167 -411.406
-1295.04 -3726.77
-1243.91 2918.38
140.367 -88.3495
358.337 -786.231
501.07 1926.8
-1536.56 -4833.58
762.352 2604.59
-788.988 139.926
2812.14 -365.22
977.566 941.082
1088.71 -3208.78
-1719.31 975.113
-1895.82 827.792
-4766.81 -1963.4
1561.81 -228.075
2881.58 -2572.82
-2765.74 2263.21
-4627.6 -323.176
4319.39 1087.85
-209.479 62.681
2746.95 -1380.96
-871.86 4164.09
-542.816 -1609.46
-3120.98 -3293.5
-276.768 316.447
-1318.73 -2038.7
-1225.21 2549.54
1848.64 3739.09
1618.56 503.271
4135.11 1105.24
-1101.19 -1465.76
-3032.19 1807.44
32.9004 -1927.19
-2057.59 -1255.16
536.6 -404.571
2963.52 1922.05
450.684 -476.905
-3690.23 3112.4
171.094 -1140.92
-2951.54 -213.387
905.587 -200.563
-3622.91 -17.4068
1725.32 -1800.81
-1447.22 4560.86
-3950.05 3166.88
4605.23 1491.29
1406.43 2264.47
1813.3 919.046
-539.62 2230.5
1232.15 -2196.18
2888.9 -243.223
-125.728 -1172.76
807.254 1308.04
-419.208 74.7627
2138.42 -259.646
1531.78 -1214.83
-1599.84 1439.41
216.817 1.51559
217.045 -209.311
-2734.8 -2945.6
2521.5 4373.67
-3782.29 3524.49
-1057.36 -2353.14
-636.25 -4368.41
1536.69 1975.74
-2595.64 -71.6164
2292.6 -1768.74
3472.26 -1817.98
5002.06 -1169.26
-191.749 -2413.6
-1952.24 -3429.19
-3627.78 -3844.71
3666.15 3009.56
4341.28 -1906.14
-3775.32 2864.08
3194.12 -3109.92
-3046.16 1556.35
2462.49 3423.98
2636.45 2408.91
-3418.95 -1444.64
-860.654 1609.44
-792.948 276.984
318.758 1677.28
99.6235 814.332
3444.35 -1016.4
730.753 -1570.33
-2239.31 876.629
305.064 2380.59
1607.78 -1027.35
-700.617 -910.012
3460.36 -2296.34
5127.39 1365.29
-2668.75 3564.45
-4104.83 329.62
1777.43 2868.86
-4624.44 667.222
4591.43 -2552.83
-1958.75 1850.7
472.678 -675.802
4302.25 -2183.94
289.142 -1100.51
-1332.83 -3980.44
-3361.49 -744.36
-1221.55 3342.64
3602.01 -1599.52
1379.56 -3747.43
874.191 -2709.01
-1034.5 3728.74
-317.126 -475.475
-1367.19 1435.12
-557.88 -847.297
-2298.07 4098.77
3282.94 -338.128
-2320.24 -2871.07
-1188.6 519.466
3630.83 3420.4
527.891 -306.108
-983.834 2.00634
-3162.44 94.7112
2420.33 -2984.45
3972.95 835.556
2371.99 -1174.85
-4786.46 -738.968
1005.67 4381.79
343.946 -235.454
-1139.28 186.678
-504.936 -570.119
-2727.25 -3640.32
401.153 4474.14
1452.35 137.621
-116.444 -47.7504
4.64452 1677.47
3777.78 3087.96
2571.74 -524.677
3641.7 451.989
-278.576 1325.7
-3156.61 3746.05
-271.372 1224.87
4524.99 1585.3
324.578 -99.5566
-220.546 -36.2415
-242.554 142.938
-4840.44 -1470.35
1840.9 794.5
-1055.95 -5187.06
-399.949 287.834
2146.61 -1621.25
1495.13 1656.05
5121.02 213.549
3684.59 1358.34
1939.33 1430.73
3249.24 3268.94
2147.3 1332.23
-907.28 -277.387
-4033.36 1715.74
-2533.6 -179.499
1771.39 349.117
-2532.69 1434.7
-3344.2 3822.69
1554.61 1560.19
-448.212 -720.134
-1256.46 240.834
3537.81 -3505.03
452.689 832.567
1756.59 -1452.14
-1411.41 1557.34
-395.642 -1630.45
-650.628 192.407
2844.65 4454.63
-4291.29 -1905.29
-515.695 -4291.53
4228.39 -926.013
3930 -2987.34
-227.958 448.896
-3782.05 218.174
2851.58 -2721.56
87.4812 1320.95
-872.528 3833.11
-648.998 3245.25
2563.55 3767.51
891.354 436.524
143.894 -169.882
-56.5742 -1559.38
964.918 -1970.81
-3021.04 -272.029
-67.7266 3146.58
-4964.82 433.495
901.851 4945.5
846.179 -105.685
-722.124 -2636.41
1758.75 -1444.81
-260.12 -161.922
1255.05 3161.68
288.444 -644.459
1783.21 2871.36
-54.8064 -3388.39
-1033.14 -2465.54
-2001.37 -2064.54
426.783 -4488.78
-658.579 2161.57
509.863 -584.617
-136.883 -4250.53
-1185.68 334.631
-1776.81 -205.04
497.293 1142
26.9397 -3310.32
-504.85 1243.37
689.412 -1709
-2444.67 -2479.14
4091.54 1023.91
1487.24 2904.91
1563.93 153.603
1852.6 4128.73
-3103.61 -447.014
-335.434 -4781.34
-1472.3 1248.04
-2259.96 -1840.22
2050.96 -509.885
-3889.4 -2271.11
72.3709 280.814
2789.09 -105.228
-458.388 3549.22
2100.79 2071.5
-1345.65 -4038.96
-2160.86 -1738.01
1795.89 -231.446
-4739.68 321.3
2703.4 -2398.28
299.448 -1175.3
638.952 -1978.19
-970.872 2898.03
4702.44 -1233.9
-946.036 -665.429
-1301.63 3341.23
1514.46 -3047.68
695.901 1630.2
1784.05 874.51
-1156.17 -5141.42
2731.95 -861.7
-1722.55 3042.57
630.131 251.246
1173.54 -2887.23
1463.53 541.572
600.509 -182.877
-1360.3 2803.93
-2102.29 -2792
3527.19 291.134
531.232 635.642
-2597.99 -701.095
1109 2825.51
-1103.96 1806.09
2215.64 -1492.99
1144.7 2726.08
-471.503 -100.343
2803.61 -4179.87
-3177.37 -73.7221
883.721 1872.3
-798.564 768.386
1330.34 -3702.11
-1059.08 259.67
157.003 -5142.7
-217.605 3308.51
-285.533 1.808
2335.41 -1382.93
1949.31 -2636.34
-64.9891 153.774
-152.391 406.532
-299.423 211.529
662.56 41.7318
3270.76 -807.075
1733.72 -433.667
-1562.88 -759.644
-372.313 -1067.66
598.57 1175.94
-389.594 -2822.89
-261.3 -3508.58
851.725 -1234.51
-16.1033 -223.714
-225.106 468.727
-3940.51 -2882.31
353.951 521.445
-67.9766 275.829
-1217.54 -156.317
202.67 -1042.93
265.862 76.1127
2618.23 -2917.2
2993.64 3407.43
2123.27 3557.33
193.615 3832.11
1013.59 1967.48
208.683 192.786
-1190.5 2948.77
-3494.12 -653.836
-19.2081 -1748.65
388.235 362.394
-2816.35 43.1557
-1956.86 3187.89
2629.66 2292.06
1314.47 -2124.53
-360.173 1255.92
-748.732 3157.64
3257.88 -3419.84
-2025.14 -753.6
1383.91 -1260.34
4521.65 -2414.92
-3895.72 1337.99
1192.47 2012.59
844.416 -871.088
-668.044 528.825
-1655.39 -417.119
2527.68 2105.61
702.609 622.772
-3927.79 3588.91
138.976 -1870.46
-466.716 -2065.79
-908.584 -416.197
2038.54 -1189.8
68.7063 -108.618
-422.679 3666.85
-397.967 -846.819
1843.92 4312.29
-2568.19 3747.68
-2127.95 2972.23
125.092 -201.112
751.001 980.863
-518.346 1748.46
-1545.46 -4412.37
-500.061 -2902.7
43.693 54.613
-3323.74 -1750.58
-4515.14 1422.3
-850.502 396.132
2201.84 73.6731
212.313 6.47551
-382.948 1980.24
-1650.11 -1311.9
-4461.08 1145.02
1031.56 603.046
3578.92 347.005
-152.533 -2031.02
-2738.72 -2112.26
345.318 237.024
2345.17 3980.54
1827 4867.75
-3722.35 -1676.27
3264.31 -731.278
1683.7 -3532.2
2706.92 806.025
139.968 -67.1915
4245.55 2269.98
101.04 -1889.78
925.488 -881.355
-675.728 -2109.26
-1558.32 -2567.98
-3328.05 1890.4
-52.6659 574.051
0.101827 318.135
-908.788 2466.92
-1819.82 4437.4
-104.826 1672.27
-1910.16 -1127.44
521.353 173.732
680.71 2798.79
703.42 -285.642
-4747.99 794.577
-744.722 -999.381
-1231.67 -2420.46
1747.01 2588.92
3478.47 1139
-1728.57 1906.06
473.124 -1769.14
3095.71 -3762.04
-1440.69 572.47
-1638.51 -702.24
43.1015 58.0907
601.445 -211.805
-28.581 1073.56
41.2145 422.757
-1123.77 -112.093
2855.37 -1938.35
-381.565 1561.78
1310.52 2284.22
-2394.06 754.052
386.652 -3388.02
423.258 -2939.4
2870.37 -4080.77
4597.33 1180.58
2036.95 1680.91
-881.963 934.428
4901.36 -2089.28
-510.146 126.303
-1146.77 -5026.86
1355.18 3340.63
1747.53 -3684.57
-1580.68 1167.21
-1079.09 1759.98
91.1539 -380.941
-1808.21 -4118.8
1889.32 -763.151
1652.23 -573.683
525.626 709.333
1108.4 421.947
-963.677 -2045.73
-232.683 157.308
794.15 -2119.39
1321.28 2623.16
661.424 2655
2530.43 952.615
-2787.09 1350.81
-335.519 -4967.71
1177.91 -186.551
2804.76 2608.59
-4810.08 -986.573
-1163.53 -1128.37
2577.01 177.335
-57.3444 158.296
4368.07 1438.83
-4466.25 -1500.06
2038.75 2326.3
436.606 892.636
-717.483 3494.62
737.552 632.049
2992.38 -1713.79
989.746 3981.06
-153.234 -1638.91
-648.829 -3174.83
274.616 222.575
-3650 973.77
1932.03 679.671
521.16 2426.59
1285.54 -738.765
5065.79 987.097
-1806.7 -3686.19
-43.43 -524.749
-391.419 -5204.85
-2568.98 3757.17
-1351.54 327.296
2801.35 2455.56
-3622.67 119.59
3930.1 -1271.86
906.067 4821.06
241.982 1790.12
3727.34 -969.239
-49.4211 -27.4478
2587.37 673.75
2571.27 -2406.74
1739.98 2180.2
2226.26 -4484.11
-4271.01 -12.8677
-595.236 3581.59


1417.2 -1783.91
-793.323 -167.605
-2457.2 368.567
-457.333 -4087.26
-2012.22 1917.2
290.989 2575.51
-404.972 554.114
1045.67 4012.83
2567.55 465.888
-4764.88 -652.801
2454.11 -613.907
3404.83 2392.83
-64.3811 36.1085
312.002 -280.655
1283.15 -1245.52
-1756.03 3473.23
-3481.2 1395.18
33.1422 1873.11
-1543.15 -4259.68
-1636.58 -1481.43
4818.92 1944.2
1354.02 -1432.33
843.73 73.2162
1711.18 -935.15
-106.055 1629.02
3088.18 -872.979
543.698 -315.429
3838.57 -98.9863
1707.79 -2311.15
-325.323 1872.41
561.553 3593.77
-4351.22 -2485.49
265.558 -1543.73
282.988 950.037
-1699.15 1062.83
2188.54 155.345
3476.24 1942.05
988.242 -2549.02
-1417.86 2092.16
541.538 -408.567
-1472.69 1114.89
-1113.08 3103.34
-3353.47 -1903.9
98.0226 -3558.65
1709.53 2002.05
-2727.04 -661.973
-568.338 2583.7
502.768 180.728
0.17516 3647.94
-269.111 -423.595
-1287.07 -3729.6
-1251.34 2914.98
156.87 -48.5731
373.444 -778.106
490.124 1929.53
-1529.19 -4836
753.471 2606.98
-795.305 121.907
2813.11 -356.287
967.88 951.19
1096.48 -3206.01
-1724.98 965.093
-1900.34 817.45
-4764.22 -1969.54
1563.37 -215.583
2886.47 -2567.15
-2770.79 2256.89
-4627.08 -330.662
4317.52 1095.21
-217.381 26.6273
2750.83 -1373.01
-879.792 4162.47
-531.774 -1612.48
-3115.37 -3298.86
-295.45 299.423
-1310.12 -2044.18
-1234.43 2545.29
1841.83 3742.39
1614.7 514.66
4133.08 1112.91
-1091.62 -1472.93
-3036.91 1799.72
44.3725 -1926.88
-2052.35 -1263.05
551.453 -391.011
2958.8 1929.37
467.344 -465.322
-3694.44 3107.26
184.624 -1137.34
-2950.7 -221.908
910.042 -183.849
-3622.72 -25.1266
1733.22 -1793.51
-1453.98 4558.67
-3954.99 3160.85
4603.1 1497.56
1397.86 2269.87
1808.18 927.931
-550.408 2228.06
1240.36 -2191.31
2889.35 -234.675
-110.857 -1174.29
796.29 1314.4
-423.232 50.37
2139.13 -249.712
1537.9 -1206.23
-1606.5 1431.51
209.647 37.2847
237.34 -186.288
-2729.12 -2950.77
2515.58 4377.02
-3787.53 3518.96
-1047.47 -2357.97
-627.949 -4369.74
1528.15 1982.8
-2595.55 -82.2039
2297.82 -1761.65
3476.4 -1810.3
5003.44 -1162.99
-181.145 -2414.54
-1944.83 -3433.5
-3622.99 -3849.14
3661.22 3015.67
4344.27 -1899.34
-3779.93 2858.04
3198.97 -3104.81
-3050.68 1547.93
2455.68 3429
2630.4 2415.73
-3415.68 -1452.43
-870.422 1603.74
-800.857 260.27
305.746 1680.45
81.4339 818.75
3446.53 -1008.65
740.788 -1564.99
-2243.1 866.924
294.457 2382.06
1614.62 -1017.19
-688.57 -918.327
3464.8 -2289.67
5125.53 1372.52
-2674.2 3560.23
-4105.29 322.392
1770.63 2872.85
-4625.62 659.462
4594.57 -2547.05
-1965.27 1843.66
486.019 -664.522
4305.81 -2177.05
304.493 -1097.12
-1325.07 -3983.1
-3359.61 -752.069
-1229.64 3339.69
3605.46 -1591.86
1386.56 -3744.75
882.419 -2706.09
-1042.24 3726.56
-297.296 -484.393
-1374.37 1427.53
-544.444 -857.221
-2304.41 4095.18
3284.1 -328.582
-2314.03 -2875.96
-1193.01 506.877
3625.53 3426.14
539.639 -288.789
-986.157 -15.449
-3162.66 85.8145
2427.07 -2979.08
3971.32 843.019
2376.52 -1165.82
-4785.33 -746.284
998.712 4383.31
357.83 -214.174
-1142.27 171.444
-490.242 -581.179
-2721.04 -3645.02
394.13 4474.68
1452.03 152.227
-82.4956 -83.3017
-8.77783 1678.16
3773.23 3093.49
2573.84 -514.716
3640.6 459.577
-292 1322.66
-3162.66 3741.05
-285.624 1221.77
4522.48 1592.62
329.763 -72.1344
-210.98 -70.8237
-255.87 113.893
-4838.32 -1477.46
1836.39 805.306
-1048.92 -5188.52
-413.661 270.806
2152.03 -1613.74
1487.18 1663.07
5120.71 220.568
3681.71 1366.36
1933.4 1438.17
3243.75 3274.45
2142.07 1340.28
-901.373 -292.409
-4036.75 1708.07
-2533.12 -190.429
1769.32 361.634
-2537.88 1425.97
-3350.02 3817.69
1546.56 1568.78
-432.771 -726.483
-1257.9 227.534
3542.51 -3500.2
437.972 840.994
1762.42 -1444.39
-1419.65 1549.84
-383.534 -1633.32
-659.103 174.186
2839.05 4458.15
-4288.35 -1911.81
-507.489 -4292.6
4229.9 -918.827
3933.98 -2981.97
-247.142 435.075
-3782.33 210.71
2856.96 -2715.84
74.6124 1320.54
-879.948 3831.33
-657.406 3243.49
2556.87 3772.16
884.452 451.655
170.197 -143.971
-43.7101 -1559.74
974.736 -1966
-3020.04 -280.295
-77.4513 3146.54
-4965.3 426.984
895.067 4946.69
848.619 -88.0564
-712.369 -2639.2
1765.85 -1436.38
-243.369 -187.526
1247.52 3164.5
307.58 -639.171
1775.89 2875.83
-45.8612 -3388.57
-1024.68 -2468.8
-1994.73 -2070.81
433.763 -4488.03
-669.553 2158.51
524.688 -572.992
-129 -4250.79
-1190.42 320.19
-1775.17 -216.57
483.998 1147.56
35.225 -3310.11
-518.913 1238.58
700.301 -1704.5
-2438.8 -2484.75
4089.64 1031.45
1479.8 2908.54
1563.27 167.405
1846.04 4131.61
-3102.35 -456.408
-327.653 -4781.95
-1479.91 1239.11
-2253.79 -1848.03
2053.69 -499.023
-3885.77 -2277.16
43.1785 290.638
2789.33 -95.8986
-466.459 3548.1
2094.24 2078.1
-1337.61 -4041.76
-2154.65 -1745.89
1796.63 -220.524
-4740.21 313.772
2709.07 -2391.91
312.458 -1170.75
649.536 -1974.71
-979.498 2895.1
4704.4 -1226.58
-937.727 -678.938
-1309.52 3338.15
1521.52 -3043.97
685.519 1633.85
1778.98 884.736
-1149.54 -5142.88
2734.32 -853.339
-1730.57 3038.16
620.132 267.898
1181.15 -2883.9
1459.03 553.835
609.021 -164.133
-1368.77 2799.89
-2095.09 -2797.56
3526.55 300.206
517.429 647.146
-2595.41 -710.479
1099.99 2829.18
-1113.77 1800.25
2221.04 -1484.88
1136.15 2729.62
-462.401 -122.953
2809.43 -4175.94
-3176.97 -81.9052
874.296 1876.18
-807.118 756.995
1338.01 -3699.36
-1063.53 244.26
164.779 -5142.55
-227.083 3308.04
-288.846 -30.967
2340.06 -1374.79
1955.82 -2631.32
-100.851 130.304
-174.547 397.917
-312.652 185.255
663.896 61.9303
3272.6 -799.057
1737.49 -421.134
-1557.39 -769.752
-357.396 -1074.62
585.636 1183.54
-379.81 -2824.33
-253.395 -3509.02
863.924 -1227.13
21.899 -217.02
-245.688 460.024
-3936.12 -2888.35
336.873 533.092
-95.8761 268.038
-1216.02 -171.266
218.897 -1040.7
255.84 106.554
2623.81 -2912.05
2987.53 3412.93
2116.11 3561.7
184.976 3832.62
1004.14 1972.18
188.272 216.225
-1198.89 2945.38
-3492.57 -662.991
-6.73639 -1748.92
374.866 379.448
-2816.58 33.2616
-1964.39 3183.37
2623.64 2299.21
1322.42 -2119.3
-373.141 1251.58
-757.502 3155.57
3263.64 -3414.45
-2021.26 -763.514
1390.71 -1251.98
4525.22 -2408.33
-3898.1 1330.85
1183.29 2018.08
855.611 -860.872
-678.768 514.843
-1652.54 -429.64
2521.63 2113.19
692.177 636.92
-3932.33 3583.9
150.001 -1869.21
-456.649 -2067.63
-901.814 -431.084
2044.11 -1180.5
104.851 -73.1192
-431.327 3665.91
-382.778 -852.188
1837.38 4315.02
-2574.06 3743.59
-2134.97 2967.24
152.002 -180.025
739.556 987.854
-529.72 1745
-1538.64 -4414.72
-490.899 -2904.24
-28.3185 69.3086
-3319.98 -1757.54
-4517.31 1415.33
-859.012 380.894
2201.12 83.6846
205.849 45.4122
-394.945 1978.32
-1643.4 -1319.67
-4463.11 1137.36
1023.99 615.78
3578.17 356.098
-141.378 -2031.77
-2733.15 -2119.72
327.462 256.85
2339.14 3984
1820.84 4870
-3719.12 -1683.35
3266.59 -721.949
1690.89 -3528.74
2704.17 815.018
153.328 -25.3169
4242.3 2275.89
113.192 -1889.35
935.073 -870.92
-665.25 -2112.68
-1550.02 -2573.17
-3331.92 1883.47
-73.8965 569.72
-31.8507 315.97
-917.276 2463.5
-1827.02 4434.5
-118.162 1672.01
-1904.62 -1136.92
512.821 194.324
672.277 2800.57
711.527 -268.422
-4749.01 787.947
-733.202 -1006.51
-1222.44 -2425.41
1739.9 2593.51
3475.86 1146.89
-1736.28 1899.18
483.858 -1765.81
3101.92 -3757.05
-1444.57 560.911
-1633.92 -714.47
-26.021 66.6311
611.548 -194.185
-44.4982 1073.42
17.1215 424.611
-1123.07 -128.035
2859.72 -1931.66
-394.915 1559.16
1301.63 2289.47
-2396.57 745.047
395.48 -3387.04
431.573 -2937.94
2876.45 -4076.52
4595.45 1188.16
2030.61 1688.6
-893.993 924.764
4904.32 -2082.48
-511.298 103.34
-1140.28 -5028.28
1347.16 3343.92
1754.52 -3681.21
-1586.65 1158.35
-1089.78 1754.02
113.443 -371.613
-1801.82 -4121.49
1893.26 -752.897
1655.72 -562.51
511.601 719.512
1102.44 434.795
-954.159 -2050.07
-249.595 132.491
804.27 -2115.62
1312.41 2627.82
652.804 2656.84
2526.95 962.167
-2791.18 1342.44
-328.348 -4968.19
1180.15 -171.871
2799.18 2614.56
-4808.66 -993.122
-1154.65 -1137.54
2576.2 186.935
-95.7835 139.122
4365.68 1446.15
-4463.84 -1507.33
2032.3 2331.67
421.897 901.297
-726.158 3492.91
727.376 645.95
2996.46 -1706.5
981.478 3983.22
-139.881 -1640.78
-640.235 -3176.53
255.941 244.009
-3652.48 965.057
1928.15 689.315
511.803 2428.31
1291.84 -727.319
5064.45 993.876
-1799.85 -3689.48
-20.7384 -526.013
-384.88 -5205.28
-2575.69 3752.67
-1354.47 314.093
2795.56 2462.35
-3623.1 110.52
3932.21 -1264.95
898.357 4822.59
229.162 1792.48
3729.47 -961.151
28.7286 -59.119
2584.91 683.819
2576.54 -2400.88
1732.45 2186.19
2232.81 -4480.87
-4270.87 -19.9685
-602.707 3580.17


1425.13 -1777.36
-787.95 -184.381
-2458.22 359.337
-449.786 -4088.04
-2018.69 1910.3
280.165 2577.06
-421.513 543.092
1038.03 4014.82
2565.77 475.817
-4763.88 -660.152
2456.41 -604.274
3400.12 2399.66
-57.1966 -39.117
325.761 -261.938
1290.99 -1236.96
-1763.29 3469.55
-3484.39 1387.31
20.6474 1873.74
-1535.63 -4262.48
-1629.4 -1489.07
4816.36 1950.4
1361.96 -1424.52
844.437 91.7048
1716.05 -925.409
-117.498 1627.44
3090.47 -864.59
555.725 -298.673
3838.95 -90.0393
1715.68 -2305.41
-336.179 1870.14
553.582 3594.93
-4347.87 -2491.2
279.467 -1542.2
267.051 956.264
-1704.18 1053.75
2188.16 167.219
3472.25 1949.24
997.483 -2545.47
-1426.05 2086.5
554.276 -393.165
-1480.72 1105.07
-1121.28 3100.35
-3349.62 -1910.44
106.044 -3558.31
1701.89 2008.63
-2724.77 -671.413
-578.248 2581.59
493.854 201.557
-8.60652 3648.01
-248.475 -434.871
-1279.09 -3732.43
-1258.75 2911.54
162.437 -5.42757
388.396 -769.659
479.161 1932.2
-1521.81 -4838.42
744.581 2609.34
-801.216 103.825
2814.05 -347.35
958.093 961.198
1104.26 -3203.22
-1730.59 955.039
-1904.81 807.085
-4761.62 -1975.69
1564.82 -203.077
2891.34 -2561.47
-2775.82 2250.55
-4626.55 -338.147
4315.65 1102.57
-219.187 -10.1742
2754.69 -1365.05
-887.721 4160.85
-520.704 -1615.41
-3109.75 -3304.2
-313.038 281.291
-1301.49 -2049.63
-1243.64 2541.02
1835.01 3745.68
1610.75 526.021
4131.04 1120.58
-1082.01 -1480.03
-3041.6 1792
55.8431 -1926.5
-2047.08 -1270.92
565.827 -377.112
2954.07 1936.67
483.567 -453.303
-3698.65 3102.11
198.122 -1133.58
-2949.82 -230.427
914.196 -167.075
-3622.51 -32.8463
1741.1 -1786.17
-1460.74 4556.48
-3959.92 3154.81
4600.96 1503.83
1389.28 2275.24
1803 936.787
-561.185 2225.56
1248.54 -2186.4
2889.77 -226.124
-95.9676 -1175.63
785.27 1320.67
-425.751 25.7982
2139.8 -239.771
1543.98 -1197.59
-1613.13 1423.58
196.053 71.9008
255.184 -161.342
-2723.44 -2955.94
2509.67 4380.36
-3792.77 3513.42
-1037.55 -2362.77
-619.646 -4371.06
1519.59 1989.82
-2595.41 -92.7902
2303.01 -1754.53
3480.53 -1802.61
5004.81 -1156.73
-170.538 -2415.43
-1937.41 -3437.8
-3618.2 -3853.57
3656.28 3021.77
4347.25 -1892.53
-3784.54 2852
3203.8 -3099.7
-3055.19 1539.5
2448.87 3434.01
2624.33 2422.53
-3412.38 -1460.22
-880.153 1597.97
-808.41 243.441
292.718 1683.53
63.2055 822.776
3448.69 -1000.9
750.787 -1559.56
-2246.84 857.202
283.844 2383.47
1621.4 -1007
-676.403 -926.482
3469.23 -2282.99
5123.65 1379.74
-2679.63 3556
-4105.73 315.162
1763.81 2876.82
-4626.78 651.699
4597.71 -2541.28
-1971.77 1836.61
499.129 -652.925
4309.37 -2170.15
319.789 -1093.53
-1317.3 -3985.75
-3357.7 -759.773
-1237.72 3336.73
3608.91 -1584.19
1393.55 -3742.04
890.637 -2703.14
-1049.98 3724.36
-277.029 -492.598
-1381.5 1419.89
-530.87 -866.929
-2310.75 4091.59
3285.24 -319.034
-2307.81 -2880.83
-1197.28 494.228
3620.23 3431.87
550.753 -271.131
-988.208 -32.9001
-3162.85 76.9171
2433.79 -2973.7
3969.66 850.478
2381.03 -1156.77
-4784.2 -753.599
991.753 4384.82
370.354 -192.08
-1145.07 156.18
-475.25 -591.887
-2714.82 -3649.7
387.107 4475.21
1451.59 166.82
-31.7742 -101.207
-22.1997 1678.76
3768.68 3099.01
2575.9 -504.748
3639.49 467.162
-305.393 1319.48
-3168.71 3736.04
-299.838 1218.51
4519.96 1599.93
332.542 -44.1869
-195.787 -103.515
-265.857 83.367
-4836.18 -1484.58
1831.82 816.087
-1041.88 -5189.96
-426.44 253.168
2157.42 -1606.22
1479.21 1670.06
5120.4 227.587
3678.81 1374.38
1927.44 1445.59
3238.26 3279.95
2136.8 1348.3
-895.185 -307.34
-4040.12 1700.4
-2532.6 -201.356
1767.17 374.135
-2543.04 1417.21
-3355.83 3812.68
1538.47 1577.34
-417.14 -732.512
-1259.19 214.206
3547.19 -3495.37
423.119 849.16
1768.22 -1436.61
-1427.85 1542.3
-371.404 -1636.11
-667.022 155.817
2833.44 4461.67
-4285.4 -1918.32
-499.281 -4293.66
4231.39 -911.638
3937.95 -2976.61
-265.789 420.307
-3782.58 203.245
2862.33 -2710.11
61.7352 1319.97
-887.365 3829.53
-665.811 3241.72
2550.18 3776.81
877.312 466.664
191.987 -114.24
-30.8429 -1559.99
984.529 -1961.14
-3019.01 -288.559
-87.1754 3146.47
-4965.77 420.472
888.281 4947.88
850.695 -70.39
-702.605 -2641.96
1772.92 -1427.92
-224.244 -211.3
1239.97 3167.29
326.486 -633.403
1768.57 2880.28
-36.9157 -3388.73
-1016.2 -2472.02
-1988.06 -2077.06
440.741 -4487.27
-680.513 2155.41
539.215 -561.042
-121.116 -4251.04
-1194.99 305.704
-1773.45 -228.089
470.638 1152.97
43.5101 -3309.88
-532.92 1233.66
711.161 -1699.93
-2432.93 -2490.35
4087.72 1038.98
1472.34 2912.15
1562.5 181.195
1839.47 4134.48
-3101.07 -465.798
-319.872 -4782.55
-1487.47 1230.14
-2247.59 -1855.82
2056.35 -488.148
-3882.13 -2283.2
13.4999 297.204
2789.54 -86.568
-474.527 3546.95
2087.66 2084.68
-1329.57 -4044.55
-2148.42 -1753.75
1797.3 -209.592
-4740.73 306.243
2714.72 -2385.52
325.422 -1166.03
660.101 -1971.18
-988.115 2892.14
4706.35 -1219.25
-929.258 -692.331
-1317.4 3335.04
1528.57 -3040.25
675.104 1637.41
1773.85 894.933
-1142.9 -5144.33
2736.67 -844.969
-1738.59 3033.73
609.593 284.318
1188.75 -2880.55
1454.44 566.061
616.881 -145.214
-1377.22 2795.82
-2087.87 -2803.09
3525.9 309.277
503.385 658.348
-2592.79 -719.853
1090.97 2832.83
-1123.54 1794.36
2226.41 -1476.75
1127.6 2733.14
-452.146 -145.257
2815.24 -4172
-3176.54 -90.0877
864.846 1880.01
-815.515 745.457
1345.67 -3696.59
-1067.76 228.8
172.556 -5142.39
-236.56 3307.55
-288.805 -63.3858
2344.68 -1366.64
1962.32 -2626.28
-129.742 97.8622
-196.119 387.969
-324.065 157.905
664.63 82.0729
3274.42 -791.033
1741.19 -408.582
-1551.82 -779.822
-342.414 -1081.38
572.636 1191.01
-370.021 -2825.75
-245.489 -3509.44
876.057 -1219.67
59.264 -204.166
-265.799 450.44
-3931.72 -2894.38
319.435 544.167
-122.59 256.93
-1214.33 -186.191
235.077 -1038.24
242.379 135.563
2629.38 -2906.89
2981.41 3418.42
2108.94 3566.05
176.337 3833.12
994.67 1976.82
165.581 237.049
-1207.26 2941.96
-3491 -672.142
5.73563 -1749.1
360.827 395.824
-2816.78 23.367
-1971.91 3178.84
2617.61 2306.36
1330.34 -2114.04
-386.066 1247.1
-766.266 3153.48
3269.39 -3409.05
-2017.34 -773.407
1397.45 -1243.56
4528.79 -2401.73
-3900.46 1323.69
1174.09 2023.53
866.681 -850.53
-689.2 500.64
-1649.59 -442.137
2515.56 2120.76
681.524 650.866
-3936.86 3578.89
161.02 -1867.89
-446.569 -2069.42
-894.805 -445.856
2049.64 -1171.18
124.7 -26.2788
-439.973 3664.96
-367.465 -857.281
1830.85 4317.75
-2579.92 3739.5
-2141.97 2962.24
175.52 -154.923
728.009 994.708
-541.07 1741.47
-1531.82 -4417.06
-481.732 -2905.75
-71.0088 13.949
-3316.21 -1764.49
-4519.48 1408.36
-867.248 365.535
2200.34 93.694
192.881 82.9095
-406.93 1976.34
-1636.64 -1327.4
-4465.12 1129.7
1016.26 628.419
3577.4 365.189
-130.219 -2032.45
-2727.56 -2127.16
308.354 275.693
2333.11 3987.45
1814.67 4872.24
-3715.88 -1690.42
3268.86 -712.614
1698.08 -3525.26
2701.39 824.002
153.942 18.6612
4239.04 2281.79
125.34 -1888.84
944.541 -860.375
-654.757 -2116.05
-1541.7 -2578.33
-3335.77 1876.54
-95.0218 564.578
-63.5226 311.024
-925.75 2460.05
-1834.22 4431.6
-131.491 1671.66
-1899.04 -1146.37
503.448 214.597
663.837 2802.32
719.203 -251.039
-4750.02 781.316
-721.582 -1013.51
-1213.19 -2430.32
1732.78 2598.07
3473.23 1154.77
-1743.97 1892.28
494.573 -1762.41
3108.13 -3752.05
-1448.35 549.312
-1629.25 -726.666
-74.3408 15.1092
621.03 -176.368
-60.4059 1073.05
-7.03302 424.942
-1122.17 -143.953
2864.06 -1924.95
-408.241 1556.43
1292.71 2294.68
-2399.04 736.03
404.306 -3386.04
439.883 -2936.45
2882.52 -4072.27
4593.55 1195.75
2024.24 1696.27
-905.912 914.985
4907.27 -2075.67
-511.472 80.1783
-1133.79 -5029.7
1339.12 3347.2
1761.5 -3677.83
-1592.56 1149.45
-1100.43 1748
135.195 -360.529
-1795.43 -4124.17
1897.14 -742.619
1659.14 -551.309
497.378 729.414
1096.31 447.575
-944.62 -2054.35
-263.348 105.996
814.372 -2111.79
1303.53 2632.45
644.176 2658.64
2523.44 971.705
-2795.25 1334.07
-321.176 -4968.66
1182.2 -157.165
2793.59 2620.52
-4807.23 -999.669
-1145.69 -1146.64
2575.34 196.533
-128.126 111.083
4363.29 1453.47
-4461.42 -1514.59
2025.84 2337.02
407.076 909.717
-734.828 3491.17
716.991 659.664
3000.52 -1699.2
973.206 3985.37
-126.519 -1642.55
-631.636 -3178.2
235.65 263.902
-3654.95 956.338
1924.22 698.938
502.439 2430
1298.03 -715.815
5063.09 1000.65
-1792.99 -3692.75
1.99176 -526.298
-378.34 -5205.7
-2582.39 3748.16
-1357.27 300.859
2789.75 2469.13
-3623.51 101.45
3934.31 -1258.04
890.645 4824.11
216.332 1794.76
3731.58 -953.058
80.3046 -7.04023
2582.42 693.879
2581.8 -2395
1724.9 2192.14
2239.35 -4477.62
-4270.72 -27.0692
-610.176 3578.73


1433.02 -1770.78
-782.181 -201.064
-2459.2 350.101
-442.237 -4088.8
-2025.13 1903.37
269.337 2578.58
-437.706 531.623
1030.38 4016.79
2563.96 485.738
-4762.87 -667.502
2458.68 -594.631
3395.39 2406.49
12.549 -70.5691
338.29 -242.232
1298.77 -1228.35
-1770.54 3465.85
-3487.57 1379.42
8.15187 1874.29
-1528.11 -4265.27
-1622.19 -1496.68
4813.8 1956.6
1369.86 -1416.66
844.778 110.154
1720.87 -915.637
-128.933 1625.77
3092.73 -856.194
567.156 -281.597
3839.31 -81.0918
1723.55 -2299.64
-347.021 1867.79
545.608 3596.06
-4344.52 -2496.89
293.356 -1540.56
251.042 962.234
-1709.14 1044.64
2187.73 179.09
3468.25 1956.42
1006.71 -2541.9
-1434.21 2080.82
566.54 -377.428
-1488.69 1095.2
-1129.47 3097.34
-3345.75 -1916.98
114.065 -3557.95
1694.22 2015.18
-2722.46 -680.846
-588.149 2579.44
484.057 222.025
-17.3882 3648.06
-227.301 -445.205
-1271.11 -3735.23
-1266.15 2908.09
156.308 38.0915
403.188 -760.893
468.183 1934.81
-1514.43 -4840.83
735.681 2611.66
-806.722 85.6909
2814.96 -338.408
948.206 971.105
1112.02 -3200.41
-1736.14 944.954
-1909.22 796.697
-4759.01 -1981.83
1566.18 -190.557
2896.2 -2555.77
-2780.84 2244.2
-4626 -345.63
4313.76 1109.92
-214.881 -46.6931
2758.53 -1357.07
-895.647 4159.2
-509.606 -1618.26
-3104.12 -3309.54
-329.469 262.119
-1292.83 -2055.04
-1252.84 2536.71
1828.19 3748.96
1606.72 537.354
4128.98 1128.24
-1072.35 -1487.07
-3046.28 1784.26
67.3116 -1926.05
-2041.76 -1278.76
579.719 -362.892
2949.32 1943.96
499.345 -440.867
-3702.85 3096.96
211.586 -1129.61
-2948.91 -238.944
918.048 -150.245
-3622.27 -40.5657
1748.94 -1778.81
-1467.49 4554.27
-3964.84 3148.77
4598.81 1510.1
1380.68 2280.58
1797.77 945.614
-571.949 2223.02
1256.7 -2181.45
2890.16 -217.571
-81.063 -1176.78
774.193 1326.84
-426.761 1.13491
2140.4 -229.824
1550 -1188.9
-1619.71 1415.61
176.073 104.162
270.4 -134.733
-2717.75 -2961.09
2503.75 4383.7
-3798 3507.88
-1027.62 -2367.53
-611.341 -4372.36
1511 1996.81
-2595.24 -103.375
2308.18 -1747.4
3484.65 -1794.92
5006.17 -1150.46
-159.927 -2416.28
-1929.98 -3442.09
-3613.41 -3857.99
3651.33 3027.86
4350.22 -1885.72
-3789.13 2845.95
3208.63 -3094.57
-3059.67 1531.06
2442.05 3439.01
2618.24 2429.32
-3409.07 -1467.99
-889.845 1592.14
-815.605 226.503
279.675 1686.52
44.9471 826.414
3450.84 -993.136
760.747 -1554.05
-2250.55 847.464
273.226 2384.85
1628.12 -996.76
-664.118 -934.476
3473.65 -2276.31
5121.77 1386.97
-2685.06 3551.76
-4106.16 307.931
1756.98 2880.77
-4627.93 643.935
4600.84 -2535.49
-1978.25 1829.52
512 -641.016
4312.91 -2163.24
335.029 -1089.75
-1309.52 -3988.38
-3355.78 -767.472
-1245.79 3333.74
3612.34 -1576.51
1400.54 -3739.33
898.845 -2700.16
-1057.72 3722.15
-256.347 -500.066
-1388.59 1412.2
-517.162 -876.42
-2317.08 4087.99
3286.36 -309.484
-2301.57 -2885.69
-1201.41 481.518
3614.91 3437.6
561.226 -253.157
-989.989 -50.3422
-3163.02 68.0191
2440.51 -2968.3
3968 857.934
2385.5 -1147.7
-4783.06 -760.912
984.791 4386.32
381.472 -169.257
-1147.67 140.889
-459.968 -602.234
-2708.59 -3654.38
380.082 4475.73
1451.03 181.4
27.1018 -89.7305
-35.6204 1679.27
3764.12 3104.52
2577.93 -494.773
3638.35 474.746
-318.754 1316.17
-3174.75 3731.03
-314.012 1215.09
4517.43 1607.24
332.85 -15.9115
-175.292 -133.399
-272.33 51.7404
-4834.03 -1491.69
1827.19 826.841
-1034.84 -5191.4
-438.267 234.963
2162.78 -1598.67
1471.2 1677
5120.07 234.605
3675.9 1382.39
1921.45 1452.98
3232.75 3285.44
2131.49 1356.3
-888.719 -322.176
-4043.47 1692.72
-2532.04 -212.28
1764.94 386.62
-2548.18 1408.44
-3361.64 3807.66
1530.35 1585.85
-401.324 -738.218
-1260.31 200.851
3551.87 -3490.53
408.135 857.063
1773.98 -1428.8
-1436.01 1534.72
-359.254 -1638.8
-674.385 137.319
2827.83 4465.17
-4282.44 -1924.83
-491.071 -4294.7
4232.87 -904.447
3941.92 -2971.23
-283.848 404.61
-3782.82 195.779
2867.69 -2704.38
48.8509 1319.25
-894.778 3827.71
-674.21 3239.92
2543.49 3781.44
869.935 481.548
208.719 -81.499
-17.9737 -1560.13
994.299 -1956.23
-3017.96 -296.82
-96.8988 3146.37
-4966.23 413.959
881.494 4949.06
852.409 -52.6935
-692.831 -2644.69
1779.95 -1419.43
-202.949 -233.03
1232.42 3170.07
345.15 -627.168
1761.23 2884.71
-27.97 -3388.87
-1007.71 -2475.21
-1981.38 -2083.29
447.718 -4486.5
-691.457 2152.25
553.437 -548.775
-113.232 -4251.27
-1199.4 291.176
-1771.66 -239.599
457.213 1158.22
51.7948 -3309.63
-546.87 1228.6
721.991 -1695.28
-2427.04 -2495.93
4085.79 1046.51
1464.87 2915.74
1561.63 194.974
1832.89 4137.33
-3099.75 -475.184
-312.089 -4783.13
-1494.97 1221.12
-2241.37 -1863.6
2058.97 -477.26
-3878.48 -2289.24
-16.3263 300.566
2789.71 -77.2363
-482.592 3545.78
2081.06 2091.24
-1321.53 -4047.33
-2142.16 -1761.59
1797.89 -198.652
-4741.23 298.713
2720.36 -2379.11
338.338 -1161.14
670.647 -1967.6
-996.723 2889.16
4708.28 -1211.93
-920.633 -705.608
-1325.27 3331.91
1535.61 -3036.5
664.658 1640.91
1768.67 905.1
-1136.27 -5145.78
2738.98 -836.589
-1746.59 3029.29
598.518 300.488
1196.35 -2877.17
1449.75 578.247
624.089 -126.141
-1385.67 2791.73
-2080.64 -2808.61
3525.22 318.345
489.105 669.243
-2590.15 -729.218
1081.94 2836.45
-1133.29 1788.42
2231.75 -1468.6
1119.03 2736.62
-440.739 -167.19
2821.05 -4168.05
-3176.08 -98.2694
855.37 1883.78
-823.753 733.773
1353.33 -3693.8
-1071.78 213.293
180.332 -5142.22
-246.034 3307.03
-285.589 -95.111
2349.27 -1358.46
1968.81 -2621.22
-149.273 58.3906
-217.034 376.723
-333.55 129.617
664.771 102.142
3276.21 -783.003
1744.81 -396.012
-1546.18 -789.853
-327.37 -1087.95
559.57 1198.33
-360.228 -2827.13
-237.581 -3509.83
888.121 -1212.1
94.7907 -185.033
-285.406 440.001
-3927.32 -2900.41
301.654 554.659
-147.786 242.644
-1212.47 -201.09
251.205 -1035.55
225.68 162.762
2634.94 -2901.72
2975.29 3423.91
2101.77 3570.39
167.696 3833.61
985.175 1981.42
140.938 255.081
-1215.63 2938.52
-3489.41 -681.289
18.2074 -1749.2
346.151 411.501
-2816.95 13.4722
-1979.42 3174.29
2611.55 2313.48
1338.24 -2108.74
-398.944 1242.47
-775.025 3151.36
3275.13 -3403.64
-2013.36 -783.281
1404.13 -1235.1
4532.34 -2395.13
-3902.81 1316.53
1164.86 2028.93
877.623 -840.063
-699.336 486.222
-1646.56 -454.612
2509.47 2128.3
670.656 664.606
-3941.38 3573.87
172.033 -1866.5
-436.478 -2071.15
-887.56 -460.51
2055.13 -1161.83
124.989 24.676
-448.617 3663.98
-352.032 -862.093
1824.31 4320.46
-2585.77 3735.39
-2148.97 2957.23
195.04 -126.297
716.359 1001.42
-552.398 1737.87
-1525 -4419.38
-472.56 -2907.23
-53.3388 -52.6441
-3312.41 -1771.43
-4521.63 1401.39
-875.208 350.06
2199.52 103.701
173.742 117.752
-418.902 1974.3
-1629.84 -1335.09
-4467.13 1122.04
1008.38 640.962
3576.61 374.277
-119.055 -2033.07
-2721.96 -2134.59
288.045 293.462
2327.07 3990.89
1808.51 4874.47
-3712.62 -1697.49
3271.1 -703.275
1705.26 -3521.76
2698.58 832.977
141.672 61.0698
4235.77 2287.69
137.483 -1888.26
953.89 -849.722
-644.248 -2119.37
-1533.37 -2583.47
-3339.6 1869.59
-116.01 558.622
-94.6345 303.335
-934.212 2456.56
-1841.41 4428.69
-144.813 1671.21
-1893.4 -1155.79
493.242 234.515
655.39 2804.04
726.444 -233.505
-4751.02 774.683
-709.863 -1020.37
-1203.93 -2435.2
1725.64 2602.61
3470.58 1162.64
-1751.62 1885.34
505.266 -1758.93
3114.33 -3747.04
-1452.03 537.675
-1624.51 -738.829
-49.88 -51.9495
629.892 -158.374
-76.3008 1072.45
-31.1623 423.749
-1121.07 -159.846
2868.37 -1918.23
-421.54 1553.61
1283.78 2299.85
-2401.47 727.001
413.129 -3385.02
448.19 -2934.94
2888.59 -4068
4591.64 1203.33
2017.83 1703.92
-917.72 905.095
4910.21 -2068.86
-510.644 56.8602
-1127.29 -5031.1
1331.08 3350.46
1768.48 -3674.44
-1598.42 1140.51
-1111.05 1741.93
156.29 -347.693
-1789.03 -4126.85
1900.96 -732.319
1662.47 -540.081
482.964 739.036
1090.01 460.284
-935.06 -2058.59
-273.816 78.1777
824.456 -2107.92
1294.64 2637.06
635.539 2660.41
2519.89 981.231
-2799.29 1325.68
-314.004 -4969.12
1184.07 -142.434
2787.99 2626.47
-4805.79 -1006.21
-1136.67 -1155.67
2574.45 206.127
-152.414 76.0516
4360.88 1460.79
-4458.99 -1521.85
2019.36 2342.35
392.146 917.893
-743.494 3489.41
706.401 673.191
3004.57 -1691.9
964.93 3987.5
-113.15 -1644.22
-623.032 -3179.85
213.873 282.131
-3657.4 947.616
1920.22 708.54
493.065 2431.64
1304.12 -704.254
5061.73 1007.43
-1786.13 -3696.01
24.7182 -525.602
-371.8 -5206.11
-2589.08 3743.64
-1359.94 287.596
2783.92 2475.89
-3623.9 92.3788
3936.39 -1251.12
882.931 4825.62
203.493 1796.96
3733.68 -944.961
75.2126 55.125
2579.89 703.929
2587.05 -2389.11
1717.32 2198.08
2245.89 -4474.36
-4270.56 -34.1698
-617.641 3577.27


1440.88 -1764.15
-776.018 -217.646
-2460.14 340.859
-434.687 -4089.55
-2031.55 1896.42
258.505 2580.06
-453.54 519.718
1022.73 4018.74
2562.11 495.653
-4761.85 -674.85
2460.91 -584.979
3390.64 2413.31
72.9774 -31.0477
349.524 -221.599
1306.49 -1219.68
-1777.78 3462.14
-3490.72 1371.53
-4.34403 1874.77
-1520.58 -4268.04
-1614.93 -1504.25
4811.23 1962.8
1377.71 -1408.75
844.756 128.555
1725.62 -905.832
-140.361 1624
3094.96 -847.791
577.987 -264.223
3839.65 -72.144
1731.41 -2293.84
-357.851 1865.37
537.63 3597.18
-4341.16 -2502.58
307.225 -1538.82
234.966 967.946
-1714.06 1035.5
2187.24 190.956
3464.23 1963.59
1015.93 -2538.29
-1442.36 2075.1
578.323 -361.37
-1496.59 1085.29
-1137.66 3094.31
-3341.87 -1923.51
122.085 -3557.58
1686.52 2021.7
-2720.12 -690.27
-598.043 2577.25
473.39 242.095
-26.1697 3648.09
-205.631 -454.568
-1263.12 -3738.02
-1273.54 2904.61
138.558 78.7612
417.812 -751.812
457.189 1937.35
-1507.05 -4843.23
726.771 2613.95
-811.827 67.5142
2815.84 -329.463
938.219 980.91
1119.77 -3197.58
-1741.64 934.837
-1913.58 786.284
-4756.4 -1987.96
1567.42 -178.025
2901.04 -2550.06
-2785.84 2237.84
-4625.44 -353.113
4311.86 1117.27
-204.625 -81.9202
2762.34 -1349.08
-903.569 4157.55
-498.48 -1621.03
-3098.48 -3314.87
-344.684 241.98
-1284.15 -2060.41
-1262.03 2532.38
1821.36 3752.22
1602.61 548.658
4126.91 1135.9
-1062.64 -1494.05
-3050.94 1776.51
78.7776 -1925.53
-2036.41 -1286.57
593.125 -348.368
2944.55 1951.24
514.67 -428.031
-3707.04 3091.8
225.013 -1125.46
-2947.97 -247.458
921.599 -133.366
-3622.02 -48.285
1756.75 -1771.42
-1474.24 4552.05
-3969.76 3142.72
4596.65 1516.36
1372.07 2285.89
1792.49 954.412
-582.701 2220.43
1264.84 -2176.47
2890.52 -209.015
-66.1454 -1177.74
763.06 1332.92
-426.26 -23.5324
2140.96 -219.871
1555.97 -1180.17
-1626.25 1407.6
149.981 132.79
282.836 -106.74
-2712.04 -2966.23
2497.82 4387.02
-3803.22 3502.33
-1017.67 -2372.25
-603.034 -4373.65
1502.38 2003.77
-2595.03 -113.958
2313.32 -1740.25
3488.75 -1787.22
5007.52 -1144.18
-149.314 -2417.08
-1922.55 -3446.36
-3608.6 -3862.41
3646.37 3033.95
4353.18 -1878.91
-3793.71 2839.89
3213.45 -3089.44
-3064.13 1522.62
2435.22 3443.99
2612.14 2436.09
-3405.74 -1475.76
-899.5 1586.24
-822.444 209.467
266.618 1689.43
26.6677 829.664
3452.96 -985.368
770.669 -1548.47
-2254.21 837.711
262.603 2386.17
1634.78 -986.487
-651.718 -942.306
3478.06 -2269.62
5119.87 1394.19
-2690.48 3547.52
-4106.58 300.7
1750.15 2884.71
-4629.08 636.169
4603.97 -2529.71
-1984.7 1822.42
524.624 -628.798
4316.45 -2156.33
350.209 -1085.78
-1301.75 -3991
-3353.83 -775.166
-1253.86 3330.74
3615.75 -1568.83
1407.52 -3736.59
907.042 -2697.15
-1065.45 3719.92
-235.274 -506.771
-1395.63 1404.46
-503.325 -885.69
-2323.41 4084.38
3287.46 -299.931
-2295.32 -2890.54
-1205.39 468.751
3609.59 3443.32
571.052 -234.892
-991.502 -67.7707
-3163.16 59.1205
2447.21 -2962.89
3966.31 865.387
2389.93 -1138.62
-4781.91 -768.223
977.826 4387.8
391.144 -145.792
-1150.08 125.575
-444.404 -612.212
-2702.35 -3659.04
373.056 4476.24
1450.34 195.964
72.5619 -40.5032
-49.0391 1679.69
3759.55 3110.02
2579.92 -484.79
3637.2 482.326
-332.082 1312.71
-3180.78 3726
-328.145 1211.5
4514.89 1614.54
330.631 12.4838
-149.971 -159.607
-275.144 19.4201
-4831.87 -1498.8
1822.5 837.568
-1027.79 -5192.82
-449.123 216.239
2168.11 -1591.1
1463.15 1683.91
5119.74 241.622
3672.97 1390.39
1915.42 1460.35
3227.24 3290.92
2126.15 1364.28
-881.974 -336.91
-4046.82 1685.03
-2531.44 -223.201
1762.64 399.088
-2553.28 1399.66
-3367.44 3802.63
1522.19 1594.33
-385.329 -743.592
-1261.28 187.47
3556.54 -3485.68
393.025 864.701
1779.69 -1420.96
-1444.14 1527.09
-347.084 -1641.4
-681.194 118.707
2822.22 4468.67
-4279.47 -1931.33
-482.86 -4295.73
4234.33 -897.252
3945.88 -2965.85
-301.265 387.999
-3783.04 188.312
2873.03 -2698.63
35.9611 1318.39
-902.188 3825.87
-682.605 3238.09
2536.78 3786.07
862.324 496.302
220.003 -46.6288
-5.10318 -1560.17
1004.04 -1951.28
-3016.88 -305.079
-106.621 3146.25
-4966.68 407.445
874.705 4950.23
853.759 -34.9746
-683.049 -2647.39
1786.93 -1410.91
-179.709 -252.527
1224.87 3172.82
363.563 -620.476
1753.87 2889.12
-19.024 -3388.99
-999.2 -2478.36
-1974.67 -2089.49
454.693 -4485.71
-702.386 2149.05
567.348 -536.199
-105.347 -4251.49
-1203.64 276.606
-1769.78 -251.097
443.727 1163.31
60.0792 -3309.35
-560.76 1223.41
732.791 -1690.57
-2421.13 -2501.5
4083.85 1054.03
1457.4 2919.3
1560.66 208.739
1826.31 4140.18
-3098.42 -484.566
-304.306 -4783.71
-1502.42 1212.05
-2235.13 -1871.35
2061.52 -466.358
-3874.82 -2295.27
-45.9845 300.801
2789.86 -67.9038
-490.655 3544.6
2074.45 2097.78
-1313.48 -4050.09
-2135.87 -1769.41
1798.39 -187.702
-4741.73 291.182
2725.98 -2372.69
351.203 -1156.08
681.174 -1963.95
-1005.32 2886.15
4710.21 -1204.6
-911.852 -718.766
-1333.14 3328.77
1542.64 -3032.74
654.18 1644.32
1763.42 915.237
-1129.63 -5147.21
2741.26 -828.2
-1754.58 3024.83
586.908 316.389
1203.93 -2873.77
1444.96 590.394
630.647 -106.937
-1394.1 2787.62
-2073.4 -2814.12
3524.53 327.412
474.598 679.825
-2587.46 -738.573
1072.9 2840.04
-1143 1782.44
2237.06 -1460.43
1110.45 2740.08
-428.181 -188.686
2826.86 -4164.09
-3175.6 -106.45
845.869 1887.5
-831.829 721.945
1360.98 -3691
-1075.58 197.744
188.108 -5142.04
-255.507 3306.49
-279.403 -125.85
2353.83 -1350.27
1975.28 -2616.13
-157.563 14.5477
-237.224 364.218
-341.004 100.54
664.327 122.122
3277.99 -774.969
1748.35 -383.423
-1540.45 -799.844
-312.267 -1094.32
546.441 1205.53
-350.431 -2828.48
-229.672 -3510.21
900.118 -1204.45
127.177 -159.802
-304.476 428.733
-3922.9 -2906.43
283.551 564.559
-171.143 225.338
-1210.43 -215.96
267.278 -1032.64
205.986 187.801
2640.48 -2896.53
2969.15 3429.38
2094.58 3574.72
159.055 3834.07
975.657 1985.98
114.674 270.181
-1223.99 2935.06
-3487.8 -690.433
30.6782 -1749.21
330.872 426.461
-2817.08 3.5772
-1986.92 3169.72
2605.48 2320.6
1346.12 -2103.41
-411.776 1237.69
-783.778 3149.22
3280.86 -3398.22
-2009.32 -793.134
1410.76 -1226.59
4535.89 -2388.53
-3905.15 1309.37
1155.61 2034.3
888.436 -829.473
-709.172 471.595
-1643.44 -467.063
2503.37 2135.84
659.578 678.137
-3945.9 3568.84
183.039 -1865.03
-426.374 -2072.83
-880.08 -475.043
2060.58 -1152.46
105.657 71.762
-457.259 3662.99
-336.484 -866.624
1817.76 4323.17
-2591.61 3731.27
-2155.96 2952.19
210.014 -94.7301
704.608 1008
-563.701 1734.19
-1518.17 -4421.7
-463.384 -2908.68
18.7936 -68.172
-3308.61 -1778.37
-4523.78 1394.41
-882.892 334.474
2198.63 113.706
149.038 148.824
-430.86 1972.19
-1622.99 -1342.75
-4469.12 1114.37
1000.33 653.406
3575.8 383.363
-107.888 -2033.63
-2716.34 -2142.01
266.592 310.066
2321.02 3994.31
1802.33 4876.69
-3709.35 -1704.56
3273.32 -693.931
1712.43 -3518.25
2695.73 841.941
117.352 98.2701
4232.49 2293.58
149.621 -1887.61
963.119 -838.962
-633.723 -2122.64
-1525.03 -2588.59
-3343.42 1862.63
-136.83 551.854
-124.915 292.981
-942.661 2453.03
-1848.6 4425.76
-158.127 1670.67
-1887.72 -1165.19
482.216 254.043
646.936 2805.73
733.25 -215.831
-4752.01 768.048
-698.048 -1027.09
-1194.66 -2440.05
1718.48 2607.13
3467.91 1170.51
-1759.25 1878.38
515.938 -1755.38
3120.52 -3742.02
-1455.61 526
-1619.7 -750.958
16.2248 -70.5894
638.137 -140.226
-92.1796 1071.62
-55.1797 421.035
-1119.76 -175.709
2872.67 -1911.5
-434.814 1550.69
1274.84 2305
-2403.87 717.961
421.95 -3383.98
456.492 -2933.39
2894.65 -4063.73
4589.72 1210.91
2011.4 1711.54
-929.416 895.093
4913.14 -2062.04
-508.793 33.4283
-1120.79 -5032.5
1323.03 3353.7
1775.45 -3671.04
-1604.23 1131.53
-1121.64 1735.82
176.601 -333.114
-1782.63 -4129.51
1904.73 -721.996
1665.72 -528.827
468.363 748.372
1083.54 472.92
-925.478 -2062.79
-280.899 49.3927
834.521 -2104
1285.73 2641.64
626.894 2662.15
2516.32 990.744
-2803.31 1317.28
-306.831 -4969.56
1185.76 -127.681
2782.37 2632.41
-4804.34 -1012.76
-1127.57 -1164.63
2573.52 215.718
-167.251 36.2972
4358.46 1468.11
-4456.55 -1529.11
2012.86 2347.66
377.111 925.826
-752.157 3487.64
695.61 686.526
3008.59 -1684.58
956.651 3989.62
-99.7742 -1645.8
-614.423 -3181.48
190.75 298.584
-3659.83 938.888
1916.17 718.12
483.683 2433.24
1310.1 -692.636
5060.35 1014.2
-1779.26 -3699.26
47.3987 -523.928
-365.259 -5206.51
-2595.77 3739.11
-1362.48 274.305
2778.08 2482.64
-3624.27 83.3072
3938.46 -1244.2
875.215 4827.11
190.644 1799.08
3735.76 -936.86
35.905 94.2812
2577.33 713.969
2592.28 -2383.21
1709.73 2203.98
2252.42 -4471.1
-4270.39 -41.2702
-625.102 3575.8


1448.71 -1757.49
-769.46 -234.118
-2461.03 331.611
-427.135 -4090.28
-2037.94 1889.45
247.669 2581.5
-469.004 507.388
1015.07 4020.68
2560.22 505.56
-4760.82 -682.196
2463.09 -575.317
3385.89 2420.12
81.1261 34.1993
359.398 -200.104
1314.15 -1210.95
-1785.02 3458.41
-3493.87 1363.63
-16.8398 1875.17
-1513.04 -4270.8
-1607.64 -1511.78
4808.66 1968.99
1385.52 -1400.79
844.375 146.902
1730.31 -895.995
-151.781 1622.13
3097.17 -839.382
588.213 -246.572
3839.98 -63.1959
1739.24 -2288.02
-368.666 1862.89
529.65 3598.28
-4337.79 -2508.27
321.074 -1536.97
218.827 973.398
-1718.92 1026.32
2186.7 202.817
3460.2 1970.76
1025.13 -2534.65
-1450.48 2069.34
589.617 -345.007
-1504.44 1075.34
-1145.84 3091.25
-3337.97 -1930.02
130.105 -3557.18
1678.81 2028.2
-2717.75 -699.686
-607.928 2575.03
461.87 261.728
-34.9511 3648.1
-183.511 -462.934
-1255.12 -3740.8
-1280.92 2901.11
110.202 113.383
432.261 -742.416
446.18 1939.82
-1499.67 -4845.61
717.852 2616.21
-816.532 49.3043
2816.68 -320.514
928.134 990.613
1127.52 -3194.73
-1747.08 924.688
-1917.88 775.849
-4753.77 -1994.09
1568.57 -165.481
2905.87 -2544.34
-2790.82 2231.47
-4624.87 -360.595
4309.95 1124.62
-188.744 -114.897
2766.13 -1341.08
-911.489 4155.87
-487.329 -1623.7
-3092.83 -3320.19
-358.628 220.948
-1275.45 -2065.74
-1271.2 2528.02
1814.52 3755.47
1598.4 559.933
4124.83 1143.56
-1052.89 -1500.97
-3055.58 1768.76
90.2409 -1924.93
-2031.02 -1294.37
606.043 -333.557
2939.76 1958.5
529.534 -414.812
-3711.22 3086.63
238.402 -1121.1
-2947.01 -255.97
924.847 -116.443
-3621.75 -56.0039
1764.54 -1764
-1480.99 4549.82
-3974.67 3136.67
4594.48 1522.62
1363.43 2291.16
1787.15 963.18
-593.441 2217.8
1272.96 -2171.46
2890.85 -200.458
-51.2172 -1178.51
751.872 1338.9
-424.251 -48.1166
2141.45 -209.912
1561.88 -1171.4
-1632.75 1399.56
118.329 156.475
292.37 -77.6506
-2706.33 -2971.35
2491.89 4390.34
-3808.43 3496.78
-1007.71 -2376.94
-594.726 -4374.92
1493.74 2010.7
-2594.78 -124.54
2318.44 -1733.09
3492.83 -1779.5
5008.86 -1137.91
-138.698 -2417.85
-1915.11 -3450.62
-3603.79 -3866.82
3641.4 3040.02
4356.12 -1872.09
-3798.29 2833.83
3218.25 -3084.3
-3068.58 1514.16
2428.38 3448.96
2606.03 2442.85
-3402.39 -1483.52
-909.116 1580.27
-828.926 192.34
253.546 1692.24
8.37586 832.528
3455.07 -977.595
780.553 -1542.81
-2257.83 827.942
251.974 2387.46
1641.37 -976.177
-639.203 -949.972
3482.45 -2262.91
5117.97 1401.41
-2695.89 3543.26
-4106.98 293.466
1743.3 2888.62
-4630.21 628.402
4607.08 -2523.92
-1991.12 1815.29
536.994 -616.275
4319.98 -2149.42
365.327 -1081.61
-1293.96 -3993.6
-3351.87 -782.855
-1261.91 3327.72
3619.15 -1561.13
1414.5 -3733.84
915.23 -2694.11
-1073.18 3717.67
-213.836 -512.689
-1402.63 1396.68
-489.363 -894.74
-2329.72 4080.75
3288.53 -290.377
-2289.06 -2895.37
-1209.22 455.927
3604.26 3449.03
580.225 -216.358
-992.748 -85.1809
-3163.27 50.2214
2453.9 -2957.47
3964.62 872.836
2394.34 -1129.52
-4780.74 -775.533
970.859 4389.27
399.333 -121.775
-1152.29 110.24
-428.567 -621.812
-2696.11 -3663.7
366.029 4476.73
1449.54 210.512
71.9041 31.7903
-62.4551 1680.01
3754.97 3115.52
2581.87 -474.8
3636.03 489.904
-345.374 1309.11
-3186.81 3720.97
-342.234 1207.75
4512.34 1621.84
325.846 40.7815
-120.446 -181.336
-274.206 -13.1639
-4829.71 -1505.91
1817.75 848.268
-1020.75 -5194.24
-458.991 197.038
2173.41 -1583.51
1455.07 1690.78
5119.39 248.64
3670.02 1398.39
1909.35 1467.69
3221.72 3296.4
2120.77 1372.24
-874.952 -351.538
-4050.15 1677.34
-2530.81 -234.119
1760.26 411.538
-2558.37 1390.86
-3373.24 3797.6
1513.99 1602.76
-369.159 -748.63
-1262.09 174.066
3561.2 -3480.83
377.794 872.072
1785.37 -1413.09
-1452.22 1519.42
-334.895 -1643.91
-687.451 100
2816.6 4472.16
-4276.49 -1937.83
-474.647 -4296.75
4235.79 -890.054
3949.82 -2960.46
-317.99 370.496
-3783.24 180.844
2878.37 -2692.86
23.0672 1317.37
-909.593 3824.02
-690.994 3236.24
2530.07 3790.68
854.483 510.924
225.61 -10.5535
7.76767 -1560.1
1013.76 -1946.28
-3015.77 -313.335
-116.343 3146.1
-4967.12 400.93
867.914 4951.38
854.746 -17.2408
-673.259 -2650.05
1793.88 -1402.35
-154.762 -269.627
1217.3 3175.55
381.714 -613.337
1746.51 2893.5
-10.0779 -3389.08
-990.68 -2481.49
-1967.94 -2095.67
461.668 -4484.91
-713.299 2145.8
580.941 -523.322
-97.462 -4251.7
-1207.71 261.998
-1767.82 -262.584
430.18 1168.25
68.3631 -3309.04
-574.591 1218.09
743.561 -1685.78
-2415.21 -2507.05
4081.89 1061.56
1449.91 2922.85
1559.58 222.49
1819.72 4143.01
-3097.05 -493.944
-296.523 -4784.27
-1509.82 1202.95
-2228.86 -1879.08
2064.02 -455.443
-3871.15 -2301.3
-75.1819 298.011
2789.97 -58.5704
-498.715 3543.39
2067.81 2104.3
-1305.43 -4052.83
-2129.56 -1777.21
1798.82 -176.744
-4742.21 283.651
2731.59 -2366.26
364.016 -1150.84
691.681 -1960.25
-1013.91 2883.12
4712.12 -1197.26
-902.918 -731.803
-1341 3325.61
1549.67 -3028.95
643.671 1647.66
1758.12 925.343
-1123 -5148.64
2743.52 -819.802
-1762.57 3020.34
574.768 332.004
1211.5 -2870.34
1440.06 602.5
636.558 -87.6226
-1402.52 2783.48
-2066.14 -2819.61
3523.81 336.477
459.869 690.091
-2584.75 -747.918
1063.85 2843.61
-1152.68 1776.4
2242.34 -1452.24
1101.86 2743.51
-414.481 -209.679
2832.66 -4160.13
-3175.09 -114.63
836.343 1891.16
-839.741 709.975
1368.63 -3688.18
-1079.16 182.155
195.883 -5141.85
-264.978 3305.93
-270.466 -155.353
2358.36 -1342.06
1981.73 -2611.03
-153.5 -30.4128
-256.619 350.493
-346.339 70.839
663.305 141.995
3279.74 -766.929
1751.81 -370.817
-1534.65 -809.796
-297.109 -1100.5
533.25 1212.58
-340.63 -2829.8
-221.761 -3510.57
912.045 -1196.7
155.117 -129.002
-322.978 416.665
-3918.47 -2912.44
265.146 573.858
-192.341 205.192
-1208.23 -230.799
283.293 -1029.5
183.572 210.361
2646.02 -2891.34
2963.01 3434.84
2087.39 3579.04
150.413 3834.52
966.116 1990.48
87.1189 282.242
-1232.34 2931.57
-3486.17 -699.572
43.1476 -1749.14
315.022 440.686
-2817.19 -6.31782
-1994.41 3165.14
2599.4 2327.7
1353.97 -2098.04
-424.559 1232.77
-792.525 3147.05
3286.59 -3392.8
-2005.24 -802.967
1417.34 -1218.03
4539.43 -2381.92
-3907.47 1302.2
1146.33 2039.63
899.12 -818.762
-718.703 456.766
-1640.24 -479.489
2497.24 2143.35
648.293 691.456
-3950.4 3563.81
194.038 -1863.49
-416.259 -2074.44
-872.368 -489.451
2065.99 -1143.07
69.8615 107.686
-465.898 3661.98
-320.825 -870.869
1811.21 4325.86
-2597.45 3727.14
-2162.93 2947.15
219.959 -60.8997
692.758 1014.43
-574.981 1730.44
-1511.33 -4424
-454.203 -2910.1
66.9948 -17.6494
-3304.78 -1785.29
-4525.91 1387.43
-890.298 318.783
2197.7 123.708
119.61 175.183
-442.805 1970.02
-1616.1 -1350.36
-4471.1 1106.7
992.137 665.749
3574.98 392.448
-96.7182 -2034.12
-2710.7 -2149.42
244.064 325.418
2314.97 3997.73
1796.16 4878.9
-3706.06 -1711.61
3275.51 -684.581
1719.59 -3514.72
2692.86 850.897
82.8064 126.882
4229.2 2299.46
161.753 -1886.89
972.226 -828.096
-623.183 -2125.86
-1516.67 -2593.68
-3347.22 1855.67
-157.448 544.274
-154.106 280.07
-951.095 2449.47
-1855.79 4422.83
-171.432 1670.04
-1882 -1174.55
470.384 273.145
638.475 2807.39
739.618 -198.028
-4752.99 761.411
-686.137 -1033.67
-1185.37 -2444.86
1711.31 2611.63
3465.22 1178.38
-1766.85 1871.39
526.588 -1751.75
3126.71 -3737
-1459.08 514.288
-1614.81 -763.052
67.7794 -14.2106
645.768 -121.942
-108.039 1070.57
-78.9987 416.808
-1118.25 -191.54
2876.96 -1904.76
-448.06 1547.67
1265.87 2310.11
-2406.22 708.908
430.768 -3382.91
464.789 -2931.82
2900.71 -4059.45
4587.78 1218.49
2004.95 1719.14
-940.999 884.982
4916.06 -2055.22
-505.898 9.92807
-1114.29 -5033.89
1314.97 3356.92
1782.41 -3667.62
-1609.98 1122.51
-1132.2 1729.65
195.995 -316.809
-1776.22 -4132.15
1908.43 -711.651
1668.9 -517.547
453.583 757.42
1076.89 485.481
-915.876 -2066.94
-284.529 20.0001
844.567 -2100.04
1276.81 2646.19
618.242 2663.86
2512.7 1000.24
-2807.3 1308.87
-299.657 -4970
1187.26 -112.908
2776.74 2638.33
-4802.88 -1019.3
-1118.41 -1173.52
2572.56 225.306
-171.871 -5.68135
4356.02 1475.42
-4454.1 -1536.36
2006.35 2352.95
361.977 933.514
-760.814 3485.84
684.622 699.666
3012.6 -1677.25
948.368 3991.72
-86.3927 -1647.29
-605.809 -3183.08
166.429 313.163
-3662.25 930.156
1912.06 727.679
474.293 2434.8
1315.98 -680.962
5058.97 1020.98
-1772.38 -3702.49
69.9907 -521.276
-358.717 -5206.91
-2602.45 3734.57
-1364.89 260.987
2772.23 2489.38
-3624.62 74.2351
3940.51 -1237.27
867.497 4828.6
177.787 1801.12
3737.82 -928.755
-16.0897 101.542
2574.73 724
2597.49 -2377.29
1702.11 2209.87
2258.95 -4467.82
-4270.2 -48.3706
-632.561 3574.3


1456.5 -1750.79
-762.508 -250.469
-2461.88 322.358
-419.582 -4091
-2044.31 1882.46
236.83 2582.91
-484.088 494.647
1007.41 4022.61
2558.29 515.46
-4759.77 -689.541
2465.24 -565.646
3381.12 2426.92
45.8598 83.0451
367.846 -177.816
1321.75 -1202.17
-1792.25 3454.67
-3496.99 1355.73
-29.3348 1875.5
-1505.51 -4273.56
-1600.3 -1519.28
4806.07 1975.17
1393.27 -1392.78
843.638 165.187
1734.95 -886.127
-163.191 1620.17
3099.36 -830.966
597.83 -228.666
3840.29 -54.2475
1747.06 -2282.17
-379.468 1860.33
521.667 3599.36
-4334.41 -2513.95
334.901 -1535.02
202.63 978.592
-1723.72 1017.11
2186.1 214.674
3456.15 1977.92
1034.32 -2530.98
-1458.57 2063.55
600.417 -328.353
-1512.22 1065.34
-1154.01 3088.17
-3334.06 -1936.53
138.124 -3556.76
1671.07 2034.66
-2715.35 -709.095
-617.805 2572.77
449.512 280.887
-43.7323 3648.1
-160.986 -470.28
-1247.12 -3743.55
-1288.3 2897.58
73.1966 139.088
446.53 -732.71
435.156 1942.24
-1492.28 -4847.99
708.924 2618.43
-820.841 31.0704
2817.5 -311.562
917.952 1000.21
1135.26 -3191.86
-1752.46 914.508
-1922.12 765.391
-4751.14 -2000.22
1569.61 -152.925
2910.69 -2538.61
-2795.79 2225.08
-4624.29 -368.076
4308.02 1131.96
-167.714 -144.74
2769.89 -1333.07
-919.406 4154.19
-476.151 -1626.29
-3087.17 -3325.5
-371.25 199.102
-1266.72 -2071.04
-1280.35 2523.63
1807.68 3758.71
1594.11 571.177
4122.73 1151.21
-1043.1 -1507.82
-3060.21 1760.99
101.701 -1924.27
-2025.6 -1302.14
618.471 -318.476
2934.96 1965.76
543.933 -401.227
-3715.39 3081.45
251.748 -1116.55
-2946.01 -264.479
927.793 -99.4817
-3621.46 -63.7226
1772.29 -1756.55
-1487.73 4547.59
-3979.57 3130.61
4592.3 1528.87
1354.77 2296.41
1781.75 971.919
-604.168 2215.11
1281.06 -2166.41
2891.15 -191.898
-36.2808 -1179.09
740.63 1344.78
-420.742 -72.5306
2141.89 -199.948
1567.74 -1162.6
-1639.2 1391.47
81.9985 173.945
298.91 -47.7665
-2700.6 -2976.47
2485.95 4393.65
-3813.64 3491.22
-997.734 -2381.59
-586.416 -4376.19
1485.08 2017.59
-2594.49 -135.12
2323.54 -1725.9
3496.9 -1771.79
5010.19 -1131.63
-128.08 -2418.56
-1907.66 -3454.86
-3598.98 -3871.22
3636.43 3046.09
4359.06 -1865.26
-3802.86 2827.75
3223.05 -3079.15
-3073 1505.69
2421.54 3453.93
2599.9 2449.6
-3399.03 -1491.28
-918.693 1574.23
-835.05 175.13
240.462 1694.97
-9.91984 835.009
3457.16 -969.817
790.397 -1537.07
-2261.41 818.157
241.341 2388.7
1647.91 -965.831
-626.576 -957.471
3486.83 -2256.21
5116.06 1408.63
-2701.29 3538.99
-4107.36 286.232
1736.44 2892.52
-4631.32 620.633
4610.19 -2518.12
-1997.51 1808.13
549.103 -603.453
4323.49 -2142.5
380.38 -1077.26
-1286.18 -3996.19
-3349.88 -790.539
-1269.97 3324.68
3622.53 -1553.44
1421.47 -3731.08
923.407 -2691.04
-1080.9 3715.4
-192.061 -517.799
-1409.58 1388.85
-475.278 -903.567
-2336.04 4077.12
3289.58 -280.82
-2282.79 -2900.18
-1212.91 443.047
3598.93 3454.73
588.741 -197.579
-993.729 -102.568
-3163.36 41.3219
2460.58 -2952.03
3962.9 880.282
2398.7 -1120.41
-4779.57 -782.84
963.889 4390.73
406.01 -97.2959
-1154.31 94.8853
-412.464 -631.028
-2689.86 -3668.35
359.001 4477.21
1448.61 225.042
18.6599 80.7947
-75.8677 1680.24
3750.39 3121.01
2583.78 -464.804
3634.84 497.48
-358.631 1305.38
-3192.83 3715.93
-356.277 1203.85
4509.78 1629.13
318.475 68.7544
-87.4801 -197.88
-269.472 -45.5645
-4827.53 -1513.02
1812.94 858.941
-1013.7 -5195.65
-467.856 177.407
2178.69 -1575.9
1446.96 1697.61
5119.04 255.656
3667.06 1406.38
1903.25 1475
3216.19 3301.86
2115.37 1380.18
-867.653 -366.056
-4053.48 1669.64
-2530.13 -245.032
1757.8 423.97
-2563.42 1382.05
-3379.03 3792.56
1505.75 1611.16
-352.82 -753.326
-1262.73 160.639
3565.85 -3475.96
362.446 879.174
1791.01 -1405.18
-1460.26 1511.71
-322.688 -1646.33
-693.159 81.2126
2810.97 4475.64
-4273.5 -1944.32
-466.433 -4297.75
4237.22 -882.854
3953.76 -2955.07
-333.969 352.125
-3783.42 173.375
2883.69 -2687.09
10.1706 1316.2
-916.995 3822.16
-699.379 3234.37
2523.36 3795.29
846.412 525.408
225.474 25.7928
20.638 -1559.92
1023.46 -1941.22
-3014.63 -321.587
-126.064 3145.92
-4967.55 394.414
861.121 4952.53
855.37 0.50034
-663.459 -2652.67
1800.79 -1393.77
-128.358 -284.19
1209.73 3178.27
399.595 -605.764
1739.13 2897.87
-1.1318 -3389.15
-982.146 -2484.58
-1961.19 -2101.83
468.641 -4484.1
-724.195 2142.51
594.21 -510.154
-89.5766 -4251.89
-1211.62 247.353
-1765.78 -274.059
416.574 1173.02
76.6465 -3308.72
-588.359 1212.64
754.3 -1680.93
-2409.27 -2512.59
4079.92 1069.08
1442.41 2926.37
1558.39 236.227
1813.13 4145.83
-3095.66 -503.318
-288.738 -4784.82
-1517.16 1193.8
-2222.57 -1886.8
2066.46 -444.516
-3867.47 -2307.32
-103.648 292.315
2790.04 -49.2363
-506.772 3542.17
2061.15 2110.79
-1297.37 -4055.56
-2123.22 -1784.98
1799.17 -165.779
-4742.69 276.119
2737.18 -2359.82
376.775 -1145.43
702.168 -1956.49
-1022.49 2880.05
4714.03 -1189.93
-893.833 -744.717
-1348.85 3322.42
1556.68 -3025.15
633.133 1650.92
1752.76 935.419
-1116.35 -5150.05
2745.74 -811.395
-1770.54 3015.85
562.1 347.314
1219.06 -2866.89
1435.07 614.565
641.825 -68.2199
-1410.92 2779.32
-2058.87 -2825.08
3523.07 345.539
444.925 700.035
-2582 -757.254
1054.79 2847.15
-1162.33 1770.32
2247.59 -1444.04
1093.26 2746.91
-399.649 -230.099
2838.45 -4156.15
-3174.55 -122.81
826.792 1894.76
-847.487 697.865
1376.27 -3685.35
-1082.52 166.53
203.659 -5141.65
-274.447 3305.34
-259.009 -183.412
2362.86 -1333.83
1988.18 -2605.91
-136.978 -72.8847
-275.154 335.593
-349.485 40.6908
661.713 161.746
3281.47 -758.884
1755.19 -358.194
-1528.78 -819.708
-281.898 -1106.48
519.999 1219.5
-330.825 -2831.09
-213.849 -3510.9
923.902 -1188.86
177.43 -93.5309
-340.881 403.825
-3914.04 -2918.45
246.459 582.545
-211.068 182.412
-1205.85 -245.606
299.247 -1026.14
158.746 230.157
2651.54 -2886.13
2956.86 3440.3
2080.19 3583.34
141.771 3834.95
956.552 1994.94
58.602 291.191
-1240.68 2928.06
-3484.52 -708.708
55.6149 -1748.99
298.634 454.159
-2817.25 -16.2128
-2001.89 3160.55
2593.3 2334.78
1361.81 -2092.64
-437.292 1227.7
-801.266 3144.86
3292.31 -3387.36
-2001.1 -812.78
1423.85 -1209.42
4542.96 -2375.31
-3909.78 1295.03
1137.04 2044.91
909.672 -807.931
-727.925 441.74
-1636.95 -491.891
2491.1 2150.86
636.807 704.56
-3954.91 3558.78
205.029 -1861.88
-406.132 -2076
-864.425 -503.729
2071.35 -1133.65
23.3376 127.12
-474.535 3660.95
-305.06 -874.825
1804.66 4328.54
-2603.28 3723.01
-2169.89 2942.08
224.482 -25.5727
680.81 1020.71
-586.236 1726.61
-1504.5 -4426.3
-445.017 -2911.49
40.186 55.7074
-3300.94 -1792.21
-4528.03 1380.45
-897.426 302.992
2196.71 133.707
86.4717 196.117
-454.736 1967.79
-1609.16 -1357.95
-4473.07 1099.03
983.788 677.989
3574.13 401.53
-85.5449 -2034.55
-2705.05 -2156.81
220.534 339.435
2308.91 4001.14
1789.98 4881.1
-3702.76 -1718.66
3277.69 -675.228
1726.75 -3511.18
2689.96 859.842
40.8191 144.047
4225.9 2305.34
173.879 -1886.09
981.211 -817.126
-612.629 -2129.02
-1508.3 -2598.75
-3351.01 1848.7
-177.832 535.885
-181.968 264.743
-959.517 2445.87
-1862.97 4419.88
-184.728 1669.32
-1876.23 -1183.89
457.759 291.788
630.007 2809.02
745.547 -180.107
-4753.96 754.773
-674.131 -1040.1
-1176.06 -2449.65
1704.13 2616.11
3462.52 1186.23
-1774.43 1864.37
537.215 -1748.05
3132.88 -3731.97
-1462.45 502.539
-1609.84 -775.112
41.481 52.4263
652.788 -103.543
-123.875 1069.29
-102.533 411.077
-1116.54 -207.337
2881.22 -1898.01
-461.278 1544.56
1256.89 2315.19
-2408.54 699.844
439.583 -3381.82
473.082 -2930.21
2906.76 -4055.16
4585.84 1226.06
1998.46 1726.72
-952.466 874.763
4918.98 -2048.4
-501.94 -13.5928
-1107.78 -5035.26
1306.91 3360.12
1789.37 -3664.19
-1615.67 1113.45
-1142.72 1723.42
214.335 -298.8
-1769.81 -4134.79
1912.08 -701.284
1671.99 -506.242
438.627 766.176
1070.07 497.965
-906.253 -2071.04
-284.66 -9.63826
854.595 -2096.02
1267.87 2650.72
609.581 2665.53
2509.06 1009.73
-2811.27 1300.44
-292.483 -4970.42
1188.58 -98.1176
2771.1 2644.24
-4801.41 -1025.84
-1109.18 -1182.33
2571.55 234.89
-166.147 -47.3245
4353.58 1482.72
-4451.63 -1543.61
1999.82 2358.22
346.748 940.957
-769.468 3484.03
673.442 712.61
3016.59 -1669.91
940.082 3993.81
-73.0061 -1648.67
-597.191 -3184.66
141.066 325.781
-3664.65 921.42
1907.89 737.215
464.895 2436.32
1321.75 -669.233
5057.58 1027.75
-1765.49 -3705.7
92.4521 -517.652
-352.175 -5207.29
-2609.12 3730.02
-1367.16 247.644
2766.37 2496.11
-3624.95 65.1627
3942.55 -1230.34
859.777 4830.08
164.923 1803.09
3739.86 -920.645
-62.8506 76.3734
2572.1 734.021
2602.69 -2371.36
1694.47 2215.72
2265.47 -4464.54
-4269.99 -55.4708
-640.016 3572.78


1464.27 -1744.05
-755.164 -266.692
-2462.69 313.099
-412.026 -4091.7
-2050.66 1875.44
225.987 2584.27
-498.781 481.507
999.751 4024.52
2556.32 525.353
-4758.72 -696.884
2467.35 -555.966
3376.34 2433.71
-9.04065 97.9345
374.805 -154.809
1329.29 -1193.34
-1799.47 3450.91
-3500.1 1347.81
-41.8287 1875.76
-1497.97 -4276.29
-1592.93 -1526.74
4803.47 1981.36
1400.98 -1384.73
842.548 183.403
1739.52 -876.227
-174.592 1618.1
3101.52 -822.543
606.834 -210.526
3840.58 -45.2988
1754.85 -2276.3
-390.256 1857.7
513.682 3600.42
-4331.02 -2519.62
348.705 -1532.96
186.38 983.527
-1728.46 1007.86
2185.45 226.525
3452.09 1985.06
1043.5 -2527.28
-1466.65 2057.73
610.714 -311.426
-1519.94 1055.29
-1162.17 3085.08
-3330.13 -1943.04
146.142 -3556.32
1663.3 2041.09
-2712.92 -718.495
-627.673 2570.47
436.335 299.534
-52.5133 3648.07
-138.104 -476.582
-1239.11 -3746.3
-1295.66 2894.03
30.3388 153.652
460.611 -722.696
424.118 1944.59
-1484.89 -4850.36
699.986 2620.62
-824.756 12.8216
2818.28 -302.606
907.673 1009.71
1143 -3188.97
-1757.77 904.297
-1926.31 754.911
-4748.49 -2006.35
1570.54 -140.36
2915.5 -2532.87
-2800.74 2218.69
-4623.7 -375.556
4306.08 1139.31
-142.145 -170.669
2773.63 -1325.05
-927.32 4152.49
-464.947 -1628.8
-3081.51 -3330.8
-382.504 176.523
-1257.98 -2076.3
-1289.49 2519.21
1800.83 3761.93
1589.74 582.391
4120.62 1158.86
-1033.26 -1514.61
-3064.81 1753.21
113.157 -1923.54
-2020.13 -1309.88
630.408 -303.143
2930.14 1973
557.859 -387.294
-3719.56 3076.27
265.051 -1111.8
-2944.99 -272.985
930.437 -82.4883
-3621.15 -71.4409
1780.02 -1749.07
-1494.47 4545.34
-3984.46 3124.54
4590.11 1535.12
1346.1 2301.62
1776.3 980.627
-614.882 2212.38
1289.14 -2161.32
2891.42 -183.336
-21.3386 -1179.49
729.335 1350.57
-415.745 -96.6881
2142.28 -189.978
1573.55 -1153.75
-1645.62 1383.36
42.2214 184.063
302.396 -17.3942
-2694.86 -2981.57
2480.01 4396.95
-3818.84 3485.65
-987.742 -2386.2
-578.104 -4377.44
1476.39 2024.44
-2594.16 -145.698
2328.61 -1718.69
3500.96 -1764.06
5011.51 -1125.35
-117.459 -2419.23
-1900.2 -3459.09
-3594.15 -3875.62
3631.44 3052.16
4361.98 -1858.43
-3807.41 2821.68
3227.84 -3073.99
-3077.4 1497.21
2414.68 3458.87
2593.75 2456.33
-3395.65 -1499.02
-928.23 1568.12
-840.818 157.844
227.364 1697.61
-28.211 837.109
3459.22 -962.033
800.201 -1531.25
-2264.95 808.357
230.704 2389.89
1654.38 -955.449
-613.839 -964.802
3491.2 -2249.49
5114.14 1415.85
-2706.69 3534.71
-4107.73 278.997
1729.57 2896.4
-4632.43 612.862
4613.28 -2512.32
-2003.88 1800.96
560.942 -590.335
4327 -2135.57
395.366 -1072.71
-1278.38 -3998.77
-3347.87 -798.219
-1278.01 3321.62
3625.9 -1545.73
1428.43 -3728.3
931.574 -2687.94
-1088.61 3713.12
-169.977 -522.076
-1416.48 1380.97
-461.076 -912.17
-2342.35 4073.47
3290.6 -271.261
-2276.51 -2904.98
-1216.45 430.113
3593.58 3460.43
596.595 -178.578
-994.446 -119.929
-3163.42 32.4221
2467.25 -2946.59
3961.17 887.724
2403.04 -1111.28
-4778.38 -790.146
956.916 4392.18
411.149 -72.4488
-1156.13 79.5149
-396.104 -639.851
-2683.61 -3672.98
351.972 4477.68
1447.57 239.554
-48.4883 79.9117
-89.2761 1680.38
3745.79 3126.5
2585.66 -454.801
3633.63 505.052
-371.849 1301.51
-3198.84 3710.88
-370.274 1199.78
4507.21 1636.42
308.512 96.1669
-51.9685 -208.656
-260.956 -77.3246
-4825.35 -1520.12
1808.07 869.586
-1006.65 -5197.05
-475.704 157.39
2183.93 -1568.27
1438.81 1704.4
5118.67 262.673
3664.09 1414.37
1897.11 1482.28
3210.65 3307.32
2109.92 1388.09
-860.08 -380.457
-4056.79 1661.94
-2529.41 -255.942
1755.26 436.383
-2568.45 1373.23
-3384.81 3787.51
1497.48 1619.52
-336.319 -757.675
-1263.22 147.193
3570.5 -3471.09
346.986 886.006
1796.61 -1397.24
-1468.26 1503.96
-310.462 -1648.66
-698.321 62.3614
2805.34 4479.11
-4270.49 -1950.81
-458.217 -4298.74
4238.65 -875.651
3957.69 -2949.67
-349.151 332.914
-3783.59 165.905
2889 -2681.31
-2.7271 1314.89
-924.392 3820.27
-707.759 3232.48
2516.63 3799.88
838.116 539.752
219.682 61.4945
33.5069 -1559.63
1033.13 -1936.13
-3013.46 -329.837
-135.783 3145.72
-4967.97 387.898
854.327 4953.66
855.63 18.2413
-653.652 -2655.27
1807.66 -1385.16
-100.758 -296.105
1202.14 3180.96
417.197 -597.768
1731.74 2902.22
7.81435 -3389.2
-973.6 -2487.63
-1954.42 -2107.96
475.613 -4483.27
-735.076 2139.16
607.15 -496.703
-81.6909 -4252.07
-1215.36 232.675
-1763.66 -285.521
402.912 1177.64
84.9294 -3308.37
-602.065 1207.06
765.007 -1676
-2403.32 -2518.11
4077.93 1076.59
1434.9 2929.87
1557.1 249.947
1806.53 4148.64
-3094.25 -512.687
-280.953 -4785.36
-1524.45 1184.6
-2216.25 -1894.49
2068.84 -433.577
-3863.78 -2313.33
-131.132 283.848
2790.08 -39.9016
-514.826 3540.92
2054.47 2117.26
-1289.31 -4058.28
-2116.85 -1792.74
1799.44 -154.806
-4743.15 268.586
2742.76 -2353.36
389.478 -1139.85
712.634 -1952.68
-1031.06 2876.97
4715.92 -1182.59
-884.599 -757.507
-1356.69 3319.22
1563.68 -3021.32
622.564 1654.1
1747.34 945.464
-1109.71 -5151.46
2747.93 -802.98
-1778.5 3011.33
548.909 362.301
1226.61 -2863.42
1429.98 626.588
646.45 -48.749
-1419.32 2775.14
-2051.59 -2830.53
3522.31 354.6
429.775 709.652
-2579.21 -766.579
1045.72 2850.66
-1171.94 1764.19
2252.8 -1435.81
1084.64 2750.28
-383.703 -249.877
2844.24 -4152.17
-3173.99 -130.988
817.218 1898.31
-855.064 685.615
1383.91 -3682.5
-1085.67 150.87
211.433 -5141.44
-283.914 3304.73
-245.265 -209.854
2367.33 -1325.59
1994.6 -2600.78
-109.037 -109.265
-292.764 319.564
-350.39 10.282
659.561 181.36
3283.18 -750.833
1758.5 -345.555
-1522.83 -829.578
-266.637 -1112.27
506.69 1226.28
-321.016 -2832.35
-205.936 -3511.22
935.688 -1180.93
193.191 -54.609
-358.157 390.242
-3909.6 -2924.45
227.51 590.614
-227.012 157.229
-1203.3 -260.378
315.137 -1022.56
131.845 246.944
2657.06 -2880.9
2950.7 3445.74
2072.99 3587.63
133.127 3835.36
946.964 1999.35
29.4491 296.985
-1249.01 2924.53
-3482.86 -717.839
68.0795 -1748.74
281.743 466.866
-2817.29 -26.1075
-2009.36 3155.93
2587.18 2341.85
1369.62 -2087.21
-449.973 1222.48
-810.001 3142.65
3298.01 -3381.92
-1996.92 -822.571
1430.32 -1200.76
4546.48 -2368.7
-3912.07 1287.85
1127.71 2050.15
920.092 -796.982
-736.833 426.524
-1633.58 -504.267
2484.94 2158.34
625.125 717.447
-3959.4 3553.73
216.012 -1860.19
-395.994 -2077.51
-856.255 -517.874
2076.68 -1124.22
-26.7159 127.496
-483.169 3659.9
-289.193 -878.49
1798.1 4331.21
-2609.11 3718.86
-2176.84 2937.01
223.293 10.4001
668.765 1026.86
-597.465 1722.71
-1497.66 -4428.58
-435.826 -2912.85
-33.0948 57.4854
-3297.08 -1799.12
-4530.14 1373.47
-904.274 287.107
2195.67 143.702
50.7329 211.172
-466.653 1965.5
-1602.18 -1365.49
-4475.03 1091.35
975.287 690.125
3573.26 410.61
-74.369 -2034.92
-2699.38 -2164.18
196.087 352.038
2302.85 4004.53
1783.8 4883.29
-3699.45 -1725.71
3279.84 -665.869
1733.89 -3507.62
2687.02 868.778
-4.96112 147.722
4222.59 2311.22
185.998 -1885.22
990.072 -806.053
-602.059 -2132.14
-1499.91 -2603.79
-3354.78 1841.72
-197.949 526.691
-208.285 247.166
-967.924 2442.24
-1870.15 4416.92
-198.013 1668.5
-1870.42 -1193.2
444.358 309.935
621.532 2810.62
751.035 -162.08
-4754.91 748.133
-662.033 -1046.39
-1166.74 -2454.4
1696.93 2620.56
3459.79 1194.09
-1781.97 1857.33
547.82 -1744.27
3139.05 -3726.92
-1465.72 490.755
-1604.81 -787.136
-35.918 59.6012
659.201 -85.0475
-139.685 1067.78
-125.696 403.858
-1114.63 -223.097
2885.47 -1891.24
-474.467 1541.35
1247.89 2320.24
-2410.81 690.768
448.395 -3380.71
481.37 -2928.58
2912.8 -4050.87
4583.89 1233.64
1991.95 1734.27
-963.819 864.439
4921.88 -2041.57
-496.903 -37.0843
-1101.28 -5036.63
1298.84 3363.3
1796.32 -3660.74
-1621.31 1104.35
-1153.21 1717.15
231.473 -279.118
-1763.4 -4137.41
1915.67 -690.895
1675 -494.912
423.502 774.637
1063.08 510.368
-896.61 -2075.09
-281.275 -39.1573
864.604 -2091.96
1258.93 2655.22
600.913 2667.16
2505.38 1019.2
-2815.22 1292.01
-285.308 -4970.84
1189.72 -83.3121
2765.45 2650.14
-4799.92 -1032.37
-1099.88 -1191.08
2570.5 244.471
-150.567 -86.1662
4351.13 1490.03
-4449.16 -1550.86
1993.27 2363.47
331.428 948.153
-778.117 3482.19
662.072 725.353
3020.56 -1662.56
931.792 3995.88
-59.6152 -1649.97
-588.569 -3186.22
114.823 336.367
-3667.03 912.679
1903.67 746.73
455.489 2437.8
1327.42 -657.451
5056.17 1034.52
-1758.6 -3708.91
114.741 -513.062
-345.632 -5207.67
-2615.78 3725.45
-1369.3 234.276
2760.49 2502.82
-3625.26 56.0899
3944.57 -1223.4
852.055 4831.55
152.051 1804.97
3741.89 -912.532
-86.1654 23.9572
2569.44 744.032
2607.87 -2365.41
1686.82 2221.55
2271.99 -4461.25
-4269.77 -62.5707
-647.467 3571.25


1472 -1737.27
-747.429 -282.777
-2463.46 303.834
-404.47 -4092.39
-2056.97 1868.4
215.14 2585.6
-513.073 467.98
992.085 4026.42
2554.32 535.238
-4757.66 -704.225
2469.42 -546.277
3371.55 2440.49
-60.8106 76.8285
380.212 -131.16
1336.77 -1184.45
-1806.69 3447.14
-3503.19 1339.9
-54.321 1875.94
-1490.42 -4279.02
-1585.52 -1534.17
4800.87 1987.54
1408.64 -1376.63
841.11 201.544
1744.03 -866.297
-185.982 1615.94
3103.66 -814.114
615.223 -192.172
3840.85 -36.3499
1762.63 -2270.4
-401.028 1855
505.693 3601.46
-4327.62 -2525.29
362.486 -1530.81
170.08 988.203
-1733.15 998.585
2184.75 238.371
3448.02 1992.21
1052.66 -2523.54
-1474.7 2051.88
620.505 -294.239
-1527.6 1045.2
-1170.32 3081.95
-3326.18 -1949.53
154.159 -3555.86
1655.52 2047.5
-2710.45 -727.886
-637.532 2568.14
422.36 317.633
-61.294 3648.02
-114.914 -481.822
-1231.1 -3749.02
-1303.01 2890.46
-14.9713 155.774
474.498 -712.377
413.066 1946.87
-1477.49 -4852.72
691.04 2622.77
-828.28 -5.43331
2819.03 -293.646
897.3 1019.09
1150.72 -3186.05
-1763.03 894.056
-1930.44 744.408
-4745.84 -2012.47
1571.37 -127.785
2920.29 -2527.12
-2805.68 2212.28
-4623.09 -383.036
4304.13 1146.64
-112.761 -192.019
2777.34 -1317.02
-935.23 4150.78
-453.719 -1631.21
-3075.84 -3336.09
-392.349 153.293
-1249.2 -2081.52
-1298.62 2514.76
1793.98 3765.14
1585.28 593.574
4118.5 1166.5
-1023.37 -1521.33
-3069.4 1745.43
124.609 -1922.74
-2014.63 -1317.6
641.851 -287.572
2925.3 1980.24
571.308 -373.03
-3723.71 3071.08
278.306 -1106.86
-2943.93 -281.489
932.779 -65.4682
-3620.82 -79.1588
1787.72 -1741.56
-1501.21 4543.08
-3989.35 3118.47
4587.91 1541.37
1337.4 2306.81
1770.79 989.304
-625.582 2209.6
1297.2 -2156.2
2891.66 -174.772
-6.39303 -1179.69
717.986 1356.26
-409.277 -120.503
2142.6 -180.004
1579.3 -1144.85
-1651.99 1375.2
0.572783 185.949
302.798 13.1556
-2689.12 -2986.66
2474.06 4400.24
-3824.04 3480.07
-977.735 -2390.78
-569.79 -4378.67
1467.68 2031.27
-2593.8 -156.274
2333.65 -1711.47
3505 -1756.33
5012.82 -1119.07
-106.836 -2419.86
-1892.73 -3463.31
-3589.33 -3880
3626.45 3058.21
4364.9 -1851.6
-3811.96 2815.59
3232.62 -3068.82
-3081.79 1488.73
2407.82 3463.81
2587.59 2463.04
-3392.25 -1506.76
-937.728 1561.95
-846.229 140.492
214.255 1700.17
-46.4895 838.831
3461.27 -954.243
809.965 -1525.36
-2268.44 798.542
220.062 2391.04
1660.8 -945.031
-600.994 -971.963
3495.55 -2242.76
5112.21 1423.06
-2712.08 3530.42
-4108.09 271.761
1722.69 2900.26
-4633.52 605.09
4616.37 -2506.52
-2010.22 1793.75
572.506 -576.926
4330.49 -2128.64
410.283 -1067.97
-1270.59 -4001.33
-3345.84 -805.893
-1286.05 3318.54
3629.25 -1538.02
1435.39 -3725.51
939.731 -2684.81
-1096.33 3710.83
-147.615 -525.499
-1423.33 1373.05
-446.76 -920.547
-2348.65 4069.82
3291.6 -261.701
-2270.22 -2909.77
-1219.84 417.127
3588.23 3466.12
603.785 -159.378
-994.903 -137.258
-3163.46 23.522
2473.91 -2941.12
3959.43 895.164
2407.34 -1102.13
-4777.19 -797.45
949.941 4393.61
414.731 -47.3272
-1157.75 64.1312
-379.497 -648.273
-2677.34 -3677.61
344.942 4478.14
1446.4 254.046
-96.4178 43.5978
-102.68 1680.42
3741.19 3131.98
2587.5 -444.791
3632.4 512.623
-385.028 1297.5
-3204.85 3705.82
-384.221 1195.56
4504.63 1643.71
295.975 122.776
-14.9164 -213.232
-248.73 -107.984
-4823.15 -1527.22
1803.15 880.203
-999.603 -5198.44
-482.523 137.033
2189.15 -1560.62
1430.63 1711.15
5118.3 269.688
3661.1 1422.35
1890.94 1489.53
3205.1 3312.76
2104.45 1395.99
-852.233 -394.737
-4060.08 1654.23
-2528.65 -266.848
1752.64 448.778
-2573.45 1364.38
-3390.58 3782.46
1489.17 1627.84
-319.661 -761.67
-1263.54 133.727
3575.14 -3466.22
331.42 892.566
1802.17 -1389.28
-1476.21 1496.16
-298.22 -1650.89
-702.942 43.4616
2799.71 4482.58
-4267.48 -1957.29
-450 -4299.72
4240.06 -868.445
3961.62 -2944.26
-363.485 312.894
-3783.74 158.435
2894.29 -2675.51
-15.6245 1313.42
-931.786 3818.38
-716.134 3230.56
2509.9 3804.47
829.596 553.953
208.468 95.681
46.3735 -1559.24
1042.77 -1930.98
-3012.27 -338.084
-145.502 3145.5
-4968.38 381.381
847.53 4954.79
855.529 35.9745
-643.836 -2657.83
1814.49 -1376.51
-72.2273 -305.286
1194.55 3183.63
434.511 -589.359
1724.33 2906.54
16.7605 -3389.22
-965.04 -2490.65
-1947.63 -2114.08
482.583 -4482.43
-745.94 2135.77
619.754 -482.978
-73.805 -4252.23
-1218.92 217.964
-1761.46 -296.97
389.195 1182.09
93.2117 -3308
-615.707 1201.35
775.683 -1671.01
-2397.36 -2523.61
4075.93 1084.1
1427.38 2933.35
1555.71 263.651
1799.93 4151.44
-3092.81 -522.052
-273.167 -4785.89
-1531.68 1175.37
-2209.92 -1902.17
2071.17 -422.626
-3860.07 -2319.33
-157.405 272.756
2790.09 -30.5665
-522.877 3539.65
2047.76 2123.72
-1281.24 -4060.99
-2110.46 -1800.47
1799.63 -143.826
-4743.6 261.053
2748.32 -2346.9
402.121 -1134.1
723.08 -1948.81
-1039.63 2873.85
4717.81 -1175.25
-875.217 -770.171
-1364.53 3316.01
1570.67 -3017.48
611.966 1657.21
1741.87 955.478
-1103.07 -5152.86
2750.1 -794.555
-1786.45 3006.79
535.201 376.947
1234.15 -2859.92
1424.8 638.567
650.439 -29.2301
-1427.7 2770.93
-2044.3 -2835.96
3521.53 363.659
414.424 718.94
-2576.39 -775.894
1036.64 2854.15
-1181.53 1758.01
2257.99 -1427.56
1076.02 2753.63
-366.661 -268.941
2850.02 -4148.18
-3173.41 -139.165
807.619 1901.81
-862.47 673.228
1391.54 -3679.64
-1088.6 135.181
219.208 -5141.22
-293.379 3304.1
-229.465 -234.539
2371.76 -1317.33
2001.01 -2595.62
-71.8573 -136.377
-309.385 302.457
-349.021 -20.1931
656.856 200.823
3284.86 -742.778
1761.72 -332.9
-1516.8 -839.407
-251.329 -1117.86
493.323 1232.93
-311.204 -2833.57
-198.021 -3511.51
947.403 -1172.91
201.841 -13.6734
-374.78 375.947
-3905.15 -2930.44
208.32 598.056
-239.868 129.909
-1200.59 -275.114
330.958 -1018.76
103.225 260.514
2662.56 -2875.67
2944.53 3451.17
2065.77 3591.91
124.483 3835.75
937.354 2003.71
-0.019024 299.606
-1257.32 2920.97
-3481.17 -726.966
80.5407 -1748.42
264.381 478.793
-2817.29 -36.002
-2016.82 3151.31
2581.05 2348.91
1377.41 -2081.73
-462.6 1217.12
-818.73 3140.41
3303.72 -3376.47
-1992.68 -832.341
1436.72 -1192.06
4549.99 -2362.07
-3914.35 1280.66
1118.37 2055.36
930.377 -785.917
-745.425 411.124
-1630.12 -516.616
2478.76 2165.81
613.25 730.113
-3963.89 3548.69
226.986 -1858.43
-385.846 -2078.96
-847.859 -531.883
2081.97 -1114.76
-72.8936 109.221
-491.801 3658.83
-273.229 -881.862
1791.53 4333.87
-2614.92 3714.7
-2183.78 2931.91
216.231 46.0938
656.625 1032.85
-608.669 1718.73
-1490.81 -4430.85
-426.632 -2914.18
-71.0831 -7.15454
-3293.21 -1806.02
-4532.24 1366.48
-910.842 271.132
2194.57 153.695
13.526 220.152
-478.555 1963.14
-1595.15 -1372.99
-4476.97 1083.67
966.636 702.155
3572.37 419.687
-63.1909 -2035.23
-2693.69 -2171.55
170.811 363.154
2296.78 4007.92
1777.61 4885.48
-3696.12 -1732.74
3281.97 -656.506
1741.03 -3504.05
2684.05 877.703
-50.2261 136.995
4219.27 2317.09
198.111 -1884.28
998.809 -794.878
-591.476 -2135.21
-1491.51 -2608.81
-3358.54 1834.73
-217.766 516.698
-232.865 227.528
-976.318 2438.58
-1877.32 4413.96
-211.288 1667.59
-1864.57 -1202.48
430.2 327.555
613.05 2812.19
756.082 -143.958
-4755.86 741.491
-649.843 -1052.54
-1157.4 -2459.13
1689.72 2624.99
3457.05 1201.93
-1789.5 1850.25
558.401 -1740.42
3145.22 -3721.87
-1468.89 478.937
-1599.69 -799.125
-67.5838 -7.60528
665.013 -66.4743
-155.466 1066.05
-148.401 395.169
-1112.52 -238.817
2889.69 -1884.47
-487.627 1538.04
1238.87 2325.25
-2413.05 681.681
457.204 -3379.58
489.654 -2926.92
2918.84 -4046.56
4581.92 1241.2
1985.4 1741.8
-975.054 854.009
4924.78 -2034.75
-490.773 -60.494
-1094.77 -5037.99
1290.76 3366.47
1803.26 -3657.28
-1626.89 1095.22
-1163.67 1710.83
247.256 -257.804
-1756.98 -4140.03
1919.19 -680.486
1677.92 -483.558
408.214 782.799
1055.92 522.69
-886.947 -2079.1
-274.385 -68.1876
874.593 -2087.86
1249.97 2659.69
592.237 2668.77
2501.67 1028.66
-2819.14 1283.56
-278.133 -4971.25
1190.67 -68.4937
2759.78 2656.03
-4798.43 -1038.91
-1090.51 -1199.75
2569.42 254.049
-126.171 -119.969
4348.66 1497.33
-4446.67 -1558.1
1986.7 2368.69
316.021 955.102
-786.762 3480.33
650.518 737.894
3024.51 -1655.19
923.499 3997.94
-46.2209 -1651.16
-579.942 -3187.75
87.8656 344.86
-3669.39 903.934
1899.38 756.221
446.076 2439.23
1332.98 -645.616
5054.76 1041.28
-1751.71 -3712.1
136.815 -507.512
-339.089 -5208.03
-2622.44 3720.88
-1371.3 220.886
2754.59 2509.52
-3625.55 47.0168
3946.58 -1216.46
844.331 4833
139.172 1806.78
3743.9 -904.414
-65.1232 -38.2667
2566.74 754.033
2613.04 -2359.45
1679.14 2227.35
2278.51 -4457.95
-4269.54 -69.6705
-654.915 3569.69


1479.7 -1730.46
-739.304 -298.714
-2464.19 294.565
-396.912 -4093.06
-2063.27 1861.34
204.291 2586.89
-526.955 454.078
984.415 4028.3
2552.28 545.115
-4756.58 -711.565
2471.45 -536.579
3366.75 2447.27
-89.7409 27.3257
384.002 -106.954
1344.19 -1175.5
-1813.89 3443.35
-3506.26 1331.97
-66.8111 1876.05
-1482.87 -4281.74
-1578.07 -1541.56
4798.26 1993.71
1416.26 -1368.48
839.326 219.601
1748.48 -856.336
-197.36 1613.68
3105.77 -805.679
622.995 -173.625
3841.1 -27.4009
1770.39 -2264.48
-411.785 1852.22
497.702 3602.48
-4324.21 -2530.96
376.243 -1528.55
153.736 992.62
-1737.79 989.276
2183.99 250.21
3443.93 1999.34
1061.81 -2519.77
-1482.73 2045.99
629.782 -276.809
-1535.2 1035.07
-1178.47 3078.81
-3322.22 -1956.01
162.175 -3555.38
1647.71 2053.87
-2707.95 -737.269
-647.382 2565.78
407.608 335.148
-70.0744 3647.96
-91.466 -485.981
-1223.09 -3751.74
-1310.35 2886.86
-59.0673 145.251
488.184 -701.756
402 1949.09
-1470.09 -4855.07
682.084 2624.89
-831.417 -23.6857
2819.74 -284.683
886.833 1028.38
1158.44 -3183.12
-1768.24 883.785
-1934.51 733.883
-4743.18 -2018.59
1572.09 -115.202
2925.07 -2521.36
-2810.6 2205.85
-4622.48 -390.514
4302.16 1153.98
-80.3743 -208.257
2781.03 -1308.97
-943.138 4149.05
-442.466 -1633.54
-3070.16 -3341.38
-400.749 129.498
-1240.41 -2086.7
-1307.73 2510.29
1787.12 3768.33
1580.73 604.725
4116.36 1174.15
-1013.45 -1527.99
-3073.97 1737.63
136.057 -1921.87
-2009.09 -1325.3
652.801 -271.781
2920.45 1987.46
584.275 -358.452
-3727.86 3065.88
291.513 -1101.72
-2942.85 -289.99
934.819 -48.4268
-3620.47 -86.8763
1795.38 -1734.02
-1507.94 4540.81
-3994.22 3112.39
4585.69 1547.62
1328.69 2311.96
1765.23 997.95
-636.27 2206.77
1305.24 -2151.05
2891.86 -166.206
8.5536 -1179.71
706.586 1361.85
-401.359 -143.892
2142.87 -170.025
1584.99 -1135.92
-1658.31 1367.01
-41.0884 179.108
300.118 43.5716
-2683.36 -2991.74
2468.11 4403.52
-3829.22 3474.49
-967.713 -2395.33
-561.474 -4379.9
1458.94 2038.06
-2593.39 -166.847
2338.67 -1704.23
3509.03 -1748.59
5014.13 -1112.79
-96.2106 -2420.44
-1885.26 -3467.51
-3584.49 -3884.39
3621.45 3064.26
4367.8 -1844.76
-3816.5 2809.5
3237.39 -3063.64
-3086.15 1480.23
2400.95 3468.74
2581.42 2469.75
-3388.83 -1514.49
-947.185 1555.71
-851.284 123.081
201.135 1702.63
-64.7471 840.177
3463.3 -946.449
819.687 -1519.38
-2271.89 788.713
209.416 2392.14
1667.15 -934.578
-588.043 -978.953
3499.9 -2236.03
5110.27 1430.27
-2717.46 3526.12
-4108.43 264.524
1715.79 2904.11
-4634.61 597.316
4619.46 -2500.71
-2016.54 1786.53
583.786 -563.231
4333.98 -2121.71
425.127 -1063.05
-1262.79 -4003.88
-3343.79 -813.562
-1294.07 3315.44
3632.59 -1530.31
1442.34 -3722.7
947.877 -2681.65
-1104.03 3708.51
-125.007 -528.046
-1430.13 1365.08
-432.333 -928.698
-2354.95 4066.16
3292.58 -252.138
-2263.91 -2914.54
-1223.08 404.089
3582.87 3471.8
610.308 -140.002
-995.1 -154.551
-3163.47 14.6217
2480.55 -2935.65
3957.67 902.599
2411.61 -1092.97
-4775.98 -804.753
942.963 4395.03
416.741 -22.0263
-1159.18 48.7366
-362.65 -656.287
-2671.07 -3682.22
337.911 4478.58
1445.12 268.517
-116.853 -6.28542
-116.078 1680.38
3736.58 3137.45
2589.3 -434.775
3631.15 520.19
-398.166 1293.35
-3210.85 3700.75
-398.117 1191.17
4502.04 1651
280.902 148.332
22.5837 -211.353
-232.927 -137.09
-4820.94 -1534.31
1798.16 890.792
-992.552 -5199.82
-488.301 116.38
2194.34 -1552.95
1422.41 1717.85
5117.92 276.704
3658.09 1430.32
1884.73 1496.76
3199.55 3318.2
2098.94 1403.86
-844.114 -408.892
-4063.37 1646.52
-2527.85 -277.749
1749.95 461.152
-2578.43 1355.53
-3396.35 3777.39
1480.82 1636.12
-302.852 -765.305
-1263.7 120.245
3579.77 -3461.33
315.753 898.852
1807.7 -1381.28
-1484.13 1488.33
-285.96 -1653.04
-707.024 24.5286
2794.07 4486.03
-4264.45 -1963.77
-441.781 -4300.68
4241.46 -861.237
3965.53 -2938.85
-376.919 292.099
-3783.87 150.964
2899.58 -2669.71
-28.5201 1311.79
-939.176 3816.46
-724.504 3228.63
2503.17 3809.04
820.855 568.005
192.196 127.549
59.2369 -1558.74
1052.39 -1925.79
-3011.04 -346.327
-155.219 3145.24
-4968.77 374.863
840.732 4955.91
855.066 53.6925
-634.012 -2660.36
1821.28 -1367.84
-43.0355 -311.675
1186.96 3186.28
451.53 -580.549
1716.92 2910.84
25.7064 -3389.23
-956.466 -2493.64
-1940.82 -2120.17
489.552 -4481.58
-756.787 2132.32
632.019 -468.988
-65.9188 -4252.38
-1222.32 203.222
-1759.17 -308.406
375.425 1186.39
101.493 -3307.6
-629.282 1195.51
786.326 -1665.94
-2391.38 -2529.1
4073.92 1091.61
1419.85 2936.81
1554.22 277.338
1793.32 4154.22
-3091.34 -531.413
-265.381 -4786.41
-1538.86 1166.09
-2203.56 -1909.82
2073.44 -411.663
-3856.36 -2325.33
-182.256 259.197
2790.07 -21.231
-530.926 3538.37
2041.04 2130.15
-1273.17 -4063.68
-2104.05 -1808.18
1799.74 -132.84
-4744.04 253.519
2753.87 -2340.41
414.705 -1128.18
733.505 -1944.88
-1048.18 2870.71
4719.68 -1167.91
-865.69 -782.707
-1372.35 3312.77
1577.65 -3013.62
601.339 1660.23
1736.33 965.46
-1096.42 -5154.25
2752.23 -786.121
-1794.39 3002.24
520.981 391.232
1241.68 -2856.39
1419.51 650.503
653.795 -9.68272
-1436.07 2766.7
-2036.99 -2841.38
3520.74 372.716
398.881 727.893
-2573.54 -785.199
1027.55 2857.61
-1191.08 1751.78
2263.15 -1419.29
1067.39 2756.95
-348.552 -287.222
2855.8 -4144.18
-3172.8 -147.341
797.996 1905.25
-869.702 660.706
1399.16 -3676.76
-1091.32 119.465
226.982 -5140.99
-302.843 3303.44
-211.837 -257.359
2376.17 -1309.05
2007.41 -2590.44
-28.5576 -151.877
-324.955 284.322
-345.369 -50.536
653.609 220.119
3286.52 -734.718
1764.86 -320.23
-1510.7 -849.194
-235.977 -1123.26
479.902 1239.44
-301.389 -2834.77
-190.106 -3511.78
959.046 -1164.8
203.239 27.7621
-390.722 360.969
-3900.69 -2936.43
188.909 604.866
-249.333 100.757
-1197.7 -289.811
346.709 -1014.74
73.2643 270.701
2668.05 -2870.42
2938.36 3456.6
2058.55 3596.17
115.839 3836.13
927.721 2008.02
-29.4875 299.066
-1265.63 2917.39
-3479.46 -736.09
92.9981 -1748
246.581 489.927
-2817.27 -45.896
-2024.27 3146.66
2574.9 2355.95
1385.17 -2076.23
-475.173 1211.62
-827.452 3138.15
3309.41 -3371.01
-1988.39 -842.09
1443.06 -1183.3
4553.49 -2355.45
-3916.61 1273.48
1109 2060.52
940.527 -774.738
-753.696 395.548
-1626.57 -528.938
2472.56 2173.27
601.189 742.557
-3968.37 3543.63
237.951 -1856.59
-375.686 -2080.35
-839.24 -545.752
2087.21 -1105.28
-108.704 75.3584
-500.43 3657.74
-257.174 -884.936
1784.97 4336.52
-2620.74 3710.54
-2190.71 2926.8
203.282 80.5269
644.39 1038.7
-619.847 1714.68
-1483.96 -4433.11
-417.433 -2915.49
-25.693 -65.9666
-3289.32 -1812.91
-4534.33 1359.48
-917.13 255.075
2193.42 163.683
-24.0608 223.095
-490.442 1960.72
-1588.08 -1380.46
-4478.9 1075.99
957.837 714.076
3571.47 428.763
-52.0107 -2035.47
-2687.98 -2178.9
144.805 372.717
2290.7 4011.29
1771.43 4887.65
-3692.78 -1739.77
3284.08 -647.139
1748.17 -3500.46
2681.06 886.619
-90.359 112.362
4215.94 2322.95
210.215 -1883.27
1007.42 -783.603
-580.878 -2138.22
-1483.1 -2613.8
-3362.28 1827.73
-237.248 505.912
-255.549 206.034
-984.698 2434.88
-1884.49 4410.98
-224.551 1666.59
-1858.67 -1211.74
415.304 344.612
604.561 2813.73
760.687 -125.751
-4756.79 734.847
-637.563 -1058.54
-1148.05 -2463.82
1682.49 2629.4
3454.29 1209.77
-1796.99 1843.15
568.958 -1736.49
3151.37 -3716.81
-1471.94 467.084
-1594.51 -811.077
-28.9279 -67.3739
670.227 -47.8413
-171.214 1064.1
-170.563 385.034
-1110.21 -254.494
2893.9 -1877.68
-500.757 1534.64
1229.83 2330.23
-2415.24 672.583
466.01 -3378.43
497.932 -2925.23
2924.87 -4042.25
4579.95 1248.77
1978.83 1749.3
-986.173 843.477
4927.67 -2027.91
-483.536 -83.7671
-1088.26 -5039.34
1282.67 3369.61
1810.2 -3653.8
-1632.42 1086.05
-1174.09 1704.46
261.525 -234.913
-1750.55 -4142.63
1922.66 -670.055
1680.77 -472.18
392.769 790.66
1048.59 534.928
-877.264 -2083.06
-264.029 -96.3553
884.563 -2083.7
1241 2664.13
583.554 2670.34
2497.93 1038.11
-2823.03 1275.11
-270.957 -4971.64
1191.44 -53.6646
2754.1 2661.91
-4796.93 -1045.44
-1081.08 -1208.35
2568.3 263.622
-94.4701 -146.831
4346.18 1504.62
-4444.18 -1565.34
1980.11 2373.9
300.533 961.803
-795.402 3478.46
638.783 750.231
3028.44 -1647.82
915.202 3999.99
-32.8239 -1652.26
-571.31 -3189.26
60.364 351.219
-3671.73 895.185
1895.04 765.689
436.654 2440.63
1338.43 -633.729
5053.34 1048.05
-1744.8 -3715.27
158.634 -501.015
-332.545 -5208.39
-2629.09 3716.3
-1373.17 207.473
2748.69 2516.21
-3625.82 37.9434
3948.57 -1209.51
836.606 4834.45
126.287 1808.5
3745.9 -896.292
9.06607 -60.6994
2564 764.024
2618.19 -2353.48
1671.44 2233.12
2285.02 -4454.63
-4269.29 -76.7701
-662.359 3568.12


1487.37 -1723.6
-730.791 -314.494
-2464.87 285.291
-389.352 -4093.72
-2069.54 1854.25
193.438 2588.14
-540.417 439.816
976.741 4030.17
2550.21 554.984
-4755.49 -718.904
2473.44 -526.873
3361.93 2454.03
-79.9248 -33.017
386.116 -82.2823
1351.55 -1166.51
-1821.09 3439.55
-3509.31 1324.04
-79.2986 1876.09
-1475.32 -4284.44
-1570.59 -1548.91
4795.63 1999.89
1423.82 -1360.28
837.202 237.569
1752.86 -846.345
-208.727 1611.32
3107.86 -797.238
630.149 -154.905
3841.34 -18.4517
1778.13 -2258.54
-422.527 1849.38
489.708 3603.48
-4320.8 -2536.62
389.975 -1526.18
137.351 996.778
-1742.36 979.934
2183.18 262.044
3439.83 2006.46
1070.94 -2515.97
-1490.73 2040.07
638.541 -259.151
-1542.73 1024.9
-1186.6 3075.64
-3318.25 -1962.49
170.191 -3554.88
1639.87 2060.22
-2705.42 -746.643
-657.224 2563.37
392.104 352.045
-78.8544 3647.87
-67.8123 -489.046
-1215.06 -3754.43
-1317.67 2883.25
-98.4044 123.009
501.663 -690.838
390.921 1951.25
-1462.69 -4857.41
673.12 2626.98
-834.17 -41.9271
2820.43 -275.717
876.273 1037.55
1166.15 -3180.16
-1773.38 873.484
-1938.53 723.337
-4740.51 -2024.7
1572.71 -102.611
2929.83 -2515.58
-2815.51 2199.42
-4621.85 -397.991
4300.19 1161.31
-45.8628 -218.994
2784.69 -1300.91
-951.042 4147.31
-431.189 -1635.78
-3064.47 -3346.65
-407.67 105.226
-1231.59 -2091.85
-1316.82 2505.78
1780.25 3771.52
1576.1 615.843
4114.21 1181.78
-1003.48 -1534.59
-3078.52 1729.82
147.5 -1920.93
-2003.51 -1332.97
663.256 -255.783
2915.58 1994.67
596.757 -343.575
-3732 3060.68
304.668 -1096.39
-2941.74 -298.488
936.557 -31.3698
-3620.1 -94.5933
1803.02 -1726.46
-1514.67 4538.53
-3999.09 3106.3
4583.47 1553.86
1319.96 2317.08
1759.61 1006.57
-646.943 2203.9
1313.26 -2145.85
2892.04 -157.639
23.4989 -1179.54
695.135 1367.34
-392.016 -166.769
2143.09 -160.041
1590.63 -1126.95
-1664.59 1358.79
-80.7379 163.546
294.388 73.545
-2677.59 -2996.81
2462.16 4406.79
-3834.4 3468.9
-957.677 -2399.84
-553.157 -4381.11
1450.18 2044.82
-2592.95 -177.418
2343.67 -1696.97
3513.04 -1740.84
5015.42 -1106.51
-85.5839 -2420.98
-1877.77 -3471.69
-3579.65 -3888.76
3616.44 3070.3
4370.7 -1837.92
-3821.03 2803.4
3242.15 -3058.45
-3090.49 1471.72
2394.07 3473.65
2575.23 2476.44
-3385.4 -1522.22
-956.601 1549.4
-855.984 105.619
188.005 1705.01
-82.976 841.149
3465.31 -938.649
829.368 -1513.33
-2275.3 778.868
198.766 2393.2
1673.43 -924.09
-574.989 -985.77
3504.23 -2229.29
5108.33 1437.48
-2722.83 3521.81
-4108.75 257.286
1708.89 2907.93
-4635.68 589.541
4622.53 -2494.9
-2022.83 1779.28
594.775 -549.256
4337.46 -2114.77
439.897 -1057.94
-1254.98 -4006.41
-3341.72 -821.226
-1302.1 3312.32
3635.91 -1522.58
1449.29 -3719.88
956.012 -2678.46
-1111.73 3706.18
-102.187 -529.698
-1436.89 1357.06
-417.801 -936.621
-2361.24 4062.48
3293.53 -242.574
-2257.59 -2919.29
-1226.17 391.003
3577.51 3477.48
616.162 -120.472
-995.039 -171.804
-3163.45 5.72125
2487.19 -2930.16
3955.9 910.031
2415.85 -1083.79
-4774.76 -812.053
935.982 4396.44
417.171 3.35811
-1160.42 33.3338
-345.574 -663.886
-2664.79 -3686.83
330.879 4479.01
1443.71 282.965
-112.855 -55.3624
-129.469 1680.24
3731.96 3142.91
2591.07 -424.753
3629.88 527.755
-411.262 1289.07
-3216.84 3695.68
-411.961 1186.63
4499.43 1658.28
263.358 172.581
59.3848 -202.964
-213.74 -164.203
-4818.73 -1541.4
1793.12 901.353
-985.498 -5201.19
-493.027 95.4761
2199.5 -1545.26
1414.16 1724.52
5117.52 283.718
3655.07 1438.29
1878.49 1503.96
3193.98 3323.63
2093.39 1411.7
-835.724 -422.915
-4066.64 1638.81
-2527.02 -288.646
1747.18 473.506
-2583.37 1346.66
-3402.11 3772.32
1472.44 1644.36
-285.898 -768.576
-1263.71 106.747
3584.4 -3456.44
299.989 904.863
1813.18 -1373.25
-1492.01 1480.45
-273.686 -1655.1
-710.572 5.57696
2788.42 4489.48
-4261.42 -1970.24
-433.561 -4301.63
4242.84 -854.025
3969.44 -2933.43
-389.403 270.569
-3783.98 143.492
2904.85 -2663.89
-41.4124 1310.02
-946.561 3814.53
-732.868 3226.66
2496.42 3813.6
811.896 581.907
171.341 156.378
72.0962 -1558.13
1061.99 -1920.55
-3009.79 -354.568
-164.935 3144.96
-4969.16 368.344
833.933 4957.01
854.242 71.3878
-624.18 -2662.85
1828.02 -1359.14
-13.4531 -315.238
1179.35 3188.91
468.245 -571.35
1709.49 2915.13
34.6523 -3389.21
-947.88 -2496.59
-1933.98 -2126.23
496.52 -4480.72
-767.618 2128.84
643.938 -454.742
-58.0324 -4252.52
-1225.55 188.453
-1756.81 -319.828
361.604 1190.52
109.774 -3307.18
-642.791 1189.55
796.937 -1660.81
-2385.38 -2534.58
4071.89 1099.11
1412.31 2940.25
1552.62 291.006
1786.71 4157
-3089.85 -540.77
-257.594 -4786.91
-1545.98 1156.76
-2197.17 -1917.46
2075.65 -400.689
-3852.63 -2331.32
-205.49 243.339
2790.01 -11.8953
-538.971 3537.06
2034.3 2136.56
-1265.1 -4066.36
-2097.61 -1815.87
1799.77 -121.848
-4744.46 245.984
2759.4 -2333.92
427.225 -1122.08
743.909 -1940.9
-1056.72 2867.55
4721.54 -1160.56
-856.02 -795.113
-1380.18 3309.51
1584.62 -3009.73
590.684 1663.18
1730.74 975.41
-1089.77 -5155.63
2754.33 -777.679
-1802.32 2997.67
506.255 405.137
1249.2 -2852.84
1414.13 662.394
656.523 9.87393
-1444.43 2762.44
-2029.68 -2846.78
3519.92 381.77
383.152 736.508
-2570.65 -794.493
1018.45 2861.05
-1200.6 1745.5
2268.27 -1411
1058.74 2760.24
-329.406 -304.648
2861.57 -4140.18
-3172.16 -155.516
788.35 1908.63
-876.759 648.05
1406.78 -3673.86
-1093.82 103.725
234.755 -5140.75
-312.303 3302.76
-192.6 -278.228
2380.55 -1300.76
2013.8 -2585.24
17.1636 -154.548
-339.416 265.217
-339.447 -80.5466
649.828 239.236
3288.16 -726.652
1767.92 -307.546
-1504.52 -858.938
-220.585 -1128.46
466.427 1245.8
-291.57 -2835.93
-182.189 -3512.03
970.616 -1156.6
197.64 68.2544
-405.961 345.341
-3896.22 -2942.41
169.299 611.037
-255.115 70.1208
-1194.65 -304.467
362.386 -1010.5
42.3545 277.381
2673.52 -2865.16
2932.17 3462.02
2051.32 3600.42
107.194 3836.49
918.066 2012.29
-58.6481 295.399
-1273.93 2913.79
-3477.73 -745.208
105.451 -1747.51
228.377 500.257
-2817.2 -55.7895
-2031.71 3142
2568.74 2362.98
1392.91 -2070.69
-487.689 1205.97
-836.169 3135.87
3315.09 -3365.54
-1984.05 -851.817
1449.35 -1174.5
4556.99 -2348.82
-3918.86 1266.28
1099.61 2065.63
950.541 -763.446
-761.642 379.801
-1622.95 -541.233
2466.35 2180.7
588.945 754.775
-3972.85 3538.57
248.907 -1854.68
-365.517 -2081.68
-830.399 -559.477
2092.41 -1095.77
-129.389 30.9799
-509.057 3656.64
-241.031 -887.711
1778.39 4339.16
-2626.54 3706.36
-2197.63 2921.68
184.604 112.684
632.063 1044.4
-630.998 1710.56
-1477.11 -4435.36
-408.229 -2916.76
42.2288 -61.2174
-3285.42 -1819.79
-4536.4 1352.49
-923.136 238.939
2192.22 173.667
-61.0313 220.241
-502.313 1958.24
-1580.96 -1387.89
-4480.83 1068.31
948.889 725.888
3570.54 437.835
-40.829 -2035.66
-2682.26 -2186.24
118.173 380.668
2284.62 4014.66
1765.23 4889.82
-3689.42 -1746.8
3286.16 -637.767
1755.29 -3496.86
2678.03 895.524
-120.937 75.8951
4212.6 2328.81
222.312 -1882.19
1015.9 -772.229
-570.266 -2141.18
-1474.67 -2618.76
-3366.01 1820.72
-256.362 494.341
-276.201 182.901
-993.064 2431.14
-1891.65 4407.99
-237.801 1665.5
-1852.72 -1220.96
399.692 361.075
596.067 2815.24
764.849 -107.471
-4757.72 728.202
-625.194 -1064.4
-1138.68 -2468.48
1675.25 2633.78
3451.52 1217.6
-1804.46 1836.02
579.491 -1732.49
3157.52 -3711.75
-1474.9 455.199
-1589.25 -822.992
44.1935 -58.2878
674.848 -29.166
-186.926 1061.92
-192.095 373.478
-1107.7 -270.126
2898.09 -1870.88
-513.855 1531.14
1220.77 2335.18
-2417.4 663.473
474.813 -3377.25
506.206 -2923.51
2930.89 -4037.93
4577.96 1256.33
1972.23 1756.77
-997.173 832.844
4930.55 -2021.08
-475.184 -106.847
-1081.75 -5040.68
1274.58 3372.74
1817.13 -3650.32
-1637.89 1076.84
-1184.48 1698.04
274.11 -210.511
-1744.12 -4145.22
1926.07 -659.603
1683.53 -460.779
377.172 798.216
1041.09 547.08
-867.561 -2086.98
-250.274 -123.282
894.513 -2079.5
1232.01 2668.55
574.863 2671.87
2494.15 1047.55
-2826.9 1266.64
-263.78 -4972.03
1192.02 -38.8273
2748.41 2667.77
-4795.41 -1051.97
-1071.58 -1216.87
2567.13 273.192
-57.348 -165.273
4343.69 1511.91
-4441.67 -1572.57
1973.51 2379.08
284.967 968.256
-804.038 3476.56
626.871 762.36
3032.35 -1640.44
906.902 4002.02
-19.4251 -1653.27
-562.675 -3190.74
32.49 355.411
-3674.06 886.431
1890.64 775.134
427.225 2441.98
1343.77 -621.791
5051.91 1054.81
-1737.89 -3718.43
180.156 -493.58
-326 -5208.73
-2635.73 3711.7
-1374.91 194.041
2742.76 2522.89
-3626.08 28.8698
3950.55 -1202.56
828.879 4835.88
113.397 1810.15
3747.87 -888.166
55.2985 12.1362
2561.23 774.005
2623.33 -2347.49
1663.73 2238.87
2291.53 -4451.31
-4269.03 -83.8694
-669.8 3566.52


1495.01 -1716.71
-721.891 -330.108
-2465.52 276.011
-381.791 -4094.36
-2075.78 1847.15
182.583 2589.35
-553.453 425.205
969.064 4032.03
2548.09 564.845
-4754.39 -726.24
2475.39 -517.158
3357.11 2460.79
-26.2755 -73.0863
386.491 -57.2404
1358.85 -1157.45
-1828.28 3435.73
-3512.35 1316.1
-91.783 1876.05
-1467.76 -4287.13
-1563.06 -1556.22
4793 2006.05
1431.34 -1352.04
834.74 255.442
1757.19 -836.324
-220.081 1608.87
3109.93 -788.79
636.683 -136.034
3841.56 -9.50247
1785.84 -2252.57
-433.252 1846.47
481.711 3604.47
-4317.37 -2542.27
403.68 -1523.72
120.931 1000.68
-1746.88 970.56
2182.32 273.871
3435.71 2013.58
1080.07 -2512.14
-1498.71 2034.12
646.778 -241.281
-1550.2 1014.68
-1194.73 3072.45
-3314.26 -1968.95
178.205 -3554.36
1632.01 2066.54
-2702.86 -756.009
-667.056 2560.94
375.873 368.289
-87.634 3647.77
-44.0052 -491.003
-1207.04 -3757.11
-1324.99 2879.6
-129.927 90.9801
514.927 -679.624
379.829 1953.34
-1455.29 -4859.74
664.146 2629.03
-836.543 -60.1495
2821.08 -266.748
865.621 1046.61
1173.85 -3177.18
-1778.46 863.154
-1942.49 712.77
-4737.83 -2030.81
1573.23 -90.013
2934.59 -2509.8
-2820.4 2192.97
-4621.21 -405.467
4298.2 1168.64
-10.1473 -223.987
2788.33 -1292.84
-958.943 4145.56
-419.889 -1637.93
-3058.77 -3351.92
-413.087 80.5653
-1222.75 -2096.95
-1325.9 2501.25
1773.37 3774.69
1571.39 626.928
4112.05 1189.42
-993.466 -1541.12
-3083.06 1722
158.937 -1919.91
-1997.9 -1340.61
673.218 -239.596
2910.69 2001.87
608.749 -328.416
-3736.13 3055.47
317.768 -1090.86
-2940.59 -306.983
937.994 -14.3027
-3619.71 -102.31
1810.62 -1718.86
-1521.39 4536.23
-4003.95 3100.21
4581.24 1560.1
1311.22 2322.16
1753.94 1015.15
-657.603 2200.98
1321.25 -2140.63
2892.18 -149.069
38.4404 -1179.17
683.633 1372.73
-381.278 -189.053
2143.25 -150.054
1596.21 -1117.94
-1670.83 1350.53
-116.356 139.83
285.673 102.773
-2671.81 -3001.87
2456.19 4410.05
-3839.58 3463.31
-947.627 -2404.31
-544.839 -4382.3
1441.39 2051.54
-2592.47 -187.986
2348.64 -1689.69
3517.03 -1733.08
5016.7 -1100.22
-74.9556 -2421.48
-1870.28 -3475.86
-3574.8 -3893.13
3611.42 3076.34
4373.58 -1831.07
-3825.55 2797.29
3246.9 -3053.26
-3094.82 1463.21
2387.18 3478.55
2569.03 2483.11
-3381.95 -1529.93
-965.976 1543.02
-860.33 88.1126
174.864 1707.29
-101.168 841.752
3467.3 -930.844
839.007 -1507.21
-2278.67 769.009
188.113 2394.22
1679.66 -913.567
-561.832 -992.413
3508.55 -2222.54
5106.37 1444.69
-2728.2 3517.49
-4109.06 250.046
1701.98 2911.74
-4636.74 581.764
4625.59 -2489.08
-2029.09 1772
605.466 -535.006
4340.92 -2107.82
454.59 -1052.64
-1247.17 -4008.93
-3339.63 -828.884
-1310.11 3309.18
3639.22 -1514.85
1456.23 -3717.04
964.136 -2675.23
-1119.43 3703.83
-79.1911 -530.435
-1443.6 1349
-403.166 -944.314
-2367.52 4058.8
3294.46 -233.008
-2251.27 -2924.04
-1229.11 377.868
3572.13 3483.15
621.346 -100.812
-994.724 -189.013
-3163.41 -3.17921
2493.81 -2924.66
3954.11 917.46
2420.05 -1074.6
-4773.53 -819.352
928.998 4397.84
416.016 28.7297
-1161.46 17.9254
-328.279 -671.062
-2658.5 -3691.42
323.846 4479.43
1442.19 297.391
-90.0744 -95.4999
-142.854 1680.01
3727.33 3148.37
2592.8 -414.725
3628.6 535.317
-424.315 1284.65
-3222.82 3690.6
-425.75 1181.93
4496.82 1665.55
243.433 195.269
94.3241 -188.223
-191.422 -188.91
-4816.51 -1548.49
1788.02 911.884
-978.443 -5202.56
-496.694 74.3672
2204.62 -1537.54
1405.88 1731.15
5117.12 290.733
3652.03 1446.25
1872.21 1511.13
3188.41 3329.05
2087.81 1419.53
-827.065 -436.802
-4069.9 1631.08
-2526.14 -299.539
1744.34 485.839
-2588.3 1337.78
-3407.87 3767.24
1464.03 1652.56
-268.807 -771.476
-1263.54 93.2347
3589.01 -3451.54
284.133 910.598
1818.62 -1365.19
-1499.84 1472.53
-261.396 -1657.06
-713.59 -13.3788
2782.77 4492.92
-4258.37 -1976.71
-425.34 -4302.56
4244.21 -846.811
3973.33 -2928.01
-400.889 248.346
-3784.07 136.02
2910.11 -2658.06
-54.2999 1308.09
-953.943 3812.58
-741.228 3224.68
2489.67 3818.15
802.722 595.655
146.472 181.547
84.9505 -1557.42
1071.55 -1915.26
-3008.52 -362.805
-174.65 3144.66
-4969.54 361.824
827.131 4958.11
853.057 89.053
-614.34 -2665.31
1834.73 -1350.4
16.2505 -315.969
1171.74 3191.52
484.65 -561.772
1702.05 2919.39
43.5979 -3389.17
-939.281 -2499.51
-1927.13 -2132.27
503.486 -4479.84
-778.431 2125.3
655.507 -440.248
-50.1457 -4252.64
-1228.61 173.658
-1754.37 -331.235
347.733 1194.49
118.054 -3306.74
-656.232 1183.46
807.514 -1655.61
-2379.37 -2540.04
4069.85 1106.61
1404.75 2943.66
1550.92 304.655
1780.1 4159.76
-3088.33 -550.122
-249.806 -4787.41
-1553.04 1147.4
-2190.77 -1925.07
2077.81 -389.703
-3848.89 -2337.31
-226.931 225.356
2789.92 -2.55936
-547.013 3535.73
2027.54 2142.94
-1257.02 -4069.02
-2091.14 -1823.54
1799.73 -110.851
-4744.88 238.449
2764.91 -2327.41
439.681 -1115.82
754.291 -1936.86
-1065.26 2864.36
4723.39 -1153.21
-846.209 -807.389
-1387.99 3306.24
1591.58 -3005.83
580 1666.05
1725.09 985.327
-1083.12 -5157
2756.4 -769.228
-1810.23 2993.07
491.031 418.643
1256.7 -2849.27
1408.65 674.24
658.628 29.4212
-1452.78 2758.16
-2022.35 -2852.17
3519.08 390.822
367.246 744.781
-2567.73 -803.777
1009.34 2864.46
-1210.09 1739.18
2273.37 -1402.7
1050.09 2763.51
-309.26 -321.15
2867.33 -4136.16
-3171.5 -163.689
778.68 1911.96
-883.637 635.263
1414.39 -3670.95
-1096.1 87.9644
242.528 -5140.5
-321.762 3302.05
-171.969 -297.083
2384.89 -1292.45
2020.16 -2580.03
61.4788 -144.416
-352.709 245.199
-331.29 -110.027
645.523 258.16
3289.78 -718.582
1770.91 -294.848
-1498.26 -868.639
-205.154 -1133.46
452.9 1252.03
-281.748 -2837.06
-174.271 -3512.27
982.112 -1148.32
185.63 106.548
-420.472 329.094
-3891.74 -2948.38
149.51 616.563
-256.932 38.3988
-1191.43 -319.081
377.985 -1006.05
10.8968 280.474
2678.99 -2859.89
2925.98 3467.42
2044.09 3604.66
98.5485 3836.83
908.389 2016.51
-87.2 288.665
-1282.22 2910.16
-3475.98 -754.323
117.899 -1746.92
209.8 509.773
-2817.11 -65.6824
-2039.14 3137.33
2562.56 2369.99
1400.63 -2065.11
-500.146 1200.18
-844.879 3133.56
3320.77 -3360.07
-1979.65 -861.522
1455.58 -1165.66
4560.47 -2342.18
-3921.09 1259.09
1090.2 2070.71
960.417 -752.044
-769.261 363.89
-1619.23 -553.5
2460.11 2188.13
576.523 766.766
-3977.31 3533.5
259.853 -1852.7
-355.337 -2082.95
-821.34 -573.055
2097.58 -1086.25
-132.389 -17.6509
-517.681 3655.51
-224.807 -890.184
1771.82 4341.79
-2632.34 3702.18
-2204.53 2916.54
160.545 141.549
619.644 1049.94
-642.122 1706.36
-1470.25 -4437.6
-399.022 -2918
73.9881 4.86133
-3281.5 -1826.66
-4538.47 1345.49
-928.861 222.73
2190.97 183.648
-96.5127 211.98
-514.168 1955.7
-1573.8 -1395.28
-4482.74 1060.62
939.795 737.587
3569.59 446.906
-29.646 -2035.77
-2676.52 -2193.56
91.0255 386.957
2278.54 4018.01
1759.04 4891.98
-3686.05 -1753.81
3288.22 -628.39
1762.41 -3493.24
2674.97 904.419
-138.34 31.1879
4209.25 2334.67
234.4 -1881.03
1024.26 -760.758
-559.641 -2144.09
-1466.22 -2623.71
-3369.72 1813.71
-275.075 481.996
-294.72 158.355
-1001.42 2427.37
-1898.81 4405
-251.039 1664.32
-1846.73 -1230.16
383.386 376.911
587.565 2816.71
768.57 -89.1294
-4758.63 721.555
-612.738 -1070.1
-1129.3 -2473.1
1667.99 2638.15
3448.72 1225.43
-1811.9 1828.86
590 -1728.42
3163.67 -3706.67
-1477.75 443.281
-1583.93 -834.869
73.9621 1.33416
678.883 -10.4653
-202.598 1059.52
-212.913 360.533
-1105 -285.71
2902.27 -1864.06
-526.922 1527.55
1211.7 2340.1
-2419.51 654.353
483.613 -3376.05
514.474 -2921.77
2936.91 -4033.6
4575.96 1263.89
1965.61 1764.23
-1008.05 822.111
4933.43 -2014.24
-465.71 -129.674
-1075.23 -5042.01
1266.48 3375.85
1824.05 -3646.81
-1643.3 1067.59
-1194.83 1691.56
284.835 -184.682
-1737.68 -4147.79
1929.42 -649.132
1686.21 -449.355
361.43 805.464
1033.42 559.143
-857.839 -2090.85
-233.224 -148.583
904.442 -2075.26
1223.02 2672.94
566.165 2673.37
2490.34 1056.96
-2830.75 1258.16
-256.603 -4972.4
1192.42 -23.9839
2742.7 2673.63
-4793.89 -1058.49
-1062.01 -1225.32
2565.93 282.757
-16.955 -174.295
4341.19 1519.2
-4439.15 -1579.8
1966.89 2384.25
269.328 974.46
-812.669 3474.65
614.788 774.28
3036.24 -1633.05
898.599 4004.03
-6.02505 -1654.18
-554.035 -3192.2
4.41643 357.421
-3676.37 877.673
1886.19 784.556
417.789 2443.29
1349.01 -609.802
5050.47 1061.57
-1730.98 -3721.58
201.341 -485.221
-319.455 -5209.07
-2642.36 3707.1
-1376.51 180.59
2736.83 2529.55
-3626.31 19.7961
3952.52 -1195.6
821.15 4837.31
100.502 1811.72
3749.84 -880.036
-9.74392 65.4312
2558.43 783.975
2628.45 -2341.49
1655.99 2244.59
2298.03 -4447.98
-4268.75 -90.9684
-677.237 3564.91


1502.61 -1709.78
-712.608 -345.546
-2466.12 266.728
-374.229 -4094.99
-2082 1840.02
171.725 2590.52
-566.052 410.26
961.383 4033.87
2545.94 574.697
-4753.28 -733.575
2477.3 -507.435
3352.27 2467.54
44.7023 -54.79
385.072 -31.9333
1366.08 -1148.35
-1835.46 3431.9
-3515.37 1308.16
-104.264 1875.94
-1460.2 -4289.81
-1555.5 -1563.5
4790.36 2012.22
1438.81 -1343.76
831.946 273.213
1761.45 -826.274
-231.422 1606.31
3111.97 -780.336
642.598 -117.03
3841.76 -0.553177
1793.54 -2246.57
-443.961 1843.49
473.712 3605.43
-4313.94 -2547.92
417.358 -1521.15
104.48 1004.32
-1751.35 961.155
2181.41 285.692
3431.58 2020.69
1089.18 -2508.28
-1506.66 2028.13
654.489 -223.215
-1557.61 1004.43
-1202.85 3069.24
-3310.26 -1975.41
186.219 -3553.82
1624.13 2072.83
-2700.27 -765.365
-676.878 2558.46
358.942 383.847
-96.4131 3647.65
-20.098 -491.843
-1199.01 -3759.78
-1332.3 2875.94
-151.352 51.8626
527.971 -668.12
368.725 1955.36
-1447.89 -4862.07
655.164 2631.04
-838.539 -78.3448
2821.7 -257.775
854.878 1055.57
1181.55 -3174.18
-1783.48 852.794
-1946.39 702.182
-4735.15 -2036.91
1573.64 -77.4092
2939.33 -2504
-2825.27 2186.51
-4620.55 -412.942
4296.2 1175.96
25.8336 -223.145
2791.95 -1284.76
-966.841 4143.79
-408.567 -1639.99
-3053.06 -3357.17
-416.978 55.6071
-1213.89 -2102.02
-1334.97 2496.68
1766.49 3777.84
1566.59 637.979
4109.87 1197.05
-983.412 -1547.59
-3087.57 1714.17
170.368 -1918.83
-1992.25 -1348.24
682.687 -223.232
2905.78 2009.05
620.249 -312.992
-3740.25 3050.25
330.811 -1085.13
-2939.42 -315.475
939.13 2.76904
-3619.3 -110.026
1818.2 -1711.24
-1528.11 4533.93
-4008.81 3094.11
4578.99 1566.33
1302.45 2327.22
1748.21 1023.7
-668.249 2198.01
1329.22 -2135.37
2892.3 -140.499
53.3757 -1178.62
672.082 1378.03
-369.178 -210.662
2143.35 -140.062
1601.73 -1108.89
-1677.03 1342.23
-146.123 109.082
274.065 130.96
-2666.02 -3006.91
2450.23 4413.31
-3844.74 3457.71
-937.562 -2408.74
-536.518 -4383.49
1432.58 2058.23
-2591.95 -198.552
2353.58 -1682.4
3521.01 -1725.32
5017.98 -1093.93
-64.3259 -2421.93
-1862.78 -3480.02
-3569.95 -3897.49
3606.39 3082.36
4376.45 -1824.22
-3830.06 2791.18
3251.64 -3048.05
-3099.12 1454.68
2380.29 3483.44
2562.81 2489.78
-3378.48 -1537.64
-975.309 1536.58
-864.323 70.5702
161.715 1709.49
-119.317 841.988
3469.27 -923.033
848.604 -1501.01
-2281.99 759.136
177.456 2395.18
1685.82 -903.011
-548.576 -998.879
3512.85 -2215.78
5104.41 1451.89
-2733.55 3513.16
-4109.35 242.806
1695.05 2915.53
-4637.79 573.986
4628.65 -2483.26
-2035.32 1764.71
615.851 -520.485
4344.38 -2100.87
469.204 -1047.16
-1239.36 -4011.44
-3337.51 -836.538
-1318.12 3306.03
3642.51 -1507.12
1463.16 -3714.19
972.25 -2671.98
-1127.12 3701.47
-56.056 -530.24
-1450.26 1340.89
-388.433 -951.778
-2373.8 4055.1
3295.37 -223.44
-2244.93 -2928.76
-1231.9 364.686
3566.75 3488.81
625.861 -81.0428
-994.155 -206.174
-3163.34 -12.0797
2500.42 -2919.14
3952.3 924.885
2424.22 -1065.4
-4772.29 -826.649
922.012 4399.22
413.281 53.9922
-1162.3 2.514
-310.773 -677.809
-2652.21 -3696.01
316.812 4479.83
1440.55 311.792
-54.2721 -121.988
-156.231 1679.69
3722.7 3153.82
2594.49 -404.691
3627.29 542.876
-437.322 1280.09
-3228.8 3685.51
-439.483 1177.08
4494.19 1672.82
221.246 216.14
126.267 -167.507
-166.279 -210.829
-4814.27 -1555.58
1782.87 922.386
-971.387 -5203.91
-499.294 53.0986
2209.72 -1529.81
1397.57 1737.74
5116.7 297.746
3648.98 1454.21
1865.9 1518.28
3182.83 3334.46
2082.2 1427.33
-818.138 -450.547
-4073.14 1623.36
-2525.22 -310.427
1741.41 498.151
-2593.19 1328.88
-3413.62 3762.16
1455.58 1660.72
-251.585 -774
-1263.22 79.711
3593.62 -3446.64
268.191 916.056
1824.02 -1357.1
-1507.63 1464.57
-249.091 -1658.93
-716.084 -32.3248
2777.12 4496.36
-4255.31 -1983.17
-417.117 -4303.48
4245.57 -839.594
3977.22 -2922.57
-411.331 225.476
-3784.15 128.546
2915.36 -2652.22
-67.181 1306.01
-961.321 3810.62
-749.582 3222.67
2482.91 3822.7
793.336 609.246
118.23 202.539
97.799 -1556.6
1081.1 -1909.92
-3007.21 -371.038
-184.363 3144.33
-4969.91 355.304
820.328 4959.2
851.514 106.681
-604.492 -2667.73
1841.4 -1341.64
45.8097 -313.884
1164.12 3194.1
500.739 -551.827
1694.6 2923.63
52.5432 -3389.1
-930.669 -2502.4
-1920.25 -2138.29
510.451 -4478.95
-789.227 2121.71
666.722 -425.517
-42.259 -4252.74
-1231.51 158.838
-1751.85 -342.626
333.815 1198.3
126.333 -3306.27
-669.604 1177.24
818.057 -1650.33
-2373.35 -2545.48
4067.79 1114.11
1397.19 2947.05
1549.11 318.284
1773.47 4162.51
-3086.78 -559.469
-242.018 -4787.89
-1560.05 1138
-2184.34 -1932.67
2079.9 -378.707
-3845.15 -2343.29
-246.416 205.43
2789.8 6.77656
-555.053 3534.39
2020.75 2149.31
-1248.93 -4071.68
-2084.65 -1831.18
1799.6 -99.8483
-4745.29 230.913
2770.42 -2320.89
452.069 -1109.39
764.652 -1932.76
-1073.78 2861.14
4725.24 -1145.86
-836.259 -819.532
-1395.79 3302.95
1598.53 -3001.9
569.289 1668.84
1719.39 995.212
-1076.47 -5158.36
2758.44 -760.769
-1818.14 2988.47
475.315 431.73
1264.2 -2845.67
1403.07 686.039
660.118 48.941
-1461.11 2753.86
-2015 -2857.53
3518.22 399.872
351.169 752.708
-2564.77 -813.05
1000.22 2867.84
-1219.54 1732.8
2278.43 -1394.37
1041.42 2766.74
-288.157 -336.657
2873.09 -4132.14
-3170.81 -171.861
768.988 1915.23
-890.335 622.346
1422 -3668.02
-1098.16 72.1864
250.301 -5140.25
-331.219 3301.33
-150.145 -313.882
2389.2 -1284.12
2026.52 -2574.79
100.869 -122.661
-364.777 224.33
-320.956 -138.784
640.704 276.879
3291.38 -710.507
1773.81 -282.136
-1491.93 -878.297
-189.687 -1138.27
439.322 1258.12
-271.922 -2838.15
-166.352 -3512.48
993.533 -1139.94
168.02 141.646
-434.233 312.261
-3887.25 -2954.35
129.564 621.44
-254.521 6.0503
-1188.04 -333.65
393.504 -1001.38
-20.7017 279.943
2684.45 -2854.61
2919.78 3472.82
2036.84 3608.88
89.9026 3837.16
898.691 2020.67
-114.85 278.946
-1290.5 2906.51
-3474.21 -763.433
130.341 -1746.26
190.884 518.464
-2816.98 -75.5745
-2046.56 3132.64
2556.37 2376.99
1408.33 -2059.5
-512.545 1194.24
-853.582 3131.23
3326.44 -3354.59
-1975.21 -871.205
1461.75 -1156.76
4563.95 -2335.54
-3923.31 1251.88
1080.77 2075.74
970.154 -740.533
-776.548 347.823
-1615.43 -565.738
2453.86 2195.53
563.929 778.528
-3981.77 3528.43
270.788 -1850.65
-345.147 -2084.17
-812.066 -586.482
2102.7 -1076.7
-117.511 -63.908
-526.303 3654.37
-208.505 -892.352
1765.24 4344.4
-2638.13 3697.98
-2211.42 2911.38
131.651 166.143
607.136 1055.34
-653.219 1702.09
-1463.39 -4439.82
-389.81 -2919.22
37.7399 61.3686
-3277.56 -1833.52
-4540.52 1338.49
-934.304 206.454
2189.66 193.623
-129.77 198.813
-526.008 1953.1
-1566.6 -1402.63
-4484.63 1052.93
930.557 749.173
3568.63 455.974
-18.4621 -2035.83
-2670.77 -2200.87
63.4771 391.542
2272.44 4021.36
1752.84 4894.12
-3682.67 -1760.83
3290.26 -619.009
1769.52 -3489.61
2671.88 913.304
-140.356 -16.9736
4205.9 2340.51
246.479 -1879.8
1032.48 -749.19
-549.002 -2146.96
-1457.77 -2628.62
-3373.41 1806.69
-293.351 468.887
-311.031 132.62
-1009.75 2423.57
-1905.96 4401.99
-264.263 1663.05
-1840.7 -1239.32
366.41 392.089
579.057 2818.16
771.848 -70.7362
-4759.53 714.906
-600.196 -1075.66
-1119.91 -2477.7
1660.72 2642.49
3445.91 1233.25
-1819.31 1821.67
600.483 -1724.27
3169.8 -3701.59
-1480.5 431.331
-1578.53 -846.709
35.8208 64.3283
682.337 8.24441
-218.228 1056.89
-232.931 346.234
-1102.1 -301.243
2906.42 -1857.24
-539.956 1523.87
1202.61 2344.98
-2421.59 645.222
492.41 -3374.83
522.738 -2919.99
2942.93 -4029.26
4573.95 1271.45
1958.95 1771.66
-1018.81 811.28
4936.29 -2007.39
-455.111 -152.188
-1068.72 -5043.33
1258.38 3378.94
1830.97 -3643.3
-1648.66 1058.3
-1205.15 1685.04
293.517 -157.532
-1731.24 -4150.36
1932.71 -638.64
1688.8 -437.909
345.549 812.402
1025.59 571.116
-848.097 -2094.67
-213.018 -171.871
914.352 -2070.96
1214.01 2677.3
557.46 2674.84
2486.5 1066.37
-2834.57 1249.67
-249.425 -4972.76
1192.63 -9.13685
2736.99 2679.46
-4792.35 -1065.02
-1052.38 -1233.69
2564.69 292.318
24.4021 -173.413
4338.68 1526.48
-4436.62 -1587.03
1960.26 2389.39
253.62 980.416
-821.295 3472.71
602.536 785.988
3040.11 -1625.64
890.292 4006.03
7.37531 -1654.99
-545.39 -3193.63
-23.6843 357.247
-3678.66 868.911
1881.67 793.953
408.346 2444.56
1354.13 -597.765
5049.02 1068.33
-1724.05 -3724.72
222.148 -475.953
-312.909 -5209.4
-2648.99 3702.48
-1377.98 167.121
2730.88 2536.21
-3626.52 10.7223
3954.47 -1188.65
813.419 4838.72
87.6022 1813.21
3751.78 -871.902
-74.5052 31.9105
2555.59 793.934
2633.56 -2335.47
1648.24 2250.29
2304.52 -4444.65
-4268.47 -98.0671
-684.671 3563.28


1510.18 -1702.81
-702.942 -360.799
-2466.68 257.439
-366.665 -4095.6
-2088.2 1832.87
160.864 2591.65
-578.209 394.994
953.699 4035.69
2543.76 584.542
-4752.16 -740.908
2479.17 -497.704
3347.42 2474.27
67.1122 18.643
381.801 -6.47335
1373.25 -1139.19
-1842.63 3428.05
-3518.38 1300.21
-116.74 1875.75
-1452.63 -4292.48
-1547.9 -1570.73
4787.72 2018.38
1446.23 -1335.42
828.823 290.875
1765.65 -816.194
-242.748 1603.66
3113.98 -771.876
647.893 -97.9128
3841.95 8.39612
1801.22 -2240.55
-454.653 1840.43
465.71 3606.37
-4310.5 -2553.56
431.009 -1518.48
88.0022 1007.7
-1755.75 951.718
2180.44 297.505
3427.44 2027.79
1098.27 -2504.38
-1514.59 2022.12
661.669 -204.968
-1564.95 994.128
-1210.96 3066.01
-3306.24 -1981.86
194.231 -3553.26
1616.23 2079.09
-2697.65 -774.713
-686.692 2555.95
341.34 398.687
-105.192 3647.5
3.85499 -491.559
-1190.97 -3762.42
-1339.6 2872.25
-161.327 8.80418
540.788 -656.328
357.608 1957.33
-1440.48 -4864.38
646.174 2633.03
-840.162 -96.5052
2822.29 -248.8
844.047 1064.42
1189.23 -3171.16
-1788.44 842.406
-1950.24 691.573
-4732.45 -2043.01
1573.94 -64.8002
2944.05 -2498.19
-2830.13 2180.03
-4619.89 -420.416
4294.18 1183.28
61.1461 -216.523
2795.53 -1276.67
-974.736 4142.01
-397.222 -1641.97
-3047.34 -3362.42
-419.325 30.4431
-1205.01 -2107.05
-1344.02 2492.09
1759.61 3780.98
1561.7 648.996
4107.68 1204.67
-973.317 -1553.99
-3092.07 1706.33
181.794 -1917.68
-1986.56 -1355.83
691.663 -206.708
2900.86 2016.23
631.253 -297.318
-3744.36 3045.02
343.795 -1079.21
-2938.22 -323.964
939.966 19.8399
-3618.87 -117.741
1825.75 -1703.58
-1534.83 4531.62
-4013.65 3088.01
4576.74 1572.56
1293.67 2332.24
1742.43 1032.22
-678.881 2194.99
1337.17 -2130.07
2892.38 -131.926
68.3025 -1177.89
660.482 1383.22
-355.755 -231.515
2143.4 -130.067
1607.2 -1099.8
-1683.18 1333.9
-168.601 72.8868
259.687 157.823
-2660.22 -3011.95
2444.26 4416.56
-3849.9 3452.1
-927.483 -2413.14
-528.196 -4384.66
1423.75 2064.89
-2591.4 -209.114
2358.5 -1675.08
3524.98 -1717.55
5019.24 -1087.64
-53.6951 -2422.34
-1855.28 -3484.16
-3565.09 -3901.85
3601.36 3088.38
4379.31 -1817.36
-3834.56 2785.06
3256.37 -3042.84
-3103.41 1446.15
2373.38 3488.32
2556.57 2496.42
-3375 -1545.34
-984.6 1530.07
-867.964 52.9991
148.558 1711.61
-137.414 841.861
3471.23 -915.218
858.157 -1494.73
-2285.27 749.248
166.795 2396.11
1691.92 -892.421
-535.222 -1005.17
3517.14 -2209.01
5102.44 1459.09
-2738.9 3508.82
-4109.63 235.565
1688.11 2919.3
-4638.82 566.207
4631.7 -2477.43
-2041.53 1757.39
625.924 -505.701
4347.83 -2093.92
483.736 -1041.5
-1231.54 -4013.93
-3335.37 -844.186
-1326.12 3302.85
3645.79 -1499.38
1470.09 -3711.32
980.353 -2668.7
-1134.81 3699.09
-32.8206 -529.095
-1456.87 1332.74
-373.606 -959.01
-2380.07 4051.4
3296.25 -213.871
-2238.57 -2933.47
-1234.53 351.459
3561.37 3494.46
629.707 -61.1871
-993.336 -223.283
-3163.25 -20.98
2507.02 -2913.61
3950.48 932.307
2428.35 -1056.17
-4771.04 -833.943
915.023 4400.59
408.972 79.049
-1162.95 -12.8978
-293.067 -684.119
-2645.91 -3700.58
309.777 4480.22
1438.79 326.168
-11.0755 -131.888
-169.599 1679.28
3718.05 3159.26
2596.14 -394.651
3625.97 550.432
-450.284 1275.4
-3234.77 3680.41
-453.157 1172.06
4491.56 1680.09
196.944 234.945
154.154 -141.415
-138.67 -229.621
-4812.03 -1562.66
1777.66 932.858
-964.328 -5205.26
-500.819 31.7157
2214.79 -1522.05
1389.22 1744.29
5116.28 304.759
3645.91 1462.16
1859.55 1525.39
3177.24 3339.87
2076.56 1435.11
-808.946 -464.147
-4076.38 1615.63
-2524.27 -321.309
1738.41 510.441
-2598.06 1319.97
-3419.36 3757.07
1447.09 1668.84
-234.238 -776.142
-1262.73 66.1769
3598.22 -3441.73
252.167 921.235
1829.38 -1348.98
-1515.38 1456.56
-236.773 -1660.71
-718.058 -51.2474
2771.46 4499.78
-4252.25 -1989.63
-408.893 -4304.39
4246.92 -832.375
3981.1 -2917.14
-420.683 202.009
-3784.21 121.073
2920.59 -2646.37
-80.0543 1303.78
-968.695 3808.64
-757.93 3220.64
2476.15 3827.23
783.741 622.675
87.3102 218.948
110.641 -1555.67
1090.61 -1904.54
-3005.87 -379.269
-194.075 3143.97
-4970.26 348.783
813.524 4960.27
849.614 124.264
-594.637 -2670.13
1848.03 -1332.85
74.9643 -309.025
1156.49 3196.67
516.505 -541.526
1687.14 2927.85
61.4882 -3389.02
-922.045 -2505.25
-1913.35 -2144.29
517.415 -4478.05
-800.005 2118.08
677.578 -410.556
-34.372 -4252.84
-1234.23 143.998
-1749.24 -354.003
319.852 1201.95
134.612 -3305.78
-682.905 1170.9
828.567 -1644.99
-2367.31 -2550.91
4065.72 1121.6
1389.62 2950.42
1547.21 331.891
1766.85 4165.25
-3085.21 -568.812
-234.229 -4788.37
-1567.01 1128.55
-2177.88 -1940.24
2081.95 -367.701
-3841.39 -2349.26
-263.797 183.75
2789.64 16.1124
-563.089 3533.02
2013.95 2155.65
-1240.85 -4074.31
-2078.13 -1838.8
1799.39 -88.8415
-4745.68 223.377
2775.9 -2314.36
464.389 -1102.78
774.99 -1928.61
-1082.29 2857.89
4727.07 -1138.51
-826.171 -831.54
-1403.59 3299.63
1605.47 -2997.96
558.551 1671.55
1713.62 1005.06
-1069.82 -5159.71
2760.45 -752.301
-1826.04 2983.84
459.118 444.38
1271.69 -2842.05
1397.4 697.792
660.996 68.4154
-1469.43 2749.54
-2007.65 -2862.88
3517.33 408.92
334.929 760.287
-2561.78 -822.313
991.093 2871.2
-1228.97 1726.39
2283.46 -1386.03
1032.74 2769.95
-266.146 -351.102
2878.84 -4128.1
-3170.1 -180.032
759.273 1918.44
-896.85 609.3
1429.6 -3665.08
-1100 56.3941
258.073 -5139.98
-340.673 3300.57
-127.323 -328.597
2393.49 -1275.77
2032.85 -2569.54
132.46 -91.3863
-375.568 202.676
-308.524 -166.634
635.381 295.38
3292.95 -702.427
1776.63 -269.412
-1485.53 -887.911
-174.189 -1142.89
425.696 1264.07
-262.094 -2839.22
-158.432 -3512.66
1004.88 -1131.48
145.74 172.826
-447.225 294.874
-3882.76 -2960.31
109.482 625.665
-247.652 -26.3979
-1184.49 -348.172
408.94 -996.506
-52.0328 275.795
2689.89 -2849.31
2913.58 3478.21
2029.59 3613.1
81.2563 3837.46
888.97 2024.79
-141.314 266.345
-1298.76 2902.83
-3472.42 -772.539
142.776 -1745.51
171.662 526.324
-2816.82 -85.4657
-2053.97 3127.93
2550.15 2383.98
1416 -2053.85
-524.882 1188.17
-862.279 3128.87
3332.1 -3349.09
-1970.72 -880.865
1467.87 -1147.82
4567.42 -2328.9
-3925.52 1244.68
1071.31 2080.74
979.751 -728.915
-783.5 331.606
-1611.55 -577.946
2447.59 2202.92
551.168 790.057
-3986.23 3523.35
281.713 -1848.52
-334.948 -2085.33
-802.578 -599.755
2107.78 -1067.14
-86.8426 -101.579
-534.921 3653.21
-192.132 -894.214
1758.65 4347.01
-2643.91 3693.77
-2218.3 2906.21
98.6708 185.572
594.539 1060.58
-664.287 1697.75
-1456.53 -4442.04
-380.595 -2920.4
-36.7204 61.9989
-3273.61 -1840.38
-4542.57 1331.48
-939.464 190.115
2188.29 203.594
-160.207 181.312
-537.831 1950.44
-1559.35 -1409.94
-4486.52 1045.24
921.175 760.643
3567.64 465.039
-7.27764 -2035.82
-2665 -2208.17
35.6473 394.391
2266.34 4024.69
1746.64 4896.26
-3679.27 -1767.83
3292.27 -609.624
1776.63 -3485.96
2668.76 922.178
-126.611 -63.226
4202.53 2346.36
258.549 -1878.5
1040.58 -737.528
-538.35 -2149.76
-1449.29 -2633.52
-3377.09 1799.65
-311.159 455.028
-325.087 105.923
-1018.07 2419.73
-1913.11 4398.97
-277.472 1661.69
-1834.62 -1248.46
348.792 406.578
570.543 2819.57
774.684 -52.3026
-4760.42 708.256
-587.569 -1081.06
-1110.49 -2482.26
1653.44 2646.81
3443.08 1241.06
-1826.69 1814.45
610.94 -1720.05
3175.93 -3696.5
-1483.14 419.351
-1573.05 -858.511
-33.517 60.5211
685.216 26.9473
-233.813 1054.04
-252.066 330.623
-1099 -316.724
2910.56 -1850.4
-552.956 1520.09
1193.51 2349.83
-2423.62 636.08
501.204 -3373.59
530.996 -2918.19
2948.93 -4024.91
4571.93 1279
1952.27 1779.06
-1029.45 800.353
4939.15 -2000.55
-443.388 -174.326
-1062.2 -5044.64
1250.26 3382.01
1837.88 -3639.77
-1653.96 1048.98
-1215.43 1678.47
299.967 -129.186
-1724.79 -4152.91
1935.95 -628.128
1691.32 -426.442
329.534 819.026
1017.58 582.996
-838.336 -2098.44
-189.836 -192.755
924.241 -2066.62
1204.98 2681.64
548.748 2676.27
2482.63 1075.76
-2838.37 1241.17
-242.247 -4973.12
1192.66 5.71165
2731.26 2685.29
-4790.81 -1071.54
-1042.68 -1241.99
2563.42 301.875
64.3721 -162.678
4336.15 1533.76
-4434.08 -1594.25
1953.6 2394.52
237.847 986.122
-829.917 3470.76
590.12 797.482
3043.97 -1618.23
881.982 4008.01
20.7752 -1655.71
-536.742 -3195.04
-51.6411 354.902
-3680.94 860.145
1877.1 803.326
398.896 2445.79
1359.15 -585.679
5047.56 1075.08
-1717.12 -3727.84
242.54 -465.794
-306.362 -5209.72
-2655.6 3697.85
-1379.31 153.636
2724.92 2542.84
-3626.71 1.64837
3956.41 -1181.68
805.686 4840.13
74.6988 1814.62
3753.7 -863.764
-89.1323 -28.4451
2552.71 803.883
2638.65 -2329.44
1640.46 2255.95
2311.01 -4441.3
-4268.16 -105.166
-692.101 3561.63


1517.71 -1695.81
-692.897 -375.857
-2467.2 248.146
-359.1 -4096.19
-2094.37 1825.69
150.001 2592.75
-589.915 379.419
946.011 4037.5
2541.53 594.377
-4751.03 -748.24
2481 -487.965
3342.55 2481
16.2338 73.4635
376.627 19.0181
1380.36 -1129.98
-1849.8 3424.19
-3521.36 1292.25
-129.213 1875.49
-1445.06 -4295.14
-1540.26 -1577.93
4785.06 2024.54
1453.6 -1327.04
825.376 308.424
1769.79 -806.086
-254.06 1600.91
3115.98 -763.41
652.571 -78.7026
3842.12 17.3454
1808.89 -2234.51
-465.328 1837.31
457.706 3607.3
-4307.05 -2559.2
444.631 -1515.72
71.5018 1010.83
-1760.1 942.25
2179.41 309.312
3423.28 2034.88
1107.35 -2500.45
-1522.5 2016.07
668.317 -186.555
-1572.23 983.789
-1219.06 3062.76
-3302.21 -1988.3
202.242 -3552.68
1608.3 2085.32
-2694.99 -784.052
-696.495 2553.41
323.097 412.78
-113.97 3647.34
27.7991 -490.148
-1182.93 -3765.06
-1346.88 2868.53
-159.466 -34.9177
553.372 -644.253
346.48 1959.22
-1433.07 -4866.68
637.175 2634.98
-841.416 -114.623
2822.85 -239.822
833.127 1073.15
1196.91 -3168.12
-1793.34 831.989
-1954.03 680.944
-4729.74 -2049.11
1574.14 -52.1869
2948.77 -2492.37
-2834.97 2173.55
-4619.21 -427.889
4292.16 1190.6
94.8832 -204.319
2799.1 -1268.56
-982.627 4140.21
-385.856 -1643.85
-3041.62 -3367.65
-420.118 5.16631
-1196.1 -2112.05
-1353.05 2487.47
1752.71 3784.11
1556.74 659.978
4105.47 1212.29
-963.181 -1560.32
-3096.55 1698.48
193.213 -1916.46
-1980.84 -1363.4
700.147 -190.037
2895.92 2023.39
641.761 -281.409
-3748.47 3039.79
356.716 -1073.1
-2936.99 -332.45
940.503 36.9044
-3618.42 -125.456
1833.26 -1695.9
-1541.55 4529.29
-4018.49 3081.9
4574.47 1578.79
1284.87 2337.24
1736.59 1040.71
-689.497 2191.93
1345.1 -2124.74
2892.43 -123.353
83.2184 -1176.96
648.834 1388.31
-341.051 -251.535
2143.39 -120.068
1612.62 -1090.68
-1689.29 1325.53
-182.859 33.1264
242.686 183.093
-2654.41 -3016.97
2438.28 4419.79
-3855.05 3446.49
-917.39 -2417.51
-519.872 -4385.82
1414.9 2071.51
-2590.8 -219.674
2363.39 -1667.75
3528.93 -1709.77
5020.49 -1081.35
-43.0633 -2422.7
-1847.76 -3488.29
-3560.22 -3906.19
3596.31 3094.39
4382.16 -1810.5
-3839.05 2778.94
3261.1 -3037.62
-3107.67 1437.61
2366.47 3493.19
2550.33 2503.06
-3371.5 -1553.04
-993.848 1523.5
-871.255 35.4067
135.392 1713.63
-155.452 841.373
3473.16 -907.397
867.666 -1488.37
-2288.51 739.346
156.132 2396.99
1697.96 -881.797
-521.773 -1011.28
3521.42 -2202.24
5100.45 1466.29
-2744.24 3504.47
-4109.89 228.324
1681.16 2923.05
-4639.85 558.426
4634.74 -2471.6
-2047.71 1750.04
635.678 -490.658
4351.26 -2086.96
498.184 -1035.66
-1223.72 -4016.41
-3333.22 -851.829
-1334.11 3299.66
3649.05 -1491.63
1477.02 -3708.43
988.444 -2665.39
-1142.49 3696.69
-9.52562 -526.987
-1463.43 1324.54
-358.688 -966.01
-2386.34 4047.69
3297.11 -204.3
-2232.21 -2938.17
-1237.02 338.189
3555.97 3500.11
632.883 -41.2664
-992.268 -240.336
-3163.13 -29.8802
2513.61 -2908.07
3948.65 939.725
2432.45 -1046.94
-4769.78 -841.236
908.032 4401.95
403.103 103.804
-1163.41 -28.3074
-275.171 -689.987
-2639.6 -3705.15
302.742 4480.6
1436.91 340.517
33.5967 -123.326
-182.958 1678.78
3713.4 3164.7
2597.76 -384.605
3624.63 557.986
-463.198 1270.57
-3240.73 3675.31
-466.772 1166.9
4488.91 1687.36
170.709 251.44
177.047 -110.743
-108.999 -244.997
-4809.78 -1569.74
1772.39 943.3
-957.268 -5206.59
-501.266 10.2646
2219.83 -1514.28
1380.84 1750.79
5115.85 311.772
3642.82 1470.1
1853.17 1532.48
3171.64 3345.26
2070.88 1442.86
-799.49 -477.594
-4079.6 1607.89
-2523.27 -332.187
1735.34 522.709
-2602.89 1311.04
-3425.09 3751.97
1438.57 1676.93
-216.775 -777.897
-1262.08 52.6342
3602.82 -3436.81
236.066 926.134
1834.7 -1340.83
-1523.09 1448.52
-224.442 -1662.4
-719.518 -70.1333
2765.8 4503.2
-4249.17 -1996.08
-400.668 -4305.28
4248.25 -825.153
3984.97 -2911.69
-428.903 177.999
-3784.24 113.598
2925.82 -2640.51
-92.9181 1301.39
-976.064 3806.64
-766.273 3218.58
2469.38 3831.75
773.939 635.941
54.4436 230.48
123.475 -1554.63
1100.1 -1899.11
-3004.51 -387.495
-203.785 3143.59
-4970.61 342.261
806.717 4961.34
847.357 141.795
-584.774 -2672.48
1854.61 -1324.03
103.462 -301.455
1148.85 3199.21
531.942 -530.881
1679.67 2932.05
70.4327 -3388.91
-913.408 -2508.07
-1906.43 -2150.26
524.377 -4477.14
-810.765 2114.4
688.071 -395.376
-26.485 -4252.91
-1236.79 129.137
-1746.56 -365.362
305.845 1205.43
142.889 -3305.26
-696.134 1164.44
839.042 -1639.58
-2361.25 -2556.32
4063.64 1129.09
1382.04 2953.77
1545.2 345.477
1760.22 4167.98
-3083.61 -578.15
-226.44 -4788.83
-1573.9 1119.06
-2171.41 -1947.8
2083.93 -356.684
-3837.62 -2355.22
-278.942 160.511
2789.45 25.448
-571.122 3531.64
2007.12 2161.98
-1232.76 -4076.94
-2071.59 -1846.4
1799.1 -77.8308
-4746.06 215.84
2781.37 -2307.81
476.637 -1096.01
785.306 -1924.4
-1090.8 2854.62
4728.89 -1131.15
-815.949 -843.413
-1411.38 3296.31
1612.4 -2994
547.787 1674.18
1707.8 1014.88
-1063.16 -5161.05
2762.43 -743.825
-1833.92 2979.2
442.447 456.571
1279.16 -2838.4
1391.63 709.496
661.27 87.8274
-1477.74 2745.19
-2000.28 -2868.22
3516.43 417.965
318.534 767.513
-2558.76 -831.564
981.957 2874.53
-1238.35 1719.92
2288.47 -1377.66
1024.06 2773.13
-243.28 -364.419
2884.59 -4124.06
-3169.36 -188.201
749.535 1921.59
-903.179 596.129
1437.19 -3662.12
-1101.63 40.5907
265.844 -5139.7
-350.125 3299.8
-103.687 -341.214
2397.74 -1267.41
2039.18 -2564.27
154.223 -53.3016
-385.029 180.304
-294.092 -193.405
629.564 313.65
3294.5 -694.342
1779.38 -256.676
-1479.05 -897.48
-158.66 -1147.31
412.023 1269.89
-252.263 -2840.26
-150.512 -3512.83
1016.15 -1122.94
119.748 199.627
-459.428 276.967
-3878.26 -2966.27
89.2846 629.233
-236.136 -58.3435
-1180.77 -362.646
424.289 -991.419
-82.6914 268.084
2695.32 -2844.01
2907.36 3483.58
2022.33 3617.29
72.6096 3837.75
879.229 2028.87
-166.315 250.988
-1307.02 2899.13
-3470.61 -781.641
155.205 -1744.67
152.166 533.343
-2816.63 -95.356
-2061.37 3123.21
2543.93 2390.95
1423.65 -2048.18
-537.156 1181.95
-870.97 3126.49
3337.75 -3343.6
-1966.17 -890.502
1473.92 -1138.83
4570.88 -2322.25
-3927.71 1237.47
1061.84 2085.69
989.207 -717.192
-790.114 315.246
-1607.59 -590.125
2441.31 2210.3
538.243 801.353
-3990.68 3518.27
292.626 -1846.31
-324.74 -2086.44
-792.879 -612.871
2112.82 -1057.55
-44.4759 -125.554
-543.537 3652.03
-175.693 -895.765
1752.06 4349.6
-2649.69 3689.56
-2225.17 2901.02
62.5469 199.077
581.856 1065.67
-675.327 1693.33
-1449.66 -4444.24
-371.376 -2921.56
-66.5655 -4.59535
-3269.64 -1847.23
-4544.6 1324.47
-944.343 173.719
2186.88 213.56
-187.359 160.084
-549.637 1947.71
-1552.06 -1417.21
-4488.39 1037.54
911.651 771.996
3566.63 474.102
3.90706 -2035.75
-2659.21 -2215.45
7.65885 395.482
2260.24 4028.01
1740.44 4898.39
-3675.85 -1774.83
3294.27 -600.235
1783.72 -3482.3
2665.61 931.041
-98.6888 -102.409
4199.15 2352.19
270.609 -1877.13
1048.54 -725.773
-527.686 -2152.52
-1440.81 -2638.38
-3380.75 1792.62
-328.463 440.434
-336.864 78.4821
-1026.38 2415.85
-1920.26 4395.94
-290.666 1660.23
-1828.5 -1257.57
330.558 420.35
562.023 2820.96
777.079 -33.8391
-4761.3 701.604
-574.86 -1086.32
-1101.07 -2486.79
1646.14 2651.1
3440.23 1248.87
-1834.05 1807.21
621.371 -1715.75
3182.05 -3691.4
-1485.67 407.34
-1567.51 -870.273
-70.0784 -4.92471
687.525 45.6278
-249.348 1050.98
-270.234 313.742
-1095.72 -332.148
2914.67 -1843.55
-565.923 1516.21
1184.39 2354.64
-2425.62 626.928
509.994 -3372.33
539.249 -2916.35
2954.93 -4020.56
4569.9 1286.55
1945.56 1786.44
-1039.97 789.331
4942 -1993.7
-430.546 -196.023
-1055.68 -5045.94
1242.14 3385.07
1844.78 -3636.22
-1659.2 1039.63
-1225.68 1671.85
303.994 -99.7989
-1718.34 -4155.46
1939.12 -617.598
1693.75 -414.954
313.393 825.335
1009.42 594.78
-828.557 -2102.17
-163.905 -210.843
934.11 -2062.24
1195.95 2685.95
540.029 2677.67
2478.72 1085.14
-2842.14 1232.66
-235.068 -4973.46
1192.5 20.5593
2725.51 2691.11
-4789.25 -1078.06
-1032.93 -1250.21
2562.1 311.427
100.672 -142.673
4333.62 1541.04
-4431.53 -1601.47
1946.93 2399.62
222.015 991.579
-838.534 3468.79
577.545 808.76
3047.8 -1610.81
873.668 4009.98
34.174 -1656.34
-528.089 -3196.43
-79.2858 350.41
-3683.19 851.374
1872.47 812.675
389.439 2446.97
1364.06 -573.547
5046.09 1081.84
-1710.19 -3730.94
262.477 -454.762
-299.815 -5210.02
-2662.21 3693.22
-1380.51 140.135
2718.94 2549.47
-3626.89 -7.42554
3958.33 -1174.71
797.952 4841.52
61.7921 1815.95
3755.61 -855.622
-64.3209 -77.9082
2549.8 813.821
2643.72 -2323.4
1632.66 2261.59
2317.5 -4437.94
-4267.84 -112.264
-699.527 3559.96


1525.22 -1688.77
-682.475 -390.711
-2467.67 238.849
-351.533 -4096.77
-2100.51 1818.5
139.136 2593.81
-601.163 363.551
938.32 4039.3
2539.27 604.205
-4749.89 -755.57
2482.79 -478.218
3337.68 2487.73
-52.2183 65.7006
369.501 44.4101
1387.4 -1120.72
-1856.96 3420.31
-3524.33 1284.29
-141.68 1875.16
-1437.49 -4297.78
-1532.58 -1585.1
4782.39 2030.69
1460.92 -1318.62
821.608 325.854
1773.87 -795.949
-265.356 1598.06
3117.94 -754.938
656.632 -59.4179
3842.27 26.2946
1816.53 -2228.44
-475.985 1834.11
449.7 3608.2
-4303.59 -2564.83
458.224 -1512.85
54.9833 1013.7
-1764.39 932.751
2178.34 321.11
3419.11 2041.96
1116.42 -2496.49
-1530.38 2009.98
674.43 -167.994
-1579.44 973.411
-1227.15 3059.48
-3298.16 -1994.73
210.252 -3552.08
1600.35 2091.52
-2692.3 -793.381
-706.289 2550.83
304.246 426.094
-122.747 3647.16
51.6792 -487.607
-1174.88 -3767.67
-1354.16 2864.8
-146.278 -76.1768
565.715 -631.899
335.34 1961.06
-1425.65 -4868.97
628.168 2636.89
-842.305 -132.692
2823.37 -230.841
822.12 1081.77
1204.58 -3165.06
-1798.18 821.545
-1957.76 670.295
-4727.03 -2055.21
1574.24 -39.57
2953.47 -2486.54
-2839.8 2167.05
-4618.52 -435.361
4290.12 1197.91
126.185 -186.869
2802.64 -1260.45
-990.515 4138.4
-374.469 -1645.65
-3035.89 -3372.88
-419.351 -20.1296
-1187.17 -2117
-1362.07 2482.82
1745.82 3787.23
1551.68 670.924
4103.25 1219.91
-953.004 -1566.59
-3101.01 1690.63
204.624 -1915.17
-1975.07 -1370.95
708.142 -173.232
2890.96 2030.54
651.769 -265.282
-3752.56 3034.55
369.572 -1066.79
-2935.73 -340.932
940.742 53.9571
-3617.95 -133.17
1840.75 -1688.19
-1548.26 4526.96
-4023.32 3075.78
4572.2 1585.01
1276.05 2342.2
1730.7 1049.16
-700.1 2188.82
1353.01 -2119.38
2892.45 -114.778
98.1209 -1175.84
637.139 1393.31
-325.113 -270.644
2143.33 -110.066
1617.97 -1081.51
-1695.35 1317.13
-188.522 -8.20545
223.238 206.516
-2648.58 -3021.97
2432.3 4423.02
-3860.2 3440.87
-907.284 -2421.83
-511.547 -4386.96
1406.02 2078.1
-2590.17 -230.23
2368.26 -1660.4
3532.86 -1701.98
5021.74 -1075.05
-32.4307 -2423.02
-1840.24 -3492.4
-3555.35 -3910.54
3591.26 3100.4
4385 -1803.64
-3843.54 2772.8
3265.81 -3032.38
-3111.91 1429.05
2359.55 3498.04
2544.07 2509.68
-3367.98 -1560.72
-1003.05 1516.86
-874.198 17.8
122.22 1715.57
-173.424 840.529
3475.07 -899.572
877.132 -1481.94
-2291.71 729.431
145.465 2397.82
1703.93 -871.141
-508.231 -1017.21
3525.69 -2195.46
5098.46 1473.48
-2749.57 3500.11
-4110.14 221.081
1674.2 2926.78
-4640.86 550.643
4637.77 -2465.76
-2053.87 1742.68
645.104 -475.363
4354.69 -2080
512.545 -1029.64
-1215.89 -4018.88
-3331.04 -859.466
-1342.09 3296.44
3652.29 -1483.87
1483.93 -3705.53
996.525 -2662.04
-1150.17 3694.28
13.7869 -523.902
-1469.94 1316.3
-343.684 -972.777
-2392.6 4043.96
3297.94 -194.727
-2225.84 -2942.85
-1239.35 324.876
3550.57 3505.75
635.393 -21.3023
-990.955 -257.329
-3162.98 -38.7801
2520.19 -2902.51
3946.8 947.139
2436.52 -1037.69
-4768.51 -848.527
901.038 4403.3
395.693 128.163
-1163.67 -43.7123
-257.096 -695.405
-2633.28 -3709.7
295.705 4480.97
1434.92 354.838
72.8166 -95.4866
-196.308 1678.18
3708.74 3170.13
2599.34 -374.554
3623.26 565.536
-476.062 1265.61
-3246.69 3670.19
-480.325 1161.58
4486.26 1694.62
142.753 265.397
194.175 -76.466
-77.7056 -256.726
-4807.51 -1576.82
1767.06 953.712
-950.206 -5207.92
-500.629 -11.2087
2224.84 -1506.48
1372.43 1757.26
5115.4 318.784
3639.72 1478.04
1846.75 1539.54
3166.04 3350.65
2065.16 1450.6
-789.771 -490.886
-4082.81 1600.15
-2522.23 -343.06
1732.19 534.954
-2607.71 1302.1
-3430.82 3746.86
1430.01 1684.97
-199.202 -779.258
-1261.26 39.0847
3607.41 -3431.88
219.894 930.753
1839.98 -1332.65
-1530.75 1440.44
-212.098 -1664
-720.468 -88.9696
2760.13 4506.61
-4246.08 -2002.53
-392.441 -4306.16
4249.56 -817.928
3988.84 -2906.24
-435.951 153.502
-3784.27 106.123
2931.03 -2634.63
-105.771 1298.85
-983.429 3804.63
-774.611 3216.51
2462.6 3836.26
763.934 649.039
20.3802 236.953
136.301 -1553.49
1109.56 -1893.64
-3003.12 -395.718
-213.493 3143.18
-4970.94 335.739
799.909 4962.4
844.745 159.266
-574.903 -2674.81
1861.16 -1315.18
131.058 -291.259
1141.21 3201.74
547.044 -519.901
1672.18 2936.23
79.3768 -3388.78
-904.758 -2510.85
-1899.49 -2156.21
531.337 -4476.21
-821.507 2110.68
698.198 -379.985
-18.5979 -4252.98
-1239.17 114.259
-1743.8 -376.706
291.796 1208.74
151.166 -3304.72
-709.29 1157.85
849.482 -1634.11
-2355.19 -2561.71
4061.54 1136.58
1374.44 2957.1
1543.09 359.04
1753.58 4170.7
-3081.99 -587.483
-218.65 -4789.28
-1580.74 1109.54
-2164.91 -1955.33
2085.86 -345.658
-3833.84 -2361.18
-291.728 135.916
2789.23 34.7834
-579.151 3530.23
2000.28 2168.28
-1224.66 -4079.55
-2065.02 -1853.98
1798.73 -66.8166
-4746.43 208.303
2786.83 -2301.25
488.812 -1089.07
795.599 -1920.14
-1099.29 2851.33
4730.7 -1123.79
-805.594 -855.149
-1419.16 3292.96
1619.32 -2990.01
536.996 1676.73
1701.93 1024.67
-1056.51 -5162.39
2764.38 -735.341
-1841.79 2974.53
425.314 468.285
1286.63 -2834.73
1385.77 721.152
660.947 107.16
-1486.04 2740.81
-1992.9 -2873.53
3515.51 427.008
301.991 774.383
-2555.7 -840.804
972.812 2877.83
-1247.71 1713.41
2293.44 -1369.28
1015.36 2776.29
-219.62 -376.547
2890.33 -4120.02
-3168.59 -196.369
739.775 1924.69
-909.321 582.834
1444.78 -3659.15
-1103.04 24.7793
273.616 -5139.41
-359.574 3299
-79.4118 -351.731
2401.96 -1259.03
2045.49 -2558.98
165.027 -11.405
-393.11 157.286
-277.776 -218.937
623.262 331.68
3296.03 -686.252
1782.04 -243.928
-1472.49 -907.003
-143.105 -1151.53
398.305 1275.56
-242.429 -2841.26
-142.59 -3512.98
1027.34 -1114.31
90.971 221.81
-470.824 258.573
-3873.75 -2972.22
68.9939 632.142
-219.853 -89.1021
-1176.89 -377.07
439.55 -986.123
-112.28 256.903
2700.74 -2838.69
2901.14 3488.95
2015.06 3621.48
63.9626 3838.02
869.466 2032.89
-189.588 233.023
-1315.27 2895.41
-3468.78 -790.738
167.626 -1743.75
132.429 539.517
-2816.41 -105.245
-2068.76 3118.48
2537.69 2397.91
1431.27 -2042.46
-549.365 1175.59
-879.654 3124.09
3343.39 -3338.09
-1961.57 -900.117
1479.91 -1129.8
4574.33 -2315.6
-3929.89 1230.25
1052.34 2090.59
998.52 -705.365
-796.388 298.75
-1603.54 -602.273
2435 2217.66
525.16 812.414
-3995.12 3513.18
303.528 -1844.03
-314.523 -2087.48
-782.972 -625.825
2117.81 -1047.94
3.93362 -132.423
-552.151 3650.83
-159.192 -897.005
1745.46 4352.19
-2655.46 3685.33
-2232.03 2895.82
24.3857 206.084
569.087 1070.6
-686.337 1688.84
-1442.79 -4446.44
-362.153 -2922.68
-23.2795 -65.0064
-3265.65 -1854.06
-4546.62 1317.46
-948.94 157.271
2185.41 223.521
-210.884 135.747
-561.425 1944.93
-1544.72 -1424.45
-4490.26 1029.84
901.986 783.231
3565.61 483.162
15.0916 -2035.62
-2653.41 -2222.72
-20.3638 394.806
2254.12 4031.32
1734.23 4900.52
-3672.43 -1781.82
3296.24 -590.842
1790.81 -3478.62
2662.43 939.894
-59.8784 -130.32
4195.76 2358.03
282.659 -1875.68
1056.37 -713.926
-517.009 -2155.23
-1432.31 -2643.22
-3384.4 1785.57
-345.231 425.121
-346.364 50.5092
-1034.68 2411.94
-1927.4 4392.9
-303.845 1658.69
-1822.34 -1266.64
311.737 433.376
553.496 2822.31
779.035 -15.3565
-4762.17 694.95
-562.07 -1091.42
-1091.63 -2491.29
1638.83 2655.38
3437.36 1256.67
-1841.38 1799.94
631.776 -1711.38
3188.17 -3686.29
-1488.1 395.301
-1561.9 -881.996
-20.3952 -62.9748
689.271 64.271
-264.831 1047.69
-287.351 295.643
-1092.24 -347.514
2918.77 -1836.69
-578.855 1512.24
1175.25 2359.43
-2427.58 617.766
518.781 -3371.04
547.497 -2914.49
2960.93 -4016.19
4567.86 1294.1
1938.83 1793.79
-1050.37 778.216
4944.84 -1986.85
-416.592 -217.214
-1049.16 -5047.23
1234.01 3388.1
1851.67 -3632.67
-1664.39 1030.23
-1235.89 1665.18
305.403 -69.5553
-1711.89 -4157.99
1942.23 -607.048
1696.1 -403.446
297.131 831.326
1001.08 606.468
-818.758 -2105.85
-135.503 -225.747
943.957 -2057.8
1186.9 2690.23
531.303 2679.04
2474.78 1094.5
-2845.89 1224.14
-227.889 -4973.79
1192.16 35.4037
2719.76 2696.91
-4787.68 -1084.58
-1023.1 -1258.36
2560.75 320.975
131.197 -114.489
4331.07 1548.31
-4428.97 -1608.68
1940.24 2404.7
206.126 996.786
-847.146 3466.79
564.814 819.821
3051.62 -1603.37
865.352 4011.94
47.5708 -1656.86
-519.433 -3197.79
-106.454 343.81
-3685.43 842.6
1867.78 821.999
379.976 2448.12
1368.86 -561.367
5044.62 1088.59
-1703.24 -3734.03
281.921 -442.876
-293.268 -5210.32
-2668.82 3688.57
-1381.57 126.621
2712.96 2556.08
-3627.04 -16.4994
3960.24 -1167.74
790.216 4842.9
48.8828 1817.2
3757.51 -847.477
-17.3571 -101.298
2546.86 823.748
2648.78 -2317.34
1624.85 2267.21
2323.98 -4434.58
-4267.51 -119.361
-706.949 3558.27


1532.68 -1681.69
-671.68 -405.351
-2468.11 229.548
-343.965 -4097.34
-2106.63 1811.28
128.268 2594.83
-611.947 347.402
930.625 4041.08
2536.97 614.023
-4748.74 -762.898
2484.54 -468.463
3332.79 2494.44
-90.5123 16.0875
360.382 69.5615
1394.38 -1111.41
-1864.11 3416.42
-3527.28 1276.32
-154.141 1874.75
-1429.91 -4300.41
-1524.87 -1592.22
4779.72 2036.84
1468.19 -1310.15
817.526 343.158
1777.88 -785.784
-276.635 1595.11
3119.89 -746.46
660.079 -40.0775
3842.4 35.2436
1824.15 -2222.35
-486.623 1830.85
441.691 3609.09
-4300.12 -2570.46
471.786 -1509.88
38.4509 1016.32
-1768.63 923.222
2177.21 332.901
3414.92 2049.04
1125.47 -2492.5
-1538.24 2003.87
680.005 -149.298
-1586.59 962.992
-1235.23 3056.18
-3294.09 -2001.15
218.261 -3551.45
1592.38 2097.69
-2689.58 -802.701
-716.073 2548.21
284.819 438.602
-131.524 3646.96
75.4397 -483.939
-1166.83 -3770.27
-1361.42 2861.04
-123.028 -112.213
577.813 -619.269
324.189 1962.83
-1418.23 -4871.26
619.153 2638.77
-842.834 -150.703
2823.87 -221.858
811.027 1090.28
1212.24 -3161.98
-1802.96 811.072
-1961.43 659.626
-4724.31 -2061.3
1574.23 -26.9506
2958.16 -2480.7
-2844.61 2160.54
-4617.82 -442.832
4288.06 1205.23
154.257 -164.636
2806.15 -1252.32
-998.4 4136.58
-363.062 -1647.36
-3030.15 -3378.1
-417.022 -45.3506
-1178.23 -2121.92
-1371.08 2478.15
1738.91 3790.33
1546.55 681.835
4101.02 1227.52
-942.786 -1572.79
-3105.46 1682.76
216.029 -1913.81
-1969.27 -1378.47
715.648 -156.309
2885.99 2037.68
661.277 -248.951
-3756.65 3029.31
382.361 -1060.28
-2934.44 -349.411
940.683 70.9929
-3617.47 -140.883
1848.2 -1680.46
-1554.96 4524.61
-4028.14 3069.66
4569.91 1591.23
1267.21 2347.13
1724.76 1057.59
-710.687 2185.66
1360.9 -2113.98
2892.44 -106.201
113.008 -1174.54
625.397 1398.2
-307.992 -288.77
2143.2 -100.061
1623.27 -1072.31
-1701.37 1308.7
-185.736 -49.186
201.542 227.86
-2642.75 -3026.97
2426.31 4426.24
-3865.33 3435.24
-897.164 -2426.12
-503.22 -4388.09
1397.12 2084.65
-2589.5 -240.783
2373.11 -1653.03
3536.78 -1694.19
5022.97 -1068.75
-21.7975 -2423.29
-1832.71 -3496.5
-3550.47 -3914.87
3586.19 3106.39
4387.84 -1796.77
-3848.01 2766.66
3270.51 -3027.14
-3116.14 1420.49
2352.62 3502.88
2537.79 2516.28
-3364.45 -1568.4
-1012.22 1510.15
-876.793 0.186315
109.042 1717.42
-191.323 839.332
3476.96 -891.741
886.552 -1475.44
-2294.86 719.502
134.796 2398.61
1709.84 -860.453
-494.598 -1022.95
3529.94 -2188.67
5096.47 1480.68
-2754.9 3495.73
-4110.37 213.837
1667.23 2930.49
-4641.86 542.859
4640.8 -2459.92
-2059.99 1735.29
654.197 -459.823
4358.1 -2073.03
526.818 -1023.44
-1208.06 -4021.33
-3328.84 -867.098
-1350.07 3293.21
3655.52 -1476.11
1490.84 -3702.62
1004.59 -2658.67
-1157.84 3691.85
37.0734 -519.829
-1476.4 1308.01
-328.597 -979.31
-2398.86 4040.23
3298.75 -185.154
-2219.45 -2947.51
-1241.52 311.523
3545.16 3511.38
637.239 -1.31589
-989.397 -274.26
-3162.81 -47.6797
2526.76 -2896.94
3944.93 954.55
2440.55 -1028.42
-4767.22 -855.817
894.041 4404.63
386.767 152.03
-1163.74 -59.1099
-238.853 -700.368
-2626.96 -3714.24
288.668 4481.32
1432.81 369.131
97.7317 -49.5565
-209.646 1677.5
3704.07 3175.55
2600.89 -364.498
3621.88 573.084
-488.877 1260.51
-3252.64 3665.07
-493.815 1156.1
4483.59 1701.87
113.318 276.604
204.966 -39.6937
-45.2555 -264.634
-4805.24 -1583.89
1761.67 964.094
-943.143 -5209.24
-498.907 -32.6577
2229.82 -1498.67
1363.98 1763.68
5114.95 325.795
3636.61 1485.97
1840.3 1546.56
3160.42 3356.02
2059.42 1458.3
-779.793 -504.015
-4086.01 1592.4
-2521.16 -353.927
1728.96 547.175
-2612.49 1293.15
-3436.54 3741.74
1421.42 1692.97
-181.527 -780.221
-1260.28 25.53
3611.98 -3426.94
203.656 935.091
1845.22 -1324.44
-1538.37 1432.31
-199.743 -1665.5
-720.916 -107.744
2754.46 4510.02
-4242.98 -2008.98
-384.213 -4307.03
4250.87 -810.701
3992.69 -2900.78
-441.79 128.58
-3784.27 98.6479
2936.23 -2628.75
-118.611 1296.15
-990.79 3802.6
-782.943 3214.41
2455.81 3840.76
753.728 661.968
-14.1263 238.292
149.117 -1552.24
1118.99 -1888.11
-3001.7 -403.938
-223.2 3142.74
-4971.27 329.215
793.1 4963.44
841.781 176.671
-565.026 -2677.1
1867.66 -1306.3
157.521 -278.543
1133.55 3204.24
561.807 -508.599
1664.69 2940.39
88.3204 -3388.62
-896.096 -2513.6
-1892.53 -2162.14
538.296 -4475.27
-832.231 2106.9
707.955 -364.392
-10.7107 -4253.03
-1241.39 99.3646
-1740.95 -388.031
277.707 1211.89
159.441 -3304.16
-722.371 1151.15
859.886 -1628.56
-2349.11 -2567.1
4059.43 1144.06
1366.84 2960.4
1540.87 372.58
1746.94 4173.4
-3080.34 -596.811
-210.86 -4789.72
-1587.52 1099.97
-2158.39 -1962.85
2087.73 -334.622
-3830.05 -2367.13
-302.048 110.171
2788.97 44.1183
-587.178 3528.81
1993.41 2174.56
-1216.56 -4082.14
-2058.43 -1861.54
1798.28 -55.7994
-4746.79 200.765
2792.27 -2294.68
500.911 -1081.96
805.869 -1915.82
-1107.78 2848.01
4732.5 -1116.43
-795.109 -866.745
-1426.93 3289.59
1626.22 -2986.01
526.18 1679.2
1695.99 1034.42
-1049.85 -5163.71
2766.3 -726.849
-1849.66 2969.85
407.729 479.502
1294.08 -2831.04
1379.81 732.759
660.034 126.397
-1494.32 2736.42
-1985.51 -2878.83
3514.57 436.049
285.309 780.895
-2552.61 -850.033
963.658 2881.11
-1257.03 1706.85
2298.38 -1360.88
1006.65 2779.41
-195.232 -387.426
2896.06 -4115.96
-3167.8 -204.535
729.993 1927.74
-915.272 569.417
1452.36 -3656.16
-1104.24 8.96301
281.386 -5139.12
-369.02 3298.18
-54.6633 -360.155
2406.15 -1250.64
2051.78 -2553.67
164.594 31.2889
-399.766 133.698
-259.706 -243.088
616.487 349.458
3297.54 -678.158
1784.63 -231.169
-1465.86 -916.481
-127.526 -1155.57
384.542 1281.09
-232.592 -2842.23
-134.667 -3513.11
1038.46 -1105.59
60.2609 239.31
-481.397 239.727
-3869.23 -2978.16
48.6312 634.391
-198.771 -117.905
-1172.84 -391.44
454.718 -980.62
-140.412 242.392
2706.15 -2833.35
2894.9 3494.31
2007.79 3625.65
55.3153 3838.28
859.682 2036.86
-210.877 212.62
-1323.5 2891.67
-3466.93 -799.83
180.039 -1742.74
112.482 544.838
-2816.15 -115.133
-2076.14 3113.72
2531.43 2404.85
1438.87 -2036.72
-561.509 1169.08
-888.331 3121.66
3349.03 -3332.57
-1956.93 -909.708
1485.85 -1120.72
4577.77 -2308.94
-3932.05 1223.03
1042.82 2095.46
1007.69 -693.437
-802.318 282.125
-1599.41 -614.389
2428.68 2225
511.924 823.237
-3999.55 3508.08
314.418 -1841.68
-304.297 -2088.47
-772.86 -638.616
2122.77 -1038.31
51.7749 -120.942
-560.761 3649.61
-142.635 -897.931
1738.87 4354.76
-2661.22 3681.1
-2238.88 2890.6
-14.5822 206.247
556.234 1075.37
-697.319 1684.28
-1435.92 -4448.62
-352.926 -2923.78
51.8115 -43.9512
-3261.65 -1860.89
-4548.63 1310.45
-953.254 140.777
2183.88 233.476
-230.54 108.914
-573.196 1942.08
-1537.34 -1431.64
-4492.11 1022.14
892.183 794.344
3564.56 492.22
26.2758 -2035.43
-2647.58 -2229.97
-48.2953 392.361
2248.01 4034.63
1728.02 4902.63
-3668.99 -1788.8
3298.18 -581.445
1797.89 -3474.93
2659.21 948.736
-14.6186 -144.259
4192.37 2363.85
294.697 -1874.17
1064.07 -701.988
-506.319 -2157.88
-1423.8 -2648.04
-3388.03 1778.51
-361.43 409.107
-353.606 22.206
-1042.96 2408
-1934.54 4389.86
-317.006 1657.05
-1816.13 -1275.69
292.36 445.629
544.964 2823.64
780.551 3.13474
-4763.03 688.295
-549.199 -1096.36
-1082.18 -2495.76
1631.5 2659.63
3434.47 1264.46
-1848.68 1792.64
642.154 -1706.94
3194.27 -3681.17
-1490.42 383.233
-1556.21 -893.68
50.4909 -47.2219
690.462 82.8624
-280.259 1044.18
-303.337 276.381
-1088.57 -362.82
2922.86 -1829.82
-591.751 1508.18
1166.09 2364.17
-2429.49 608.593
527.565 -3369.73
555.739 -2912.6
2966.92 -4011.82
4565.8 1301.64
1932.06 1801.12
-1060.64 767.01
4947.67 -1979.99
-401.54 -237.832
-1042.63 -5048.52
1225.88 3391.12
1858.56 -3629.09
-1669.51 1020.8
-1246.07 1658.47
304.003 -38.6752
-1705.43 -4160.51
1945.28 -596.479
1698.36 -391.917
280.754 836.997
992.585 618.056
-808.942 -2109.48
-104.967 -237.089
953.784 -2053.33
1177.85 2694.48
522.57 2680.37
2470.81 1103.85
-2849.61 1215.6
-220.709 -4974.11
1191.64 50.2426
2713.99 2702.7
-4786.11 -1091.09
-1013.22 -1266.43
2559.35 330.517
154.129 -79.6849
4328.51 1555.57
-4426.4 -1615.89
1933.54 2409.76
190.186 1001.74
-855.754 3464.78
551.932 830.662
3055.42 -1595.93
857.032 4013.88
60.9649 -1657.3
-510.772 -3199.12
-132.985 335.154
-3687.66 833.821
1863.04 831.297
370.506 2449.22
1373.54 -549.143
5043.13 1095.34
-1696.3 -3737.11
300.837 -430.16
-286.72 -5210.61
-2675.41 3683.91
-1382.5 113.094
2706.95 2562.68
-3627.18 -25.5732
3962.13 -1160.76
782.478 4844.27
35.9714 1818.38
3759.38 -839.327
35.0495 -92.266
2543.88 833.664
2653.82 -2311.27
1617.01 2272.79
2330.46 -4431.2
-4267.17 -126.459
-714.367 3556.56


1540.12 -1674.57
-660.514 -419.768
-2468.5 220.243
-336.396 -4097.89
-2112.72 1804.04
117.399 2595.81
-622.262 330.986
922.927 4042.84
2534.64 623.832
-4747.57 -770.224
2486.25 -458.701
3327.89 2501.14
-87.5608 -42.0504
349.233 94.3201
1401.3 -1102.05
-1871.25 3412.51
-3530.22 1268.34
-166.596 1874.27
-1422.33 -4303.03
-1517.12 -1599.3
4777.03 2042.99
1475.41 -1301.64
813.132 360.332
1781.83 -775.591
-287.898 1592.07
3121.8 -737.976
662.913 -20.6999
3842.51 44.1925
1831.75 -2216.23
-497.243 1827.52
433.679 3609.95
-4296.64 -2576.09
485.317 -1506.81
21.9088 1018.68
-1772.8 913.663
2176.03 344.684
3410.72 2056.1
1134.51 -2488.48
-1546.07 1997.72
685.04 -130.484
-1593.68 952.534
-1243.31 3052.86
-3290.02 -2007.56
226.269 -3550.81
1584.38 2103.83
-2686.83 -812.012
-725.847 2545.56
264.852 450.279
-140.3 3646.74
99.025 -479.148
-1158.77 -3772.86
-1368.67 2857.25
-91.5646 -140.778
589.657 -606.369
313.027 1964.53
-1410.81 -4873.53
610.13 2640.62
-843.006 -168.651
2824.33 -212.872
799.85 1098.68
1219.9 -3158.87
-1807.68 800.573
-1965.05 648.938
-4721.58 -2067.38
1574.11 -14.3293
2962.83 -2474.84
-2849.4 2154.02
-4617.11 -450.301
4286 1212.53
178.387 -138.196
2809.64 -1244.18
-1006.28 4134.74
-351.635 -1648.97
-3024.4 -3383.31
-413.137 -70.4022
-1169.26 -2126.8
-1380.07 2473.44
1732 3793.42
1541.33 692.708
4098.78 1235.13
-932.529 -1578.93
-3109.88 1674.88
227.425 -1912.38
-1963.44 -1385.96
722.668 -139.279
2881 2044.81
670.284 -232.431
-3760.73 3024.06
395.08 -1053.58
-2933.12 -357.887
940.327 88.0063
-3616.96 -148.596
1855.62 -1672.69
-1561.67 4522.26
-4032.95 3063.53
4567.62 1597.45
1258.36 2352.02
1718.76 1065.98
-721.259 2182.46
1368.76 -2108.54
2892.4 -97.624
127.877 -1173.05
613.611 1402.99
-289.745 -305.838
2143.03 -90.0536
1628.51 -1063.07
-1707.34 1300.23
-175.082 -88.1009
177.817 246.91
-2636.91 -3031.95
2420.32 4429.45
-3870.46 3429.61
-887.03 -2430.38
-494.892 -4389.21
1388.19 2091.17
-2588.79 -251.333
2377.93 -1645.65
3540.69 -1686.39
5024.2 -1062.45
-11.1639 -2423.52
-1825.18 -3500.58
-3545.59 -3919.2
3581.12 3112.38
4390.65 -1789.9
-3852.48 2760.52
3275.21 -3021.9
-3120.34 1411.92
2345.69 3507.71
2531.5 2522.87
-3360.9 -1576.07
-1021.33 1503.38
-879.044 -17.4275
95.8577 1719.18
-209.143 837.786
3478.84 -883.905
895.927 -1468.85
-2297.98 709.56
124.124 2399.36
1715.69 -849.732
-480.876 -1028.52
3534.19 -2181.87
5094.46 1487.87
-2760.21 3491.35
-4110.59 206.593
1660.24 2934.19
-4642.85 535.074
4643.81 -2454.08
-2066.09 1727.88
662.95 -444.043
4361.51 -2066.06
541 -1017.06
-1200.23 -4023.76
-3326.62 -874.724
-1358.03 3289.96
3658.74 -1468.34
1497.75 -3699.69
1012.65 -2655.27
-1165.51 3689.4
60.2886 -514.759
-1482.82 1299.68
-313.432 -985.609
-2405.1 4036.48
3299.54 -175.579
-2213.05 -2952.16
-1243.54 298.131
3539.74 3517.01
638.423 18.6719
-987.598 -291.123
-3162.61 -56.579
2533.31 -2891.36
3943.05 961.957
2444.55 -1019.14
-4765.93 -863.104
887.042 4405.95
376.356 175.313
-1163.61 -74.4977
-220.452 -704.869
-2620.63 -3718.78
281.63 4481.66
1430.59 383.394
96.9986 8.45099
-222.974 1676.72
3699.39 3180.96
2602.39 -354.436
3620.48 580.629
-501.639 1255.29
-3258.58 3659.94
-507.239 1150.48
4480.91 1709.13
82.6812 284.872
209.077 -1.62715
-12.1337 -268.618
-4802.96 -1590.96
1756.23 974.444
-936.078 -5210.55
-496.098 -54.0354
2234.78 -1490.83
1355.51 1770.07
5114.49 332.806
3633.47 1493.89
1833.81 1553.57
3154.8 3361.39
2053.64 1465.99
-769.557 -516.978
-4089.19 1584.65
-2520.04 -364.789
1725.66 559.373
-2617.25 1284.18
-3442.26 3736.62
1412.8 1700.93
-163.758 -780.78
-1259.13 11.9721
3616.56 -3422
187.356 939.146
1850.42 -1316.2
-1545.95 1424.15
-187.376 -1666.91
-720.866 -126.444
2748.78 4513.41
-4239.87 -2015.41
-375.984 -4307.88
4252.16 -803.471
3996.54 -2895.32
-446.388 103.297
-3784.26 91.172
2941.41 -2622.85
-131.438 1293.31
-998.147 3800.55
-791.27 3212.28
2449.02 3845.25
743.325 674.723
-48.3316 234.529
161.923 -1550.88
1128.4 -1882.54
-3000.26 -412.153
-232.905 3142.28
-4971.58 322.692
786.288 4964.48
838.465 194.002
-555.141 -2679.35
1874.13 -1297.39
182.628 -263.43
1125.9 3206.72
576.226 -496.986
1657.18 2944.53
97.2634 -3388.45
-887.422 -2516.31
-1885.55 -2168.04
545.254 -4474.32
-842.936 2103.08
717.338 -348.608
-2.82348 -4253.06
-1243.44 84.4572
-1738.03 -399.339
263.581 1214.88
167.715 -3303.58
-735.378 1144.32
870.255 -1622.95
-2343.01 -2572.46
4057.3 1151.53
1359.22 2963.69
1538.56 386.095
1740.29 4176.09
-3078.67 -606.134
-203.069 -4790.15
-1594.25 1090.36
-2151.85 -1970.34
2089.54 -323.577
-3826.25 -2373.08
-309.806 83.4924
2788.69 53.4527
-595.201 3527.36
1986.53 2180.81
-1208.46 -4084.73
-2051.81 -1869.07
1797.75 -44.7798
-4747.14 193.227
2797.7 -2288.1
512.933 -1074.68
816.116 -1911.45
-1116.25 2844.66
4734.28 -1109.07
-784.495 -878.202
-1434.7 3286.2
1633.12 -2981.99
515.338 1681.59
1690 1044.13
-1043.19 -5165.03
2768.18 -718.348
-1857.51 2965.15
389.705 490.202
1301.52 -2827.32
1373.76 744.315
658.538 145.522
-1502.59 2732
-1978.11 -2884.11
3513.61 445.087
268.495 787.046
-2549.48 -859.251
954.495 2884.36
-1266.31 1700.24
2303.29 -1352.46
997.935 2782.51
-170.187 -397.001
2901.79 -4111.89
-3166.99 -212.7
720.189 1930.72
-921.031 555.88
1459.93 -3653.15
-1105.22 -6.85502
289.156 -5138.81
-378.464 3297.34
-29.599 -366.504
2410.31 -1242.23
2058.06 -2548.34
153.394 71.9539
-404.951 109.618
-240.026 -265.732
609.249 366.973
3299.03 -670.06
1787.13 -218.4
-1459.16 -925.913
-111.925 -1159.41
370.738 1286.48
-222.752 -2843.17
-126.744 -3513.21
1049.5 -1096.8
28.3778 252.192
-491.13 220.463
-3864.7 -2984.09
28.2177 635.977
-172.983 -143.903
-1168.63 -405.757
469.792 -974.913
-166.719 224.729
2711.55 -2828.01
2888.66 3499.66
2000.51 3629.81
46.6677 3838.51
849.878 2040.79
-229.936 189.97
-1331.73 2887.9
-3465.07 -808.918
192.444 -1741.65
92.3587 549.304
-2815.86 -125.02
-2083.51 3108.96
2525.16 2411.77
1446.45 -2030.93
-573.585 1162.44
-897.002 3119.21
3354.66 -3327.05
-1952.23 -919.276
1491.72 -1111.6
4581.2 -2302.28
-3934.2 1215.81
1033.28 2100.28
1016.71 -681.41
-807.901 265.379
-1595.19 -626.474
2422.34 2232.33
498.539 833.821
-4003.98 3502.98
325.295 -1839.26
-294.063 -2089.4
-762.545 -651.239
2127.68 -1028.66
92.2532 -92.335
-569.369 3648.37
-126.028 -898.54
1732.26 4357.32
-2666.98 3676.85
-2245.71 2885.37
-53.0583 199.482
543.299 1079.98
-708.27 1679.65
-1429.04 -4450.79
-343.696 -2924.84
65.7207 25.1698
-3257.64 -1867.71
-4550.63 1303.43
-957.287 124.241
2182.3 243.426
-246.179 80.178
-584.95 1939.17
-1529.92 -1438.79
-4493.95 1014.44
882.242 805.335
3563.5 501.274
37.4591 -2035.17
-2641.75 -2237.21
-76.0105 388.159
2241.88 4037.92
1721.8 4904.73
-3665.53 -1795.78
3300.11 -572.043
1804.96 -3471.22
2655.97 957.567
32.1871 -143.252
4188.96 2369.67
306.725 -1872.58
1071.63 -689.961
-495.617 -2160.49
-1415.27 -2652.83
-3391.65 1771.45
-377.027 392.411
-358.628 -6.23778
-1051.22 2404.02
-1941.67 4386.8
-330.151 1655.33
-1809.88 -1284.71
272.459 457.083
536.426 2824.93
781.631 21.6243
-4763.87 681.638
-536.251 -1101.15
-1072.71 -2500.19
1624.16 2663.86
3431.57 1272.24
-1855.95 1785.32
652.503 -1702.43
3200.37 -3676.05
-1492.63 371.138
-1550.46 -905.323
64.96 28.6141
691.102 101.388
-295.629 1040.46
-318.111 256.014
-1084.71 -378.062
2926.92 -1822.94
-604.611 1504.03
1156.92 2368.89
-2431.37 599.41
536.345 -3368.4
563.976 -2910.67
2972.9 -4007.44
4563.74 1309.18
1925.27 1808.42
-1070.79 755.714
4950.49 -1973.13
-385.408 -257.81
-1036.11 -5049.79
1217.74 3394.12
1865.44 -3625.51
-1674.58 1011.34
-1256.21 1651.7
299.612 -7.41794
-1698.96 -4163.01
1948.27 -585.892
1700.54 -380.37
264.269 842.345
983.924 629.542
-799.107 -2113.06
-72.6987 -244.507
963.589 -2048.8
1168.78 2698.71
513.831 2681.67
2466.81 1113.19
-2853.31 1207.06
-213.529 -4974.43
1190.92 65.0738
2708.21 2708.48
-4784.52 -1097.61
-1003.27 -1274.42
2557.92 340.055
168.042 -40.2235
4325.94 1562.84
-4423.82 -1623.1
1926.82 2414.8
174.199 1006.45
-864.357 3462.74
538.902 841.282
3059.19 -1588.48
848.709 4015.8
74.3555 -1657.64
-502.108 -3200.44
-158.726 324.504
-3689.86 825.039
1858.24 840.571
361.03 2450.28
1378.12 -536.874
5041.63 1102.09
-1689.34 -3740.18
319.188 -416.637
-280.171 -5210.89
-2682 3679.25
-1383.29 99.5567
2700.94 2569.27
-3627.29 -34.6469
3964.01 -1153.78
774.738 4845.64
23.0584 1819.47
3761.24 -831.174
73.8647 -49.763
2540.87 843.568
2658.85 -2305.19
1609.16 2278.35
2336.93 -4427.82
-4266.81 -133.555
-721.782 3554.83


1547.52 -1667.42
-648.981 -433.951
-2468.85 210.934
-328.826 -4098.43
-2118.79 1796.78
106.528 2596.75
-632.102 314.318
915.226 4044.59
2532.26 633.633
-4746.4 -777.549
2487.92 -448.931
3322.98 2507.84
-50.9129 -84.4963
336.027 118.522
1408.15 -1092.63
-1878.38 3408.59
-3533.14 1260.36
-179.045 1873.72
-1414.75 -4305.64
-1509.34 -1606.35
4774.34 2049.13
1482.58 -1293.08
808.431 377.37
1785.72 -765.37
-299.143 1588.93
3123.7 -729.486
665.137 -1.30321
3842.61 53.1412
1839.33 -2210.09
-507.844 1824.11
425.665 3610.8
-4293.16 -2581.7
498.817 -1503.64
5.36131 1020.78
-1776.92 904.073
2174.79 356.459
3406.5 2063.16
1143.54 -2484.43
-1553.88 1991.54
689.535 -111.567
-1600.7 942.038
-1251.37 3049.52
-3285.92 -2013.97
234.275 -3550.15
1576.37 2109.94
-2684.05 -821.313
-735.611 2542.87
244.381 461.098
-149.075 3646.5
122.38 -473.241
-1150.71 -3775.43
-1375.91 2853.45
-54.1481 -160.21
601.243 -593.203
301.855 1966.17
-1403.39 -4875.79
601.098 2642.43
-842.825 -186.529
2824.75 -203.883
788.589 1106.96
1227.55 -3155.75
-1812.34 790.046
-1968.61 638.231
-4718.83 -2073.47
1573.89 -1.70707
2967.49 -2468.98
-2854.18 2147.48
-4616.38 -457.77
4283.92 1219.84
197.961 -108.226
2813.1 -1236.03
-1014.16 4132.89
-340.189 -1650.5
-3018.64 -3388.51
-407.705 -95.1902
-1160.26 -2131.64
-1389.04 2468.71
1725.08 3796.49
1536.02 703.544
4096.52 1242.74
-922.233 -1585
-3114.29 1666.99
238.813 -1910.88
-1957.57 -1393.43
729.204 -122.155
2875.99 2051.92
678.788 -215.737
-3764.8 3018.8
407.726 -1046.68
-2931.77 -366.358
939.676 104.992
-3616.43 -156.307
1863.02 -1664.9
-1568.37 4519.89
-4037.76 3057.4
4565.31 1603.66
1249.49 2356.89
1712.7 1074.33
-731.815 2179.21
1376.6 -2103.07
2892.33 -89.0456
142.725 -1171.37
601.779 1407.67
-270.43 -321.779
2142.79 -80.0438
1633.7 -1053.79
-1713.27 1291.72
-157.457 -123.527
152.304 263.478
-2631.05 -3036.93
2414.33 4432.65
-3875.58 3423.97
-876.884 -2434.6
-486.562 -4390.32
1379.24 2097.66
-2588.04 -261.878
2382.72 -1638.25
3544.58 -1678.58
5025.42 -1056.15
-0.530074 -2423.71
-1817.63 -3504.65
-3540.7 -3923.52
3576.04 3118.36
4393.46 -1783.02
-3856.93 2754.36
3279.89 -3016.64
-3124.53 1403.34
2338.74 3512.53
2525.2 2529.45
-3357.33 -1583.73
-1030.41 1496.54
-880.951 -35.0345
82.6687 1720.85
-226.877 835.894
3480.69 -876.065
905.256 -1462.2
-2301.04 699.604
113.45 2400.06
1721.47 -838.98
-467.067 -1033.9
3538.42 -2175.06
5092.44 1495.06
-2765.52 3486.96
-4110.79 199.348
1653.25 2937.86
-4643.83 527.288
4646.82 -2448.23
-2072.17 1720.44
671.355 -428.03
4364.91 -2059.08
555.089 -1010.51
-1192.39 -4026.19
-3324.38 -882.345
-1366 3286.69
3661.93 -1460.57
1504.65 -3696.75
1020.7 -2651.84
-1173.17 3686.94
83.386 -508.683
-1489.18 1291.31
-298.191 -991.672
-2411.35 4032.73
3300.31 -166.002
-2206.64 -2956.8
-1245.4 284.702
3534.31 3522.62
638.948 38.6404
-985.561 -307.916
-3162.39 -65.4777
2539.85 -2885.77
3941.15 969.36
2448.51 -1009.85
-4764.62 -870.389
880.04 4407.26
364.494 197.921
-1163.3 -89.8731
-201.906 -708.903
-2614.29 -3723.3
274.591 4481.99
1428.25 397.626
59.7041 61.6346
-236.289 1675.86
3694.71 3186.37
2603.86 -344.369
3619.06 588.17
-514.348 1249.92
-3264.52 3654.8
-520.596 1144.7
4478.23 1716.37
51.1457 290.039
206.406 36.4935
21.1676 -268.635
-4800.67 -1598.03
1750.74 984.763
-929.011 -5211.85
-492.202 -75.2947
2239.7 -1482.98
1347 1776.41
5114.02 339.816
3630.33 1501.81
1827.29 1560.54
3149.17 3366.75
2047.83 1473.65
-759.065 -529.77
-4092.36 1576.89
-2518.89 -375.645
1722.28 571.546
-2621.98 1275.21
-3447.97 3731.49
1404.14 1708.84
-145.904 -780.93
-1257.82 -1.58744
3621.12 -3417.05
171 942.918
1855.58 -1307.94
-1553.49 1415.94
-174.999 -1668.24
-720.325 -145.057
2743.1 4516.8
-4236.75 -2021.85
-367.754 -4308.72
4253.43 -796.238
4000.37 -2889.85
-449.716 77.7196
-3784.22 83.6957
2946.59 -2616.95
-144.248 1290.3
-1005.5 3798.49
-799.591 3210.14
2442.22 3849.73
732.729 687.302
-81.513 225.792
174.718 -1549.42
1137.77 -1876.93
-2998.78 -420.365
-242.608 3141.8
-4971.89 316.167
779.476 4965.5
834.8 211.253
-545.249 -2681.58
1880.55 -1288.45
206.173 -246.063
1118.23 3209.18
590.296 -485.071
1649.66 2948.65
106.206 -3388.25
-878.736 -2518.99
-1878.55 -2173.92
552.21 -4473.36
-853.622 2099.21
726.345 -332.64
5.06376 -4253.08
-1245.32 69.5383
-1735.03 -410.629
249.418 1217.7
175.988 -3302.97
-748.307 1137.37
880.588 -1617.27
-2336.9 -2577.81
4055.16 1159.01
1351.6 2966.95
1536.15 399.585
1733.64 4178.78
-3076.97 -615.452
-195.278 -4790.56
-1600.91 1080.72
-2145.28 -1977.81
2091.29 -312.523
-3822.43 -2379.02
-314.921 56.1016
2788.36 62.7864
-603.221 3525.89
1979.62 2187.05
-1200.35 -4087.3
-2045.17 -1876.58
1797.14 -33.7581
-4747.47 185.688
2803.11 -2281.5
524.875 -1067.24
826.339 -1907.02
-1124.72 2841.29
4736.06 -1101.7
-773.754 -889.518
-1442.46 3282.8
1640.01 -2977.95
504.472 1683.9
1683.96 1053.82
-1036.52 -5166.34
2770.04 -709.84
-1865.35 2960.44
371.253 500.364
1308.95 -2823.57
1367.61 755.82
656.466 164.52
-1510.85 2727.55
-1970.7 -2889.37
3512.62 454.122
251.556 792.834
-2546.32 -868.457
945.323 2887.58
-1275.56 1693.59
2308.16 -1344.03
989.207 2785.58
-144.562 -405.222
2907.52 -4107.82
-3166.15 -220.863
710.364 1933.65
-926.595 542.226
1467.5 -3650.13
-1105.99 -22.6717
296.926 -5138.49
-387.906 3296.47
-4.36824 -370.799
2414.43 -1233.8
2064.32 -2542.99
132.505 108.09
-408.625 85.1295
-218.887 -286.762
601.557 384.215
3300.49 -661.956
1789.55 -205.622
-1452.39 -935.298
-96.3054 -1163.05
356.893 1291.73
-212.91 -2844.08
-118.82 -3513.3
1060.46 -1087.92
-4.01564 260.613
-500.01 200.816
-3860.16 -2990.02
7.77478 636.901
-142.745 -166.182
-1164.26 -420.017
484.768 -969.004
-190.851 204.136
2716.93 -2822.65
2882.42 3505
1993.22 3633.96
38.0199 3838.73
840.053 2044.66
-246.534 165.288
-1339.94 2884.11
-3463.18 -818.001
204.839 -1740.48
72.0907 552.909
-2815.54 -134.905
-2090.87 3104.18
2518.87 2418.69
1454 -2025.12
-585.593 1155.66
-905.666 3116.74
3360.28 -3321.52
-1947.48 -928.82
1497.53 -1102.43
4584.63 -2295.62
-3936.33 1208.58
1023.72 2105.06
1025.59 -669.285
-813.136 248.517
-1590.89 -638.526
2415.99 2239.64
485.01 844.165
-4008.4 3497.87
336.159 -1836.76
-283.82 -2090.27
-752.03 -663.692
2132.55 -1018.99
119.303 -50.3319
-577.973 3647.11
-109.377 -898.83
1725.65 4359.88
-2672.73 3672.6
-2252.53 2880.12
-89.7425 185.982
530.283 1084.43
-719.19 1674.94
-1422.16 -4452.95
-334.462 -2925.88
8.30529 73.461
-3253.6 -1874.52
-4552.62 1296.41
-961.039 107.668
2180.67 253.37
-257.728 50.1054
-596.684 1936.2
-1522.46 -1445.9
-4495.77 1006.73
872.165 816.201
3562.41 510.326
48.6412 -2034.85
-2635.89 -2244.44
-103.386 382.222
2235.75 4041.2
1715.59 4906.83
-3662.07 -1802.75
3302.01 -562.638
1812.02 -3467.49
2652.7 966.387
75.8187 -127.972
4185.54 2375.49
318.741 -1870.92
1079.06 -677.847
-484.904 -2163.04
-1406.73 -2657.6
-3395.25 1764.37
-391.99 375.056
-361.482 -34.6449
-1059.47 2400.01
-1948.8 4383.73
-343.278 1653.51
-1803.59 -1293.69
252.067 467.714
527.881 2826.19
782.275 40.1017
-4764.71 674.98
-523.226 -1105.78
-1063.23 -2504.6
1616.8 2668.06
3428.64 1280.02
-1863.19 1777.97
662.825 -1697.84
3206.47 -3670.91
-1494.74 359.016
-1544.63 -916.925
10.8278 70.995
691.2 119.834
-310.937 1036.52
-331.596 234.61
-1080.66 -393.239
2930.96 -1816.05
-617.433 1499.79
1147.73 2373.57
-2433.2 590.217
545.122 -3367.05
572.207 -2908.72
2978.88 -4003.05
4561.66 1316.72
1918.46 1815.7
-1080.81 744.33
4953.3 -1966.27
-368.219 -277.081
-1029.58 -5051.05
1209.59 3397.09
1872.32 -3621.91
-1679.6 1001.84
-1266.31 1644.89
292.063 23.9137
-1692.49 -4165.51
1951.2 -575.287
1702.64 -368.803
247.682 847.368
975.102 640.925
-789.254 -2116.6
-39.1698 -247.668
973.372 -2044.23
1159.69 2702.91
505.085 2682.93
2462.77 1122.51
-2856.98 1198.51
-206.348 -4974.73
1190.03 79.8949
2702.42 2714.24
-4782.92 -1104.12
-993.262 -1282.33
2556.45 349.588
171.993 1.61657
4323.36 1570.09
-4421.22 -1630.3
1920.08 2419.82
158.168 1010.91
-872.954 3460.69
525.73 851.68
3062.95 -1581.01
840.382 4017.71
87.7418 -1657.88
-493.44 -3201.72
-183.527 311.936
-3692.05 816.252
1853.38 849.818
351.547 2451.3
1382.59 -524.562
5040.13 1108.84
-1682.38 -3743.23
336.939 -402.33
-273.622 -5211.16
-2688.58 3674.57
-1383.95 86.0093
2694.91 2575.85
-3627.38 -43.7204
3965.87 -1146.8
766.997 4846.99
10.1444 1820.49
3763.08 -823.017
73.2921 16.2407
2537.83 853.461
2663.86 -2299.09
1601.29 2283.89
2343.4 -4424.42
-4266.43 -140.652
-729.193 3553.08


1554.89 -1660.23
-637.085 -447.891
-2469.15 201.622
-321.254 -4098.94
-2124.83 1789.49
95.6556 2597.66
-641.46 297.41
907.521 4046.33
2529.85 643.424
-4745.21 -784.871
2489.56 -439.154
3318.06 2514.52
4.20916 -96.1813
320.748 141.991
1414.94 -1083.17
-1885.5 3404.65
-3536.04 1252.37
-191.487 1873.09
-1407.16 -4308.24
-1501.51 -1613.35
4771.64 2055.27
1489.7 -1284.48
803.429 394.267
1789.54 -755.122
-310.369 1585.68
3125.57 -720.991
666.756 18.0947
3842.69 62.0897
1846.89 -2203.93
-518.425 1820.64
417.649 3611.63
-4289.66 -2587.32
512.283 -1500.38
-11.1875 1022.64
-1780.98 894.454
2173.51 368.224
3402.28 2070.21
1152.55 -2480.34
-1561.66 1985.33
693.489 -92.5627
-1607.66 931.503
-1259.43 3046.15
-3281.81 -2020.36
242.28 -3549.47
1568.33 2116.02
-2681.24 -830.605
-745.365 2540.15
223.444 471.036
-157.85 3646.24
145.449 -466.229
-1142.64 -3777.98
-1383.14 2849.62
-13.2856 -169.474
612.564 -579.775
290.673 1967.74
-1395.97 -4878.05
592.059 2644.2
-842.298 -204.329
2825.15 -194.893
777.245 1115.12
1235.18 -3152.6
-1816.94 779.493
-1972.11 627.505
-4716.08 -2079.54
1573.56 10.9153
2972.14 -2463.1
-2858.94 2140.94
-4615.64 -465.237
4281.83 1227.14
212.476 -75.4903
2816.54 -1227.87
-1022.03 4131.02
-328.724 -1651.94
-3012.88 -3393.7
-400.742 -119.621
-1151.25 -2136.44
-1398 2463.95
1718.16 3799.56
1530.64 714.341
4094.24 1250.34
-911.897 -1591
-3118.68 1659.09
250.193 -1909.31
-1951.66 -1400.87
735.258 -104.951
2870.97 2059.02
686.79 -198.883
-3768.86 3013.53
420.295 -1039.59
-2930.39 -374.827
938.731 121.945
-3615.88 -164.018
1870.38 -1657.08
-1575.06 4517.52
-4042.55 3051.26
4562.99 1609.87
1240.6 2361.72
1706.6 1082.65
-742.356 2175.91
1384.42 -2097.57
2892.23 -80.4662
157.55 -1169.5
589.904 1412.26
-250.112 -336.527
2142.5 -70.0319
1638.82 -1044.47
-1719.15 1283.18
-133.957 -154.365
125.261 277.398
-2625.19 -3041.89
2408.33 4435.85
-3880.7 3418.32
-866.724 -2438.78
-478.231 -4391.41
1370.27 2104.11
-2587.25 -272.42
2387.49 -1630.83
3548.45 -1670.77
5026.62 -1049.85
10.1037 -2423.85
-1810.08 -3508.7
-3535.8 -3927.83
3570.95 3124.34
4396.26 -1776.14
-3861.38 2748.2
3284.56 -3011.37
-3128.69 1394.75
2331.79 3517.33
2518.88 2536.01
-3353.74 -1591.38
-1039.44 1489.64
-882.518 -52.628
69.4756 1722.43
-244.518 833.661
3482.53 -868.219
914.539 -1455.46
-2304.07 689.635
102.774 2400.71
1727.19 -828.197
-453.175 -1039.09
3542.63 -2168.25
5090.42 1502.24
-2770.82 3482.56
-4110.98 192.102
1646.24 2941.52
-4644.79 519.5
4649.82 -2442.38
-2078.21 1712.98
679.406 -411.792
4368.29 -2052.09
569.082 -1003.78
-1184.55 -4028.59
-3322.12 -889.96
-1373.95 3283.4
3665.12 -1452.79
1511.54 -3693.79
1028.73 -2648.38
-1180.82 3684.46
106.318 -501.598
-1495.49 1282.89
-282.88 -997.501
-2417.58 4028.96
3301.05 -156.425
-2200.22 -2961.42
-1247.11 271.237
3528.88 3528.23
638.819 58.5694
-983.287 -324.635
-3162.14 -74.376
2546.39 -2880.16
3939.24 976.759
2452.44 -1000.54
-4763.31 -877.672
873.036 4408.56
351.224 219.764
-1162.78 -105.234
-183.224 -712.465
-2607.95 -3727.82
267.551 4482.3
1425.8 411.826
-9.41798 78.489
-249.591 1674.9
3690.02 3191.77
2605.29 -334.298
3617.63 595.709
-527.003 1244.43
-3270.44 3649.66
-533.885 1138.77
4475.53 1723.62
19.0425 291.98
197.091 73.4414
54.1592 -264.713
-4798.37 -1605.09
1745.18 995.051
-921.943 -5213.14
-487.22 -96.3878
2244.59 -1475.1
1338.46 1782.71
5113.53 346.825
3627.17 1509.72
1820.74 1567.48
3143.53 3372.1
2041.98 1481.29
-748.32 -542.384
-4095.52 1569.13
-2517.69 -386.495
1718.83 583.694
-2626.68 1266.21
-3453.67 3726.36
1395.44 1716.72
-127.972 -780.665
-1256.34 -15.1467
3625.68 -3412.1
154.592 946.407
1860.7 -1299.64
-1560.98 1407.7
-162.613 -1669.46
-719.3 -163.574
2737.41 4520.18
-4233.62 -2028.27
-359.522 -4309.54
4254.69 -789.003
4004.2 -2884.38
-451.747 51.9188
-3784.17 76.219
2951.75 -2611.03
-157.041 1287.15
-1012.85 3796.41
-807.906 3207.97
2435.42 3854.2
721.941 699.702
-112.98 212.303
187.5 -1547.84
1147.12 -1871.27
-2997.28 -428.573
-252.308 3141.28
-4972.18 309.642
772.661 4966.52
830.789 228.416
-535.35 -2683.77
1886.93 -1279.49
227.962 -226.599
1110.56 3211.62
604.014 -472.867
1642.14 2952.75
115.147 -3388.02
-870.038 -2521.64
-1871.53 -2179.77
559.164 -4472.38
-864.289 2095.3
734.973 -316.499
12.951 -4253.09
-1247.03 54.61
-1731.94 -421.9
235.221 1220.35
184.26 -3302.33
-761.159 1130.31
890.883 -1611.52
-2330.77 -2583.14
4053.01 1166.48
1343.97 2970.18
1533.64 413.048
1726.99 4181.45
-3075.24 -624.765
-187.486 -4790.97
-1607.52 1071.03
-2138.7 -1985.26
2092.99 -301.461
-3818.61 -2384.95
-317.323 28.228
2788.01 72.1194
-611.237 3524.41
1972.7 2193.26
-1192.24 -4089.85
-2038.5 -1884.07
1796.45 -22.7349
-4747.8 178.149
2808.5 -2274.9
536.734 -1059.63
836.538 -1902.53
-1133.17 2837.89
4737.83 -1094.33
-762.89 -900.691
-1450.21 3279.38
1646.88 -2973.89
493.581 1686.13
1677.86 1063.46
-1029.86 -5167.63
2771.87 -701.324
-1873.18 2955.7
352.389 509.97
1316.37 -2819.81
1361.37 767.274
653.827 183.376
-1519.09 2723.09
-1963.27 -2894.62
3511.62 463.155
234.502 798.255
-2543.13 -877.652
936.142 2890.78
-1284.78 1686.89
2313.01 -1335.57
980.47 2788.62
-118.438 -412.043
2913.23 -4103.74
-3165.28 -229.024
700.518 1936.52
-931.962 528.456
1475.06 -3647.1
-1106.53 -38.484
304.695 -5138.17
-397.345 3295.58
20.8869 -373.072
2418.53 -1225.36
2070.57 -2537.63
103.487 137.61
-410.75 60.3186
-196.447 -306.089
593.424 401.175
3301.93 -653.849
1791.9 -192.834
-1445.54 -944.636
-80.6702 -1166.5
343.01 1296.84
-203.066 -2844.95
-110.895 -3513.36
1071.34 -1078.96
-36.3509 264.791
-508.023 180.821
-3855.61 -2995.94
-12.6762 637.163
-108.519 -183.795
-1159.73 -434.219
499.643 -962.893
-212.483 180.868
2722.31 -2817.28
2876.16 3510.33
1985.93 3638.09
29.372 3838.93
830.208 2048.49
-260.454 138.811
-1348.15 2880.29
-3461.27 -827.08
217.224 -1739.22
51.7101 555.652
-2815.18 -144.788
-2098.22 3099.38
2512.57 2425.58
1461.53 -2019.27
-597.529 1148.73
-914.323 3114.24
3365.89 -3315.98
-1942.68 -938.339
1503.29 -1093.22
4588.04 -2288.95
-3938.45 1201.34
1014.13 2109.8
1034.33 -657.064
-818.02 231.549
-1586.51 -650.545
2409.61 2246.93
471.343 854.268
-4012.81 3492.75
347.009 -1834.19
-273.57 -2091.09
-741.319 -675.971
2137.38 -1009.3
128.556 -0.854616
-586.575 3645.84
-92.6861 -898.8
1719.04 4362.42
-2678.47 3668.33
-2259.34 2874.86
-123.401 166.209
517.188 1088.72
-730.08 1670.16
-1415.28 -4455.09
-325.225 -2926.88
-54.7432 47.522
-3249.55 -1881.32
-4554.6 1289.38
-964.509 91.064
2178.99 263.307
-265.177 19.2322
-608.4 1933.18
-1514.95 -1452.97
-4497.59 999.02
861.953 826.942
3561.31 519.376
59.8218 -2034.46
-2630.02 -2251.65
-130.3 374.58
2229.62 4044.47
1709.37 4908.91
-3658.58 -1809.71
3303.89 -553.229
1819.08 -3463.76
2649.39 975.196
112.232 -100.448
4182.12 2381.3
330.745 -1869.19
1086.35 -665.647
-474.179 -2165.54
-1398.18 -2662.34
-3398.84 1757.29
-406.288 357.064
-362.232 -62.8515
-1067.7 2395.96
-1955.92 4380.65
-356.386 1651.61
-1797.25 -1302.65
231.219 477.498
519.331 2827.42
782.485 58.557
-4765.53 668.32
-510.126 -1110.25
-1053.74 -2508.97
1609.44 2672.25
3425.7 1287.8
-1870.41 1770.59
673.119 -1693.17
3212.55 -3665.77
-1496.74 346.869
-1538.74 -928.486
-58.1824 48.3086
690.763 138.187
-326.18 1032.36
-343.713 212.239
-1076.43 -408.348
2934.99 -1809.14
-630.218 1495.45
1138.52 2378.22
-2435 581.015
553.895 -3365.68
580.432 -2906.74
2984.85 -3998.66
4559.58 1324.25
1911.61 1822.95
-1090.71 732.86
4956.11 -1959.4
-350 -295.576
-1023.05 -5052.31
1201.44 3400.05
1879.18 -3618.3
-1684.55 992.307
-1276.37 1638.03
281.213 54.9708
-1686.01 -4167.99
1954.08 -564.664
1704.65 -357.218
231 852.065
966.118 652.201
-779.383 -2120.09
-4.92708 -246.279
983.134 -2039.62
1150.6 2707.08
496.332 2684.16
2458.7 1131.81
-2860.63 1189.94
-199.167 -4975.02
1188.95 94.7036
2696.61 2719.99
-4781.31 -1110.63
-983.193 -1290.17
2554.94 359.115
165.6 43.3531
4320.77 1577.35
-4418.62 -1637.5
1913.32 2424.81
142.099 1015.12
-881.547 3458.62
512.42 861.853
3066.69 -1573.54
832.053 4019.6
101.123 -1658.03
-484.768 -3202.99
-207.25 297.532
-3694.22 807.462
1848.47 859.039
342.059 2452.28
1386.94 -512.207
5038.61 1115.58
-1675.41 -3746.26
354.058 -387.268
-267.072 -5211.43
-2695.15 3669.88
-1384.46 72.4534
2688.86 2582.41
-3627.46 -52.7936
3967.72 -1139.81
759.254 4848.33
-2.77007 1821.42
3764.91 -814.856
9.10879 60.3456
2534.75 863.343
2668.86 -2292.98
1593.4 2289.39
2349.86 -4421.02
-4266.04 -147.748
-736.599 3551.31


1562.22 -1653
-624.83 -461.579
-2469.42 192.306
-313.681 -4099.45
-2130.85 1782.19
84.7816 2598.52
-650.334 280.277
899.813 4048.05
2527.41 653.205
-4744.01 -792.192
2491.15 -429.371
3313.12 2521.2
57.0989 -69.9992
303.392 164.539
1421.66 -1073.65
-1892.62 3400.7
-3538.92 1244.38
-203.922 1872.39
-1399.56 -4310.82
-1493.65 -1620.32
4768.93 2061.41
1496.77 -1275.83
798.13 411.019
1793.3 -744.848
-321.577 1582.35
3127.41 -712.49
667.772 37.4763
3842.75 71.0379
1854.43 -2197.74
-528.987 1817.09
409.631 3612.44
-4286.16 -2592.92
525.716 -1497.01
-27.7336 1024.24
-1784.98 884.806
2172.17 379.981
3398.03 2077.25
1161.54 -2476.23
-1569.42 1979.09
696.901 -73.4858
-1614.55 920.931
-1267.48 3042.76
-3277.69 -2026.75
250.284 -3548.76
1560.27 2122.07
-2678.39 -839.887
-755.108 2537.39
202.078 480.071
-166.624 3645.96
168.177 -458.127
-1134.57 -3780.52
-1390.36 2845.77
28.4125 -168.153
623.614 -566.091
279.482 1969.25
-1388.54 -4880.29
583.012 2645.95
-841.426 -222.046
2825.51 -185.9
765.821 1123.17
1242.81 -3149.43
-1821.47 768.914
-1975.55 616.76
-4713.33 -2085.62
1573.13 23.5369
2976.77 -2457.22
-2863.69 2134.38
-4614.9 -472.703
4279.73 1234.43
221.553 -40.823
2819.96 -1219.7
-1029.91 4129.14
-317.241 -1653.29
-3007.1 -3398.88
-392.27 -143.6
-1142.22 -2141.2
-1406.94 2459.16
1711.23 3802.6
1525.17 725.1
4091.96 1257.94
-901.523 -1596.94
-3123.05 1651.19
261.563 -1907.67
-1945.71 -1408.29
740.834 -87.6789
2865.93 2066.12
694.29 -181.884
-3772.92 3008.26
432.787 -1032.3
-2928.99 -383.291
937.493 138.86
-3615.32 -171.728
1877.71 -1649.23
-1581.75 4515.13
-4047.34 3045.11
4560.67 1616.08
1231.7 2366.52
1700.43 1090.94
-752.882 2172.57
1392.22 -2092.03
2892.1 -71.886
172.351 -1167.45
577.986 1416.74
-228.859 -350.017
2142.15 -60.0181
1643.89 -1035.12
-1724.99 1274.61
-105.777 -179.831
96.9589 288.53
-2619.31 -3046.83
2402.32 4439.03
-3885.81 3412.67
-856.551 -2442.92
-469.899 -4392.49
1361.28 2110.52
-2586.43 -282.958
2392.23 -1623.39
3552.31 -1662.95
5027.82 -1043.54
20.7374 -2423.95
-1802.52 -3512.74
-3530.89 -3932.14
3565.86 3130.3
4399.05 -1769.25
-3865.81 2742.04
3289.23 -3006.1
-3132.83 1386.15
2324.83 3522.13
2512.54 2542.56
-3350.14 -1599.03
-1048.42 1482.68
-883.746 -70.2012
56.2789 1723.93
-262.06 831.091
3484.34 -860.369
923.775 -1448.66
-2307.05 679.654
92.0959 2401.32
1732.85 -817.384
-439.2 -1044.09
3546.84 -2161.43
5088.38 1509.43
-2776.11 3478.14
-4111.15 184.856
1639.23 2945.15
-4645.75 511.711
4652.81 -2436.52
-2084.23 1705.5
687.097 -395.335
4371.67 -2045.11
582.979 -996.888
-1176.7 -4030.99
-3319.83 -897.57
-1381.89 3280.1
3668.29 -1445
1518.43 -3690.81
1036.76 -2644.88
-1188.47 3681.96
129.035 -493.502
-1501.75 1274.43
-267.502 -1003.09
-2423.82 4025.19
3301.76 -146.846
-2193.79 -2966.02
-1248.66 257.737
3523.44 3533.84
638.04 78.4387
-980.78 -341.278
-3161.87 -83.2736
2552.91 -2874.54
3937.31 984.155
2456.34 -991.22
-4761.98 -884.953
866.03 4409.84
336.592 240.754
-1162.08 -120.577
-164.42 -715.549
-2601.6 -3732.32
260.511 4482.61
1423.23 425.993
-70.7835 38.9671
-262.881 1673.86
3685.31 3197.16
2606.69 -324.221
3616.17 603.244
-539.602 1238.8
-3276.36 3644.5
-547.103 1132.69
4472.82 1730.86
-13.2758 290.606
181.5 108.053
86.3637 -256.941
-4796.06 -1612.16
1739.57 1005.31
-914.873 -5214.42
-481.154 -117.267
2249.45 -1467.21
1329.89 1788.96
5113.04 353.834
3623.99 1517.63
1814.15 1574.39
3137.88 3377.44
2036.1 1488.9
-737.324 -554.817
-4098.67 1561.37
-2516.46 -397.339
1715.3 595.817
-2631.36 1257.21
-3459.36 3721.21
1386.72 1724.56
-109.971 -779.981
-1254.7 -28.704
3630.23 -3407.13
138.138 949.613
1865.77 -1291.31
-1568.43 1399.41
-150.217 -1670.6
-717.796 -181.981
2731.72 4523.55
-4230.48 -2034.7
-351.289 -4310.35
4255.94 -781.766
4008.02 -2878.9
-452.462 25.9668
-3784.1 68.7419
2956.9 -2605.1
-169.816 1283.83
-1020.19 3794.32
-816.216 3205.78
2428.61 3858.65
710.966 711.92
-142.084 194.372
200.27 -1546.17
1156.45 -1865.56
-2995.75 -436.777
-262.007 3140.74
-4972.47 303.116
765.845 4967.52
826.432 245.484
-525.445 -2685.92
1893.27 -1270.5
247.817 -205.213
1102.87 3214.04
617.374 -460.383
1634.6 2956.83
124.088 -3387.78
-861.328 -2524.25
-1864.49 -2185.61
566.117 -4471.39
-874.937 2091.34
743.22 -300.194
20.8381 -4253.08
-1248.57 39.6743
-1728.78 -433.151
220.993 1222.84
192.53 -3301.68
-773.933 1123.13
901.142 -1605.7
-2324.63 -2588.46
4050.84 1173.94
1336.32 2973.4
1531.02 426.485
1720.32 4184.1
-3073.49 -634.073
-179.694 -4791.36
-1614.07 1061.31
-2132.09 -1992.69
2094.63 -290.39
-3814.78 -2390.87
-316.957 0.108648
2787.62 81.4516
-619.25 3522.9
1965.75 2199.45
-1184.12 -4092.4
-2031.81 -1891.53
1795.67 -11.7107
-4748.11 170.609
2813.88 -2268.27
548.51 -1051.85
846.713 -1897.99
-1141.61 2834.46
4739.59 -1086.96
-751.904 -911.719
-1457.95 3275.94
1653.75 -2969.81
482.667 1688.28
1671.7 1073.08
-1023.19 -5168.92
2773.66 -692.8
-1880.99 2950.95
333.127 519
1323.78 -2816.01
1355.04 778.675
650.628 202.075
-1527.32 2718.6
-1955.83 -2899.84
3510.6 472.185
217.339 803.308
-2539.9 -886.835
926.953 2893.95
-1293.96 1680.14
2317.82 -1327.1
971.723 2791.64
-91.9002 -417.426
2918.95 -4099.65
-3164.39 -237.183
690.651 1939.33
-937.129 514.572
1482.62 -3644.05
-1106.87 -54.2888
312.463 -5137.83
-406.78 3294.66
46.0313 -373.355
2422.59 -1216.9
2076.8 -2532.24
68.2562 158.879
-411.292 35.2754
-172.87 -323.645
584.859 417.844
3303.34 -645.736
1794.16 -180.037
-1438.61 -953.925
-65.0216 -1169.77
329.089 1301.81
-193.22 -2845.8
-102.969 -3513.4
1082.15 -1069.92
-68.1447 264.981
-515.158 160.513
-3851.06 -3001.86
-33.114 636.763
-71.0068 -195.812
-1155.03 -448.361
514.416 -956.584
-231.319 155.221
2727.67 -2811.9
2869.9 3515.65
1978.63 3642.21
20.7239 3839.12
820.343 2052.27
-271.494 110.8
-1356.34 2876.46
-3459.34 -836.153
229.598 -1737.88
31.249 557.529
-2814.79 -154.67
-2105.56 3094.56
2506.25 2432.47
1469.03 -2013.39
-609.393 1141.67
-922.973 3111.72
3371.49 -3310.43
-1937.83 -947.835
1508.98 -1083.96
4591.45 -2282.27
-3940.55 1194.11
1004.53 2114.5
1042.91 -644.75
-822.55 214.48
-1582.05 -662.531
2403.22 2254.21
457.541 864.127
-4017.22 3487.63
357.846 -1831.55
-263.312 -2091.84
-730.414 -688.073
2142.17 -999.591
118.201 48.726
-595.174 3644.55
-75.9622 -898.446
1712.43 4364.95
-2684.2 3664.05
-2266.14 2869.58
-152.932 140.873
504.015 1092.85
-740.939 1665.31
-1408.39 -4457.23
-315.984 -2927.86
-72.4704 -21.1189
-3245.49 -1888.11
-4556.56 1282.35
-967.699 74.4335
2177.25 273.238
-268.568 -11.9382
-620.098 1930.09
-1507.4 -1460
-4499.39 991.308
851.608 837.556
3560.18 528.422
71.0006 -2034.02
-2624.13 -2258.85
-156.637 365.278
2223.48 4047.73
1703.14 4910.99
-3655.09 -1816.67
3305.75 -543.816
1826.13 -3460
2646.06 983.993
138.356 -63.6793
4178.68 2387.1
342.736 -1867.39
1093.5 -653.363
-463.443 -2167.99
-1389.61 -2667.05
-3402.41 1750.2
-419.889 338.461
-360.952 -90.7069
-1075.92 2391.88
-1963.04 4377.56
-369.475 1649.61
-1790.87 -1311.58
209.95 486.414
510.776 2828.62
782.265 76.98
-4766.35 661.658
-496.952 -1114.56
-1044.23 -2513.3
1602.05 2676.41
3422.75 1295.56
-1877.6 1763.18
683.383 -1688.44
3218.63 -3660.62
-1498.63 334.696
-1532.78 -940.005
-69.1054 -20.0584
689.796 156.434
-341.355 1027.99
-354.39 188.979
-1072.01 -423.386
2938.99 -1802.22
-642.965 1491.02
1129.3 2382.83
-2436.76 571.803
562.665 -3364.28
588.652 -2904.74
2990.81 -3994.25
4557.48 1331.79
1904.74 1830.17
-1100.48 721.305
4958.91 -1952.53
-330.784 -313.23
-1016.52 -5053.55
1193.28 3403
1886.04 -3614.67
-1689.44 982.738
-1286.4 1631.12
266.956 85.3574
-1679.53 -4170.46
1956.89 -554.024
1706.58 -345.616
214.229 856.433
956.973 663.37
-769.495 -2123.53
29.405 -240.109
992.874 -2034.96
1141.49 2711.22
487.573 2685.35
2454.6 1141.1
-2864.25 1181.37
-191.986 -4975.3
1187.69 109.498
2690.79 2725.73
-4779.7 -1117.13
-973.063 -1297.93
2553.39 368.637
149.098 82.4363
4318.16 1584.6
-4416 -1644.7
1906.55 2429.79
125.994 1019.08
-890.135 3456.53
498.975 871.8
3070.41 -1566.05
823.721 4021.48
114.499 -1658.09
-476.092 -3204.23
-229.762 281.39
-3696.37 798.668
1843.5 868.234
332.564 2453.21
1391.18 -499.811
5037.08 1122.32
-1668.44 -3749.29
370.511 -371.479
-260.522 -5211.68
-2701.71 3665.19
-1384.85 58.8904
2682.81 2588.96
-3627.52 -61.8666
3969.56 -1132.81
751.509 4849.66
-15.6844 1822.28
3766.71 -806.692
-56.5579 4.2297
2531.63 873.213
2673.84 -2286.85
1585.49 2294.87
2356.32 -4417.61
-4265.64 -154.843
-744.002 3549.53


1569.52 -1645.74
-612.219 -475.004
-2469.64 182.987
-306.107 -4099.94
-2136.84 1774.86
73.9064 2599.35
-658.717 262.933
892.102 4049.76
2524.92 662.977
-4742.81 -799.512
2492.7 -419.58
3308.18 2527.87
81.2212 -10.7716
283.97 185.965
1428.32 -1064.09
-1899.73 3396.73
-3541.79 1236.38
-216.348 1871.62
-1391.97 -4313.39
-1485.76 -1627.25
4766.21 2067.54
1503.79 -1267.14
792.539 427.619
1797 -734.547
-332.764 1578.91
3129.23 -703.983
668.189 56.8244
3842.8 79.9857
1861.95 -2191.52
-539.528 1813.48
401.61 3613.23
-4282.64 -2598.52
539.115 -1493.55
-44.2729 1025.59
-1788.92 875.128
2170.77 391.729
3393.78 2084.28
1170.53 -2472.08
-1577.15 1972.81
699.77 -54.3518
-1621.37 910.321
-1275.52 3039.35
-3273.55 -2033.12
258.286 -3548.04
1552.18 2128.09
-2675.52 -849.159
-764.841 2534.59
180.325 488.184
-175.397 3645.66
190.511 -448.949
-1126.5 -3783.04
-1397.57 2841.89
68.3569 -156.436
634.387 -552.155
268.281 1970.69
-1381.11 -4882.53
573.958 2647.65
-840.216 -239.674
2825.84 -176.905
754.317 1131.11
1250.44 -3146.24
-1825.95 758.309
-1978.94 605.998
-4710.56 -2091.69
1572.59 36.1569
2981.39 -2451.32
-2868.42 2127.81
-4614.14 -480.168
4277.62 1241.73
224.942 -5.10816
2823.34 -1211.52
-1037.77 4127.25
-305.741 -1654.55
-3001.32 -3404.05
-382.314 -167.037
-1133.16 -2145.92
-1415.86 2454.34
1704.29 3805.64
1519.62 735.82
4089.66 1265.53
-891.111 -1602.81
-3127.4 1643.27
272.924 -1905.96
-1939.73 -1415.68
745.933 -70.3501
2860.87 2073.19
701.288 -164.754
-3776.96 3002.97
445.197 -1024.82
-2927.55 -391.752
935.964 155.731
-3614.73 -179.437
1885.01 -1641.35
-1588.44 4512.73
-4052.12 3038.96
4558.33 1622.28
1222.78 2371.29
1694.22 1099.19
-763.391 2169.18
1399.99 -2086.46
2891.93 -63.305
187.123 -1165.21
566.025 1421.12
-206.744 -362.188
2141.75 -50.0027
1648.9 -1025.73
-1730.78 1266.01
-74.1276 -199.426
67.6831 296.765
-2613.43 -3051.77
2396.31 4442.21
-3890.91 3407.01
-846.365 -2447.03
-461.565 -4393.56
1352.26 2116.91
-2585.57 -293.492
2396.94 -1615.93
3556.15 -1655.12
5029.01 -1037.24
31.3706 -2424
-1794.95 -3516.76
-3525.99 -3936.44
3560.75 3136.26
4401.83 -1762.36
-3870.24 2735.86
3293.89 -3000.81
-3136.96 1377.55
2317.86 3526.91
2506.2 2549.09
-3346.52 -1606.66
-1057.36 1475.64
-884.638 -87.7478
43.0793 1725.34
-279.497 828.187
3486.14 -852.514
932.964 -1441.78
-2309.99 669.66
81.4161 2401.89
1738.44 -806.54
-425.147 -1048.91
3551.03 -2154.6
5086.34 1516.61
-2781.4 3473.72
-4111.31 177.608
1632.2 2948.77
-4646.69 503.92
4655.79 -2430.66
-2090.22 1698
694.42 -378.667
4375.04 -2038.12
596.775 -989.821
-1168.85 -4033.37
-3317.53 -905.174
-1389.83 3276.77
3671.44 -1437.21
1525.31 -3687.82
1044.77 -2641.36
-1196.12 3679.45
151.488 -484.394
-1507.96 1265.92
-252.061 -1008.45
-2430.04 4021.4
3302.46 -137.266
-2187.35 -2970.61
-1250.05 244.205
3518 3539.43
636.615 98.2288
-978.041 -357.839
-3161.57 -92.1706
2559.42 -2868.9
3935.37 991.547
2460.2 -981.884
-4760.64 -892.233
859.021 4411.12
320.649 260.808
-1161.19 -135.9
-145.505 -718.15
-2595.24 -3736.81
253.469 4482.89
1420.55 440.127
-85.3436 -28.5334
-276.156 1672.72
3680.6 3202.55
2608.04 -314.14
3614.69 610.776
-552.143 1233.04
-3282.28 3639.34
-560.249 1126.46
4470.1 1738.09
-45.4396 285.873
160.205 139.273
117.326 -245.469
-4793.74 -1619.21
1733.91 1015.53
-907.801 -5215.69
-474.009 -137.882
2254.28 -1459.29
1321.29 1795.18
5112.54 360.842
3620.8 1525.53
1807.53 1581.27
3132.23 3382.78
2030.19 1496.49
-726.079 -567.062
-4101.8 1553.6
-2515.18 -408.177
1711.7 607.914
-2636 1248.19
-3465.05 3716.06
1377.96 1732.35
-91.9107 -778.871
-1252.89 -42.2575
3634.77 -3402.16
121.642 952.534
1870.81 -1282.96
-1575.83 1391.09
-137.814 -1671.64
-715.82 -200.269
2726.02 4526.91
-4227.32 -2041.12
-343.056 -4311.15
4257.18 -774.526
4011.83 -2873.41
-451.846 -0.0614539
-3784.02 61.2645
2962.04 -2599.16
-182.569 1280.37
-1027.53 3792.21
-824.52 3203.56
2421.79 3863.1
699.807 723.954
-168.225 172.388
213.026 -1544.38
1165.74 -1859.81
-2994.19 -444.976
-271.704 3140.18
-4972.74 296.589
759.028 4968.52
821.733 262.45
-515.533 -2688.04
1899.57 -1261.47
265.575 -182.091
1095.19 3216.44
630.375 -447.631
1627.05 2960.88
133.028 -3387.51
-852.606 -2526.82
-1857.42 -2191.41
573.068 -4470.39
-885.565 2087.33
751.082 -283.733
28.7252 -4253.06
-1249.95 24.7332
-1725.54 -444.383
206.734 1225.16
200.799 -3301
-786.626 1115.83
911.363 -1599.82
-2318.48 -2593.76
4048.66 1181.4
1328.67 2976.59
1528.31 439.894
1713.66 4186.75
-3071.71 -643.375
-171.901 -4791.75
-1620.57 1051.54
-2125.45 -2000.11
2096.21 -279.311
-3810.93 -2396.79
-313.781 -28.0109
2787.19 90.7827
-627.26 3521.38
1958.79 2205.62
-1176 -4094.92
-2025.09 -1898.97
1794.82 -0.685963
-4748.41 163.069
2819.24 -2261.64
560.199 -1043.91
856.863 -1893.4
-1150.05 2831.01
4741.33 -1079.59
-740.797 -922.603
-1465.68 3272.48
1660.6 -2965.71
471.73 1690.34
1665.49 1082.65
-1016.52 -5170.2
2775.43 -684.268
-1888.8 2946.18
313.483 527.435
1331.18 -2812.2
1348.61 790.023
646.878 220.603
-1535.54 2714.08
-1948.38 -2905.06
3509.55 481.212
200.076 807.991
-2536.64 -896.006
917.755 2897.09
-1303.11 1673.35
2322.61 -1318.61
962.966 2794.62
-65.0389 -421.338
2924.65 -4095.55
-3163.47 -245.34
680.764 1942.09
-942.093 500.578
1490.17 -3640.98
-1106.99 -70.0832
320.231 -5137.49
-416.213 3293.72
70.9357 -371.69
2426.62 -1208.42
2083.02 -2526.84
28.9829 170.749
-410.221 10.0942
-148.317 -339.377
575.872 434.211
3304.74 -637.62
1796.35 -167.233
-1431.62 -963.167
-49.3624 -1172.84
315.132 1306.64
-183.371 -2846.61
-95.0434 -3513.43
1092.87 -1060.8
-98.9896 261.461
-521.404 139.928
-3846.5 -3007.77
-53.5175 635.704
-31.1789 -201.396
-1150.18 -462.441
529.082 -950.078
-247.095 127.521
2733.02 -2806.51
2863.63 3520.96
1971.32 3646.31
12.0757 3839.29
810.458 2055.99
-279.471 81.5411
-1364.52 2872.59
-3457.39 -845.222
241.962 -1736.45
10.7393 558.539
-2814.37 -164.55
-2112.89 3089.74
2499.92 2439.34
1476.51 -2007.47
-621.184 1134.47
-931.616 3109.17
3377.09 -3304.87
-1932.93 -957.306
1514.61 -1074.66
4594.85 -2275.59
-3942.64 1186.86
994.907 2119.15
1051.35 -632.343
-826.724 197.319
-1577.51 -674.482
2396.81 2261.47
443.61 873.741
-4021.62 3482.5
368.668 -1828.83
-253.047 -2092.54
-719.318 -699.996
2146.91 -989.862
89.5048 90.7252
-603.769 3643.23
-59.2109 -897.768
1705.81 4367.47
-2689.93 3659.77
-2272.93 2864.29
-177.418 110.884
490.766 1096.81
-751.765 1660.39
-1401.49 -4459.36
-306.74 -2928.81
-18.1464 -68.0538
-3241.41 -1894.89
-4558.52 1275.32
-970.609 57.7814
2175.46 283.162
-267.99 -42.9347
-631.775 1926.94
-1499.81 -1466.99
-4501.18 983.594
841.133 848.04
3559.04 537.465
82.1773 -2033.51
-2618.23 -2266.04
-182.284 354.365
2217.33 4050.97
1696.92 4913.06
-3651.58 -1823.62
3307.58 -534.399
1833.17 -3456.24
2642.69 992.78
152.227 -21.2474
4175.24 2392.9
354.714 -1865.52
1100.51 -640.996
-452.695 -2170.39
-1381.03 -2671.74
-3405.96 1743.11
-432.765 319.273
-357.725 -118.074
-1084.12 2387.76
-1970.15 4374.46
-382.543 1647.53
-1784.45 -1320.47
188.298 494.443
502.214 2829.79
781.615 95.3608
-4767.15 654.995
-483.706 -1118.71
-1034.71 -2517.61
1594.66 2680.54
3419.77 1303.32
-1884.75 1755.75
693.618 -1683.63
3224.7 -3655.47
-1500.41 322.499
-1526.74 -951.483
-20.5219 -70.6622
688.309 174.563
-356.46 1023.41
-363.554 164.912
-1067.4 -438.352
2942.98 -1795.3
-655.672 1486.5
1120.07 2387.42
-2438.47 562.582
571.431 -3362.86
596.866 -2902.7
2996.77 -3989.84
4555.37 1339.31
1897.84 1837.37
-1110.13 709.667
4961.7 -1945.66
-310.61 -329.975
-1009.98 -5054.79
1185.11 3405.92
1892.9 -3611.03
-1694.28 973.135
-1296.4 1624.16
249.236 114.632
-1673.05 -4172.92
1959.64 -543.366
1708.42 -333.997
197.375 860.472
947.669 674.427
-759.589 -2126.92
63.1263 -229.007
1002.59 -2030.25
1132.38 2715.34
478.809 2686.51
2450.47 1150.38
-2867.85 1172.78
-184.804 -4975.57
1186.24 124.275
2684.96 2731.46
-4778.07 -1123.64
-962.874 -1305.6
2551.8 378.153
123.358 116.404
4315.55 1591.84
-4413.37 -1651.89
1899.76 2434.74
109.859 1022.79
-898.718 3454.41
485.4 881.52
3074.11 -1558.56
815.385 4023.35
127.868 -1658.05
-467.413 -3205.44
-250.938 263.611
-3698.5 789.87
1838.47 877.403
323.064 2454.11
1395.31 -487.374
5035.55 1129.06
-1661.46 -3752.29
386.267 -354.991
-253.971 -5211.92
-2708.27 3660.48
-1385.09 45.3216
2676.74 2595.5
-3627.55 -70.9392
3971.38 -1125.82
743.763 4850.97
-28.598 1823.06
3768.5 -798.524
-10.4101 -65.7675
2528.48 883.071
2678.8 -2280.71
1577.56 2300.32
2362.78 -4414.19
-4265.22 -161.938
-751.401 3547.72


1576.78 -1638.44
-599.258 -488.157
-2469.82 173.665
-298.532 -4100.41
-2142.8 1767.51
63.0301 2600.14
-666.607 245.393
884.388 4051.45
2522.4 672.74
-4741.59 -806.829
2494.21 -409.782
3303.22 2534.52
51.1727 52.8431
262.514 206.057
1434.91 -1054.47
-1906.83 3392.75
-3544.63 1228.37
-228.766 1870.78
-1384.37 -4315.95
-1477.83 -1634.14
4763.48 2073.66
1510.75 -1258.41
786.66 444.065
1800.63 -724.22
-343.931 1575.37
3131.03 -695.471
668.012 76.122
3842.83 88.9332
1869.45 -2185.29
-550.049 1809.8
393.588 3613.99
-4279.12 -2604.12
552.478 -1489.99
-60.8014 1026.68
-1792.81 865.422
2169.33 403.467
3389.51 2091.31
1179.49 -2467.9
-1584.85 1966.5
702.099 -35.1757
-1628.13 899.674
-1283.55 3035.92
-3269.4 -2039.49
266.287 -3547.29
1544.07 2134.08
-2672.61 -858.421
-774.563 2531.76
158.225 495.357
-184.168 3645.34
212.397 -438.716
-1118.42 -3785.55
-1404.77 2837.99
104.089 -135.079
644.876 -537.972
257.071 1972.07
-1373.67 -4884.75
564.896 2649.33
-838.672 -257.207
2826.14 -167.907
742.734 1138.92
1258.05 -3143.03
-1830.36 747.678
-1982.26 595.218
-4707.78 -2097.76
1571.95 48.7745
2986 -2445.41
-2873.13 2121.23
-4613.36 -487.631
4275.49 1249.01
222.534 30.7376
2826.71 -1203.33
-1045.64 4125.34
-294.225 -1655.71
-2995.53 -3409.21
-370.907 -189.84
-1124.09 -2150.61
-1424.77 2449.5
1697.35 3808.66
1513.98 746.5
4087.35 1273.12
-880.662 -1608.61
-3131.73 1635.34
284.275 -1904.18
-1933.71 -1423.04
750.559 -52.9766
2855.8 2080.26
707.785 -147.505
-3780.99 2997.69
457.523 -1017.15
-2926.08 -400.208
934.145 172.555
-3614.12 -187.145
1892.28 -1633.45
-1595.13 4510.32
-4056.89 3032.8
4555.98 1628.47
1213.84 2376.02
1687.95 1107.41
-773.883 2165.74
1407.74 -2080.85
2891.74 -54.7234
201.866 -1162.78
554.023 1425.39
-183.843 -372.982
2141.29 -39.9861
1653.85 -1016.3
-1736.53 1257.37
-40.19 -212.896
37.7275 302.019
-2607.53 -3056.69
2390.3 4445.37
-3896 3401.35
-836.167 -2451.1
-453.229 -4394.61
1343.23 2123.25
-2584.67 -304.021
2401.63 -1608.46
3559.98 -1647.28
5030.18 -1030.93
42.0033 -2424.01
-1787.38 -3520.77
-3521.07 -3940.73
3555.63 3142.21
4404.59 -1755.47
-3874.66 2729.69
3298.53 -2995.52
-3141.06 1368.93
2310.88 3531.68
2499.84 2555.61
-3342.88 -1614.29
-1066.25 1468.55
-885.196 -105.261
29.8776 1726.66
-296.823 824.955
3487.92 -844.654
942.104 -1434.82
-2312.89 659.653
70.7348 2402.41
1743.97 -795.666
-411.015 -1053.53
3555.2 -2147.76
5084.29 1523.78
-2786.67 3469.29
-4111.45 170.361
1625.16 2952.37
-4647.62 496.129
4658.77 -2424.79
-2096.18 1690.47
701.369 -361.795
4378.39 -2031.12
610.47 -982.585
-1160.99 -4035.73
-3315.2 -912.772
-1397.76 3273.43
3674.58 -1429.41
1532.18 -3684.82
1052.77 -2637.81
-1203.76 3676.92
173.625 -474.279
-1514.12 1257.37
-236.561 -1013.57
-2436.26 4017.61
3303.12 -127.686
-2180.89 -2975.18
-1251.28 230.642
3512.54 3545.02
634.551 117.92
-975.074 -374.317
-3161.24 -101.067
2565.91 -2863.26
3933.41 998.935
2464.02 -972.535
-4759.3 -899.51
852.009 4412.37
303.455 279.842
-1160.1 -151.201
-126.491 -720.263
-2588.87 -3741.3
246.427 4483.17
1417.75 454.225
-57.7848 -84.2904
-289.416 1671.5
3675.89 3207.93
2609.36 -304.055
3613.2 618.305
-564.626 1227.15
-3288.18 3634.17
-573.321 1120.08
4467.37 1745.33
-77.0691 277.785
133.952 166.186
146.618 -230.503
-4791.41 -1626.27
1728.19 1025.72
-900.728 -5216.96
-465.79 -158.185
2259.08 -1451.36
1312.65 1801.35
5112.03 367.849
3617.59 1533.42
1800.87 1588.13
3126.56 3388.1
2024.25 1504.06
-714.588 -579.116
-4104.93 1545.82
-2513.87 -419.008
1708.02 619.984
-2640.63 1239.15
-3470.73 3710.9
1369.17 1740.11
-73.7994 -777.332
-1250.91 -55.8053
3639.3 -3397.19
105.111 955.171
1875.8 -1274.58
-1583.19 1382.73
-125.402 -1672.59
-713.378 -218.427
2720.32 4530.27
-4224.16 -2047.53
-334.821 -4311.93
4258.4 -767.283
4015.64 -2867.91
-449.887 -26.0894
-3783.91 53.7868
2967.16 -2593.21
-195.301 1276.74
-1034.87 3790.09
-832.818 3201.32
2414.97 3867.54
688.466 735.8
-190.864 146.815
225.767 -1542.49
1175.01 -1854.01
-2992.6 -453.172
-281.398 3139.59
-4973 290.062
752.209 4969.51
816.695 279.308
-505.614 -2690.13
1905.83 -1252.43
281.093 -157.433
1087.49 3218.81
643.012 -434.62
1619.49 2964.92
141.968 -3387.22
-843.872 -2529.37
-1850.34 -2197.2
580.018 -4469.38
-896.174 2083.27
758.558 -267.127
36.6123 -4253.02
-1251.16 9.78884
-1722.22 -455.594
192.446 1227.31
209.066 -3300.29
-799.238 1108.42
921.545 -1593.87
-2312.31 -2599.05
4046.46 1188.86
1321 2979.76
1525.5 453.275
1706.99 4189.39
-3069.91 -652.672
-164.108 -4792.12
-1627 1041.74
-2118.8 -2007.5
2097.73 -268.225
-3807.08 -2402.7
-307.771 -55.8766
2786.74 100.113
-635.265 3519.83
1951.8 2211.77
-1167.88 -4097.44
-2018.35 -1906.39
1793.89 10.3388
-4748.7 155.528
2824.59 -2255
571.8 -1035.8
866.989 -1888.75
-1158.47 2827.54
4743.07 -1072.21
-729.574 -933.34
-1473.41 3269
1667.44 -2961.59
460.77 1692.33
1659.22 1092.19
-1009.85 -5171.47
2777.16 -675.729
-1896.59 2941.39
293.473 535.254
1338.56 -2808.36
1342.09 801.316
642.586 238.946
-1543.75 2709.55
-1940.92 -2910.25
3508.49 490.236
182.721 812.301
-2533.34 -905.166
908.549 2900.21
-1312.22 1666.51
2327.36 -1310.1
954.2 2797.58
-37.9469 -423.754
2930.35 -4091.44
-3162.53 -253.496
670.856 1944.78
-946.853 486.475
1497.72 -3637.9
-1106.9 -85.864
327.998 -5137.13
-425.643 3292.76
95.4768 -368.119
2430.62 -1199.93
2089.22 -2521.42
-11.997 172.566
-407.512 -15.127
-122.952 -353.251
566.476 450.269
3306.11 -629.499
1798.45 -154.421
-1424.55 -972.359
-33.6952 -1175.72
301.142 1311.32
-173.52 -2847.39
-87.1167 -3513.43
1103.51 -1051.61
-128.543 254.518
-526.752 119.103
-3841.93 -3013.67
-73.8656 633.986
9.72993 -199.9
-1145.17 -476.457
543.64 -943.378
-259.583 98.1251
2738.36 -2801.11
2857.35 3526.26
1964 3650.41
3.42746 3839.43
800.554 2059.67
-284.224 51.3424
-1372.69 2868.71
-3455.42 -854.286
254.313 -1734.94
-9.78704 558.683
-2813.92 -174.429
-2120.21 3084.89
2493.57 2446.19
1483.97 -2001.52
-632.899 1127.14
-940.252 3106.6
3382.67 -3299.31
-1927.98 -966.752
1520.18 -1065.31
4598.24 -2268.91
-3944.72 1179.62
985.264 2123.76
1059.64 -619.847
-830.541 180.072
-1572.88 -686.398
2390.39 2268.72
429.555 883.111
-4026.01 3477.37
379.475 -1826.04
-242.774 -2093.18
-708.034 -711.735
2151.62 -980.113
46.7787 118.492
-612.362 3641.9
-42.438 -896.763
1699.18 4369.97
-2695.65 3655.47
-2279.7 2858.98
-196.163 77.3027
477.443 1100.61
-762.559 1655.4
-1394.6 -4461.47
-297.494 -2929.73
49.9224 -49.9941
-3237.31 -1901.66
-4560.46 1268.29
-973.241 41.1126
2173.61 293.08
-263.565 -73.3169
-643.434 1923.73
-1492.17 -1473.94
-4502.96 975.877
830.527 858.393
3557.87 546.506
93.3513 -2032.94
-2612.31 -2273.21
-207.135 341.905
2211.18 4054.21
1690.69 4915.11
-3648.05 -1830.56
3309.39 -524.979
1840.2 -3452.45
2639.3 1001.55
152.995 23.0299
4171.78 2398.7
366.679 -1863.57
1107.39 -628.547
-441.937 -2172.73
-1372.44 -2676.41
-3409.5 1736
-444.887 299.529
-352.638 -144.828
-1092.31 2383.61
-1977.26 4371.35
-395.592 1645.36
-1777.99 -1329.33
166.3 501.564
493.648 2830.93
780.539 113.69
-4767.94 648.331
-470.391 -1122.7
-1025.17 -2521.88
1587.25 2684.66
3416.77 1311.08
-1891.88 1748.29
703.823 -1678.75
3230.77 -3650.3
-1502.09 310.279
-1520.64 -962.917
50.582 -46.5288
686.307 192.562
-371.491 1018.61
-371.137 140.129
-1062.61 -453.243
2946.95 -1788.36
-668.339 1481.89
1110.81 2391.96
-2440.14 553.351
580.193 -3361.43
605.074 -2900.63
3002.72 -3985.42
4553.25 1346.84
1890.92 1844.55
-1119.64 697.948
4964.48 -1938.78
-289.521 -345.75
-1003.45 -5056.01
1176.94 3408.82
1899.74 -3607.38
-1699.05 963.498
-1306.35 1617.16
228.061 142.311
-1666.56 -4175.37
1962.33 -532.692
1710.18 -322.361
180.445 864.178
938.207 685.372
-749.666 -2130.27
95.4682 -212.929
1012.29 -2025.5
1123.25 2719.43
470.038 2687.64
2446.31 1159.64
-2871.43 1164.19
-177.622 -4975.83
1184.61 139.033
2679.12 2737.18
-4776.43 -1130.14
-952.627 -1313.2
2550.18 387.664
89.867 143.05
4312.92 1599.09
-4410.74 -1659.07
1892.95 2439.67
93.6977 1026.26
-907.295 3452.28
471.7 891.012
3077.79 -1551.06
807.046 4025.2
141.23 -1657.91
-458.73 -3206.63
-270.664 244.309
-3700.62 781.068
1833.38 886.544
313.559 2454.96
1399.32 -474.898
5034.01 1135.8
-1654.47 -3755.29
401.298 -337.835
-247.42 -5212.15
-2714.82 3655.76
-1385.2 31.7483
2670.65 2602.02
-3627.57 -80.0115
3973.18 -1118.81
736.015 4852.28
-41.5104 1823.77
3770.28 -790.352
61.1517 -53.866
2525.3 892.917
2683.75 -2274.56
1569.61 2305.74
2369.22 -4410.76
-4264.79 -169.033
-758.795 3545.9


1584.01 -1631.1
-585.951 -501.029
-2469.96 164.34
-290.956 -4100.87
-2148.74 1760.15
52.1528 2600.89
-674 227.669
876.67 4053.13
2519.85 682.493
-4740.36 -814.144
2495.68 -399.978
3298.25 2541.17
-23.5185 65.1382
239.076 224.59
1441.44 -1044.81
-1913.92 3388.75
-3547.47 1220.36
-241.176 1869.86
-1376.76 -4318.5
-1469.86 -1640.99
4760.75 2079.79
1517.67 -1249.63
780.498 460.351
1804.2 -713.867
-355.076 1571.74
3132.8 -686.954
667.246 95.3525
3842.84 97.8803
1876.93 -2179.03
-560.548 1806.04
385.563 3614.74
-4275.59 -2609.71
565.806 -1486.33
-77.3151 1027.53
-1796.63 855.687
2167.83 415.196
3385.23 2098.32
1188.44 -2463.69
-1592.54 1960.17
703.887 -15.9725
-1634.82 888.991
-1291.57 3032.47
-3265.24 -2045.85
274.286 -3546.53
1535.95 2140.04
-2669.67 -867.673
-784.274 2528.9
135.819 501.573
-192.939 3645.01
233.783 -427.45
-1110.33 -3788.04
-1411.95 2834.07
133.383 -105.372
655.076 -523.548
245.853 1973.39
-1366.24 -4886.97
555.827 2650.97
-836.799 -274.638
2826.41 -158.908
731.074 1146.61
1265.66 -3139.8
-1834.72 737.022
-1985.53 584.42
-4705 -2103.82
1571.2 61.3888
2990.59 -2439.49
-2877.82 2114.63
-4612.58 -495.094
4273.35 1256.3
214.362 65.7864
2830.05 -1195.12
-1053.5 4123.42
-282.692 -1656.79
-2989.73 -3414.36
-358.087 -211.919
-1114.99 -2155.25
-1433.66 2444.63
1690.4 3811.67
1508.27 757.139
4085.02 1280.7
-870.175 -1614.34
-3136.05 1627.4
295.615 -1902.33
-1927.65 -1430.38
754.714 -35.5698
2850.7 2087.32
713.781 -130.152
-3785.02 2992.39
469.763 -1009.29
-2924.59 -408.661
932.038 189.325
-3613.5 -194.852
1899.51 -1625.52
-1601.81 4507.9
-4061.66 3026.64
4553.62 1634.67
1204.88 2380.72
1681.63 1115.59
-784.36 2162.26
1415.47 -2075.22
2891.51 -46.1411
216.577 -1160.17
541.981 1429.57
-160.238 -382.346
2140.77 -29.9683
1658.74 -1006.84
-1742.23 1248.69
-5.07617 -220.188
7.39281 304.239
-2601.63 -3061.6
2384.28 4448.53
-3901.09 3395.68
-825.956 -2455.14
-444.892 -4395.65
1334.17 2129.57
-2583.73 -314.546
2406.3 -1600.97
3563.8 -1639.44
5031.35 -1024.62
52.6352 -2423.97
-1779.8 -3524.77
-3516.15 -3945.02
3550.51 3148.16
4407.35 -1748.57
-3879.07 2723.5
3303.17 -2990.22
-3145.14 1360.31
2303.9 3536.44
2493.46 2562.12
-3339.23 -1621.91
-1075.1 1461.39
-885.422 -122.735
16.6743 1727.9
-314.032 821.398
3489.67 -836.789
951.196 -1427.79
-2315.74 649.634
60.0521 2402.89
1749.43 -784.763
-396.81 -1057.97
3559.37 -2140.92
5082.23 1530.96
-2791.94 3464.85
-4111.57 163.112
1618.1 2955.94
-4648.54 488.336
4661.73 -2418.92
-2102.11 1682.92
707.939 -344.727
4381.74 -2024.12
624.061 -975.183
-1153.13 -4038.09
-3312.85 -920.364
-1405.68 3270.06
3677.7 -1421.61
1539.05 -3681.8
1060.76 -2634.23
-1211.39 3674.38
195.396 -463.162
-1520.22 1248.78
-221.005 -1018.45
-2442.47 4013.8
3303.77 -118.104
-2174.43 -2979.74
-1252.35 217.05
3507.08 3550.6
631.853 137.494
-971.882 -390.709
-3160.89 -109.962
2572.4 -2857.6
3931.44 1006.32
2467.82 -963.172
-4757.94 -906.785
844.995 4413.62
285.07 297.78
-1158.82 -166.477
-107.391 -721.885
-2582.5 -3745.77
239.385 4483.43
1414.85 468.287
-10.4551 -113.455
-302.661 1670.18
3671.16 3213.3
2610.65 -293.965
3611.68 625.83
-577.048 1221.13
-3294.08 3628.99
-586.318 1113.56
4464.63 1752.55
-107.782 266.395
103.624 188.05
173.851 -212.296
-4789.07 -1633.32
1722.41 1035.88
-893.654 -5218.21
-456.505 -178.126
2263.85 -1443.4
1303.99 1807.48
5111.51 374.856
3614.36 1541.3
1794.18 1594.95
3120.89 3393.41
2018.27 1511.6
-702.855 -590.972
-4108.03 1538.04
-2512.52 -429.833
1704.27 632.028
-2645.22 1230.11
-3476.41 3705.74
1360.34 1747.82
-55.6468 -775.357
-1248.77 -69.3456
3643.83 -3392.2
88.5476 957.523
1880.75 -1266.17
-1590.51 1374.33
-112.984 -1673.45
-710.479 -236.444
2714.61 4533.61
-4220.99 -2053.94
-326.585 -4312.7
4259.61 -760.038
4019.43 -2862.41
-446.58 -52.0391
-3783.79 46.3089
2972.27 -2587.25
-208.009 1272.97
-1042.2 3787.94
-841.109 3199.06
2408.14 3871.97
676.948 747.457
-209.525 118.183
238.493 -1540.49
1184.24 -1848.17
-2990.99 -461.363
-291.09 3138.97
-4973.26 283.534
745.388 4970.48
811.319 296.05
-495.689 -2692.18
1912.04 -1243.35
294.243 -131.448
1079.79 3221.17
655.282 -421.362
1611.92 2968.94
150.906 -3386.91
-835.127 -2531.87
-1843.24 -2202.95
586.966 -4468.35
-906.763 2079.17
765.646 -250.384
44.4991 -4252.97
-1252.2 -5.15689
-1718.82 -466.784
178.132 1229.29
217.332 -3299.57
-811.769 1100.89
931.69 -1587.85
-2306.13 -2604.32
4044.25 1196.31
1313.33 2982.91
1522.58 466.626
1700.31 4192.01
-3068.08 -661.963
-156.315 -4792.48
-1633.38 1031.91
-2112.12 -2014.86
2099.2 -257.131
-3803.21 -2408.61
-298.921 -83.2254
2786.25 109.442
-643.268 3518.27
1944.8 2217.89
-1159.75 -4099.94
-2011.58 -1913.79
1792.87 21.3631
-4748.98 147.988
2829.93 -2248.34
583.31 -1027.52
877.09 -1884.04
-1166.88 2824.04
4744.79 -1064.83
-718.235 -943.93
-1481.12 3265.51
1674.27 -2957.45
449.787 1694.23
1652.9 1101.7
-1003.18 -5172.73
2778.87 -667.182
-1904.38 2936.59
273.116 542.44
1345.94 -2804.49
1335.48 812.555
637.759 257.09
-1551.94 2704.99
-1933.44 -2915.42
3507.4 499.258
165.281 816.237
-2530.01 -914.313
899.334 2903.3
-1321.29 1659.63
2332.08 -1301.57
945.423 2800.51
-10.7193 -424.655
2936.05 -4087.33
-3161.56 -261.649
660.928 1947.42
-951.407 472.266
1505.25 -3634.8
-1106.59 -101.628
335.765 -5136.77
-435.07 3291.78
119.536 -362.689
2434.59 -1191.43
2095.41 -2515.98
-52.2645 164.185
-403.143 -40.2864
-96.9331 -365.248
556.68 466.01
3307.46 -621.374
1800.48 -141.602
-1417.41 -981.502
-18.0226 -1178.41
287.119 1315.87
-163.667 -2848.14
-79.1895 -3513.41
1114.07 -1042.33
-156.517 244.44
-531.193 98.0717
-3837.35 -3019.56
-94.1374 631.613
50.2641 -190.97
-1140 -490.408
558.088 -936.485
-268.597 67.4161
2743.69 -2795.69
2851.06 3531.55
1956.68 3654.49
-5.22079 3839.57
790.63 2063.3
-285.615 20.5383
-1380.85 2864.8
-3453.44 -863.346
266.653 -1733.34
-30.2982 557.961
-2813.43 -184.305
-2127.51 3080.03
2487.21 2453.03
1491.39 -1995.53
-644.538 1119.66
-948.881 3104.01
3388.25 -3293.73
-1922.99 -976.174
1525.69 -1055.92
4601.62 -2262.22
-3946.78 1172.36
975.6 2128.32
1067.77 -607.263
-833.999 162.747
-1568.17 -698.279
2383.94 2275.95
415.38 892.234
-4030.4 3472.23
390.267 -1823.17
-232.495 -2093.76
-696.565 -723.289
2156.28 -970.345
-3.29683 127.654
-620.951 3640.55
-25.6496 -895.43
1692.55 4372.47
-2701.36 3651.16
-2286.47 2853.65
-208.713 41.274
464.048 1104.24
-773.321 1650.33
-1387.7 -4463.57
-288.244 -2930.61
62.3775 26.8305
-3233.2 -1908.43
-4562.4 1261.25
-975.594 24.4321
2171.71 302.99
-255.45 -102.674
-655.072 1920.46
-1484.5 -1480.85
-4504.73 968.157
819.793 868.614
3556.69 555.543
104.523 -2032.3
-2606.38 -2280.36
-231.089 327.964
2205.02 4057.44
1684.46 4917.16
-3644.52 -1837.49
3311.18 -515.555
1847.23 -3448.66
2635.87 1010.32
140.862 65.3758
4168.32 2404.48
378.63 -1861.56
1114.12 -616.018
-431.169 -2175.03
-1363.83 -2681.05
-3413.02 1728.89
-456.227 279.258
-345.785 -170.857
-1100.48 2379.43
-1984.36 4368.23
-408.618 1643.1
-1771.48 -1338.16
143.995 507.763
485.076 2832.04
779.039 131.957
-4768.72 641.665
-457.007 -1126.52
-1015.62 -2526.13
1579.83 2688.75
3413.76 1318.82
-1898.99 1740.81
713.997 -1673.8
3236.82 -3645.13
-1503.66 298.037
-1514.47 -974.309
63.7759 23.5925
683.798 210.419
-386.445 1013.61
-377.076 114.726
-1057.65 -468.056
2950.91 -1781.4
-680.966 1477.19
1101.54 2396.48
-2441.78 544.111
588.951 -3359.96
613.276 -2898.54
3008.67 -3980.99
4551.12 1354.36
1883.97 1851.69
-1129.03 686.149
4967.25 -1931.9
-267.568 -360.49
-996.91 -5057.23
1168.76 3411.71
1906.58 -3603.71
-1703.77 953.828
-1316.27 1610.11
203.519 167.883
-1660.07 -4177.8
1964.96 -522.001
1711.86 -310.709
163.445 867.552
928.587 696.202
-739.727 -2133.56
125.609 -191.959
1021.96 -2020.7
1114.11 2723.49
461.261 2688.73
2442.11 1168.89
-2874.98 1155.58
-170.439 -4976.08
1182.79 153.769
2673.26 2742.88
-4774.78 -1136.63
-942.321 -1320.72
2548.51 397.168
50.6599 160.587
4310.28 1606.32
-4408.09 -1666.25
1886.13 2444.58
77.5134 1029.48
-915.868 3450.13
457.878 900.274
3081.45 -1543.54
798.705 4027.03
154.584 -1657.69
-450.044 -3207.8
-288.834 223.603
-3702.72 772.262
1828.24 895.658
304.048 2455.77
1403.23 -462.384
5032.45 1142.54
-1647.48 -3758.27
415.573 -320.044
-240.869 -5212.38
-2721.36 3651.04
-1385.18 18.1719
2664.56 2608.53
-3627.56 -89.0833
3974.97 -1111.81
728.266 4853.58
-54.4211 1824.39
3772.03 -782.177
93.859 -1.39257
2522.08 902.751
2688.68 -2268.4
1561.64 2311.14
2375.67 -4407.32
-4264.35 -176.126
-766.186 3544.05


1591.21 -1623.73
-572.303 -513.609
-2470.06 155.012
-283.379 -4101.32
-2154.65 1752.76
41.2748 2601.6
-680.892 209.776
868.949 4054.8
2517.25 692.235
-4739.12 -821.458
2497.11 -390.168
3293.27 2547.81
-71.6495 5.75957
213.735 241.332
1447.89 -1035.1
-1921 3384.74
-3550.28 1212.34
-253.575 1868.87
-1369.15 -4321.04
-1461.86 -1647.8
4758 2085.91
1524.53 -1240.82
774.058 476.473
1807.7 -703.489
-366.199 1568.01
3134.55 -678.431
665.896 114.5
3842.83 106.827
1884.39 -2172.74
-571.026 1802.22
377.536 3615.47
-4272.05 -2615.3
579.096 -1482.58
-93.8102 1028.14
-1800.39 845.924
2166.28 426.914
3380.93 2105.33
1197.38 -2459.45
-1600.19 1953.8
705.135 3.243
-1641.45 878.272
-1299.58 3028.99
-3261.05 -2052.19
282.283 -3545.74
1527.8 2145.97
-2666.7 -876.915
-793.974 2526
113.151 506.819
-201.709 3644.65
254.618 -415.175
-1102.24 -3790.51
-1419.12 2830.13
154.341 -69.0871
664.981 -508.888
234.627 1974.63
-1358.8 -4889.17
546.75 2652.57
-834.6 -291.963
2826.64 -149.907
719.337 1154.19
1273.25 -3136.55
-1839.01 726.341
-1988.74 573.605
-4702.2 -2109.88
1570.34 73.999
2995.17 -2433.56
-2882.5 2108.02
-4611.78 -502.555
4271.2 1263.58
200.607 99.1207
2833.36 -1186.91
-1061.36 4121.49
-271.143 -1657.77
-2983.92 -3419.51
-343.896 -233.187
-1105.88 -2159.86
-1442.54 2439.73
1683.45 3814.66
1502.47 767.738
4082.68 1288.28
-859.651 -1620
-3140.35 1619.46
306.945 -1900.41
-1921.56 -1437.69
758.403 -18.1411
2845.6 2094.36
719.278 -112.709
-3789.04 2987.09
481.912 -1001.23
-2923.06 -417.109
929.644 206.037
-3612.85 -202.558
1906.72 -1617.56
-1608.49 4505.47
-4066.42 3020.47
4551.25 1640.86
1195.91 2385.39
1675.25 1123.74
-794.819 2158.73
1423.17 -2069.54
2891.25 -37.5584
231.252 -1157.37
529.899 1433.63
-136.012 -390.23
2140.2 -19.9498
1663.58 -997.336
-1747.89 1239.99
30.1855 -221.409
-23.0161 303.401
-2595.71 -3066.5
2378.25 4451.68
-3906.16 3390
-815.733 -2459.14
-436.554 -4396.67
1325.09 2135.84
-2582.76 -325.066
2410.94 -1593.46
3567.6 -1631.59
5032.51 -1018.3
63.2661 -2423.89
-1772.21 -3528.75
-3511.22 -3949.3
3545.38 3154.09
4410.09 -1741.67
-3883.47 2717.31
3307.8 -2984.91
-3149.21 1351.67
2296.91 3541.18
2487.07 2568.61
-3335.56 -1629.53
-1083.9 1454.17
-885.32 -140.164
3.4702 1729.04
-331.119 817.52
3491.41 -828.92
960.238 -1420.69
-2318.55 639.603
49.3683 2403.32
1754.83 -773.83
-382.531 -1062.21
3563.52 -2134.06
5080.16 1538.13
-2797.2 3460.39
-4111.68 155.863
1611.04 2959.5
-4649.44 480.541
4664.69 -2413.05
-2108.02 1675.35
714.123 -327.471
4385.07 -2017.11
637.546 -967.615
-1145.27 -4040.43
-3310.49 -927.951
-1413.59 3266.68
3680.8 -1413.8
1545.91 -3678.77
1068.73 -2630.62
-1219.02 3671.82
216.748 -451.052
-1526.28 1240.15
-205.398 -1023.09
-2448.68 4009.99
3304.39 -108.522
-2167.95 -2984.29
-1253.27 203.43
3501.61 3556.17
628.528 156.931
-968.466 -407.011
-3160.51 -118.857
2578.87 -2851.92
3929.45 1013.7
2471.57 -953.796
-4756.57 -914.058
837.979 4414.85
265.563 314.544
-1157.36 -181.726
-88.2169 -723.01
-2576.12 -3750.23
232.341 4483.69
1411.83 482.313
39.8808 -116.828
-315.89 1668.78
3666.43 3218.67
2611.89 -283.871
3610.15 633.353
-589.41 1214.98
-3299.98 3623.8
-599.237 1106.88
4461.88 1759.78
-137.2 251.808
70.2001 204.302
198.675 -191.146
-4786.72 -1640.37
1716.58 1046
-886.578 -5219.46
-446.161 -197.654
2268.59 -1435.43
1295.3 1813.57
5110.98 381.862
3611.12 1549.18
1787.46 1601.75
3115.21 3398.72
2012.26 1519.11
-690.88 -602.626
-4111.13 1530.26
-2511.13 -440.651
1700.45 644.044
-2649.78 1221.05
-3482.07 3700.56
1351.48 1755.49
-37.4626 -772.943
-1246.45 -82.8766
3648.35 -3387.21
71.9582 959.59
1885.66 -1257.73
-1597.78 1365.89
-100.559 -1674.22
-707.128 -254.311
2708.9 4536.95
-4217.8 -2060.34
-318.348 -4313.46
4260.8 -752.791
4023.22 -2856.91
-441.926 -77.8318
-3783.65 38.8307
2977.37 -2581.28
-220.692 1269.03
-1049.53 3785.78
-849.395 3196.78
2401.3 3876.38
665.255 758.921
-223.806 87.0801
251.203 -1538.39
1193.45 -1842.28
-2989.35 -469.55
-300.78 3138.33
-4973.5 277.006
738.566 4971.45
805.61 312.67
-485.758 -2694.2
1918.22 -1234.25
304.916 -104.357
1072.08 3223.5
667.183 -407.866
1604.33 2972.94
159.843 -3386.58
-826.371 -2534.35
-1836.11 -2208.69
593.912 -4467.31
-917.331 2075.02
772.344 -233.513
52.3859 -4252.9
-1253.07 -20.1019
-1715.34 -477.952
163.794 1231.1
225.597 -3298.82
-824.216 1093.26
941.795 -1581.77
-2299.93 -2609.57
4042.03 1203.76
1305.64 2986.04
1519.58 479.947
1693.63 4194.62
-3066.23 -671.249
-148.521 -4792.83
-1639.69 1022.03
-2105.43 -2022.21
2100.61 -246.03
-3799.33 -2414.51
-287.24 -109.785
2785.73 118.769
-651.266 3516.68
1937.78 2223.99
-1151.62 -4102.43
-2004.79 -1921.16
1791.78 32.3864
-4749.25 140.446
2835.24 -2241.67
594.727 -1019.09
887.165 -1879.28
-1175.29 2820.51
4746.51 -1057.45
-706.782 -954.371
-1488.83 3261.99
1681.09 -2953.29
438.783 1696.05
1646.52 1111.16
-996.507 -5173.99
2780.54 -658.628
-1912.15 2931.77
252.43 548.974
1353.3 -2800.6
1328.78 823.739
632.407 275.022
-1560.12 2700.41
-1925.96 -2920.58
3506.3 508.277
147.766 819.798
-2526.65 -923.448
890.111 2906.36
-1330.33 1652.7
2336.76 -1293.02
936.638 2803.41
16.5467 -424.032
2941.73 -4083.2
-3160.56 -269.8
650.981 1950
-955.75 457.953
1512.78 -3631.69
-1106.07 -117.373
343.531 -5136.39
-444.494 3290.77
143 -355.451
2438.53 -1182.9
2101.58 -2510.52
-89.3977 145.979
-397.1 -65.278
-70.4144 -375.367
546.496 481.425
3308.79 -613.244
1802.43 -128.777
-1410.2 -990.596
-2.34702 -1180.91
273.065 1320.28
-153.813 -2848.86
-71.2619 -3513.37
1124.54 -1032.98
-182.671 231.514
-534.72 76.8722
-3832.76 -3025.45
-114.312 628.588
88.8397 -174.634
-1134.68 -504.291
572.422 -929.401
-273.992 35.7992
2749 -2790.26
2844.76 3536.83
1949.35 3658.55
-13.869 3839.68
780.688 2066.88
-283.539 -10.5135
-1389 2860.87
-3451.43 -872.4
278.979 -1731.66
-50.7624 556.373
-2812.92 -194.179
-2134.81 3075.16
2480.83 2459.85
1498.8 -1989.52
-656.098 1112.05
-957.503 3101.4
3393.82 -3288.15
-1917.94 -985.569
1531.13 -1046.49
4604.99 -2255.53
-3948.82 1165.11
965.917 2132.85
1075.76 -594.593
-837.096 145.352
-1563.39 -710.124
2377.48 2283.16
401.089 901.11
-4034.77 3467.09
401.044 -1820.24
-222.21 -2094.29
-684.915 -734.655
2160.9 -960.557
-52.8746 116.924
-629.537 3639.19
-8.85172 -893.767
1685.92 4374.96
-2707.07 3646.85
-2293.22 2848.31
-214.854 3.97182
450.581 1107.7
-784.049 1645.2
-1380.8 -4465.66
-278.991 -2931.47
2.24218 66.8307
-3229.07 -1915.18
-4564.32 1254.21
-977.669 7.7447
2169.76 312.892
-243.829 -130.624
-666.689 1917.13
-1476.78 -1487.71
-4506.48 960.435
808.933 878.701
3555.48 564.577
115.69 -2031.61
-2600.42 -2287.51
-254.054 312.619
2198.86 4060.66
1678.22 4919.2
-3640.97 -1844.42
3312.95 -506.127
1854.25 -3444.84
2632.41 1019.07
116.99 102.278
4164.84 2410.27
390.566 -1859.48
1120.71 -603.411
-420.39 -2177.27
-1355.22 -2685.66
-3416.53 1721.77
-466.758 258.492
-337.259 -196.061
-1108.63 2375.21
-1991.46 4365.1
-421.623 1640.75
-1764.93 -1346.96
121.425 513.024
476.498 2833.12
777.119 150.153
-4769.49 634.997
-443.556 -1130.18
-1006.06 -2530.33
1572.39 2692.82
3410.73 1326.56
-1906.06 1733.3
724.141 -1668.77
3242.87 -3639.95
-1505.11 285.773
-1508.24 -985.657
-0.746279 68.7047
680.791 228.122
-401.32 1008.39
-381.309 88.8035
-1052.5 -482.789
2954.84 -1774.44
-693.551 1472.4
1092.26 2400.96
-2443.37 534.862
597.706 -3358.48
621.471 -2896.42
3014.6 -3976.55
4548.98 1361.88
1876.99 1858.82
-1138.3 674.271
4970.01 -1925.02
-244.803 -374.138
-990.371 -5058.44
1160.57 3414.57
1913.41 -3600.03
-1708.43 944.124
-1326.14 1603.01
175.793 190.823
-1653.57 -4180.23
1967.53 -511.294
1713.45 -299.042
146.383 870.591
918.811 706.915
-729.771 -2136.81
152.697 -166.34
1031.61 -2015.86
1104.95 2727.52
452.478 2689.79
2437.88 1178.12
-2878.5 1146.97
-163.256 -4976.32
1180.8 168.481
2667.4 2748.57
-4773.12 -1143.13
-931.957 -1328.15
2546.81 406.667
8.19839 167.794
4307.63 1613.56
-4405.43 -1673.43
1879.29 2449.47
61.3105 1032.45
-924.435 3447.96
443.938 909.305
3085.09 -1536.02
790.36 4028.85
167.929 -1657.37
-441.354 -3208.94
-305.354 201.619
-3704.8 763.453
1823.05 904.745
294.532 2456.54
1407.01 -449.832
5030.89 1149.27
-1640.48 -3761.24
429.067 -301.651
-234.317 -5212.59
-2727.89 3646.3
-1385.02 4.59374
2658.45 2615.03
-3627.54 -98.1546
3976.75 -1104.8
720.515 4854.87
-67.3294 1824.94
3773.77 -773.998
86.0205 53.2422
2518.83 912.573
2693.6 -2262.22
1553.65 2316.51
2382.11 -4403.87
-4263.89 -183.22
-773.572 3542.19


1598.36 -1616.32
-558.32 -525.888
-2470.11 145.681
-275.8 -4101.74
-2160.54 1745.34
30.3962 2602.28
-687.28 191.727
861.225 4056.45
2514.62 701.968
-4737.86 -828.769
2498.5 -380.351
3288.27 2554.45
-49.1658 -62.6278
186.597 256.044
1454.28 -1025.34
-1928.08 3380.71
-3553.08 1204.31
-265.965 1867.81
-1361.54 -4323.56
-1453.82 -1654.57
4755.25 2092.02
1531.34 -1231.95
767.345 492.427
1811.14 -693.085
-377.299 1564.18
3136.27 -669.902
663.968 133.547
3842.8 115.773
1891.83 -2166.44
-581.481 1798.33
369.507 3616.19
-4268.51 -2620.88
592.349 -1478.73
-110.283 1028.49
-1804.1 836.133
2164.68 438.622
3376.62 2112.33
1206.3 -2455.18
-1607.82 1947.39
705.846 22.456
-1648.01 867.517
-1307.58 3025.5
-3256.86 -2058.53
290.279 -3544.94
1519.62 2151.87
-2663.7 -886.147
-803.663 2523.06
90.2645 511.081
-210.478 3644.28
274.851 -401.921
-1094.15 -3792.97
-1426.28 2826.16
165.494 -28.4227
674.585 -493.998
223.392 1975.82
-1351.35 -4891.37
537.667 2654.14
-832.082 -309.176
2826.85 -140.905
707.526 1161.65
1280.84 -3133.28
-1843.23 715.636
-1991.89 562.774
-4699.4 -2115.93
1569.38 86.6043
2999.74 -2427.62
-2887.17 2101.4
-4610.97 -510.014
4269.03 1270.86
181.592 129.855
2836.65 -1178.69
-1069.21 4119.54
-259.58 -1658.67
-2978.11 -3424.64
-328.384 -253.558
-1096.74 -2164.42
-1451.4 2434.8
1676.49 3817.64
1496.59 778.294
4080.33 1295.86
-849.091 -1625.6
-3144.62 1611.5
318.263 -1898.43
-1915.44 -1444.97
761.629 -0.701257
2840.47 2101.39
724.277 -95.1867
-3793.05 2981.78
493.97 -992.979
-2921.51 -425.554
926.965 222.686
-3612.19 -210.263
1913.89 -1609.58
-1615.16 4503.03
-4071.16 3014.29
4548.87 1647.05
1186.92 2390.03
1668.82 1131.85
-805.262 2155.16
1430.86 -2063.83
2890.97 -28.9753
245.891 -1154.38
517.778 1437.59
-111.255 -396.588
2139.57 -9.93072
1668.35 -987.801
-1753.5 1231.25
64.6583 -216.795
-53.1936 299.511
-2589.79 -3071.39
2372.22 4454.82
-3911.24 3384.32
-805.498 -2463.1
-428.215 -4397.69
1315.98 2142.09
-2581.74 -335.581
2415.55 -1585.94
3571.38 -1623.73
5033.66 -1011.99
73.8959 -2423.77
-1764.61 -3532.71
-3506.29 -3953.57
3540.24 3160.02
4412.83 -1734.76
-3887.85 2711.11
3312.41 -2979.59
-3153.25 1343.03
2289.91 3545.91
2480.67 2575.08
-3331.87 -1637.13
-1092.65 1446.88
-884.893 -157.541
-9.73409 1730.1
-348.077 813.327
3493.13 -821.046
969.231 -1413.51
-2321.32 629.56
38.6836 2403.7
1760.17 -762.87
-368.183 -1066.25
3567.66 -2127.2
5078.08 1545.3
-2802.45 3455.93
-4111.78 148.613
1603.97 2963.04
-4650.34 472.746
4667.64 -2407.17
-2113.89 1667.76
719.914 -310.035
4388.4 -2010.1
650.924 -959.884
-1137.4 -4042.75
-3308.1 -935.531
-1421.5 3263.28
3683.89 -1405.98
1552.77 -3675.72
1076.7 -2626.98
-1226.65 3669.24
237.629 -437.962
-1532.28 1231.47
-189.743 -1027.5
-2454.88 4006.16
3304.99 -98.9384
-2161.46 -2988.81
-1254.02 189.784
3496.13 3561.74
624.582 176.213
-964.83 -423.22
-3160.11 -127.75
2585.33 -2846.24
3927.45 1021.08
2475.3 -944.407
-4755.19 -921.329
830.96 4416.08
245.005 330.064
-1155.7 -196.945
-68.9819 -723.636
-2569.73 -3754.68
225.297 4483.92
1408.7 496.3
83.5067 -99.5974
-329.102 1667.29
3661.68 3224.03
2613.1 -273.772
3608.6 640.872
-601.708 1208.7
-3305.86 3618.61
-612.078 1100.07
4459.12 1767
-164.96 234.177
34.7173 214.573
220.786 -167.385
-4784.36 -1647.41
1710.69 1056.09
-879.5 -5220.69
-434.771 -216.718
2273.3 -1427.44
1286.57 1819.62
5110.44 388.867
3607.87 1557.06
1780.7 1608.51
3109.52 3404.02
2006.22 1526.61
-678.669 -614.073
-4114.22 1522.47
-2509.69 -451.462
1696.55 656.032
-2654.32 1211.98
-3487.73 3695.38
1342.6 1763.12
-19.257 -770.084
-1243.97 -96.3965
3652.86 -3382.21
55.3474 961.373
1890.53 -1249.26
-1605 1357.41
-88.1291 -1674.89
-703.332 -272.018
2703.18 4540.28
-4214.61 -2066.74
-310.11 -4314.2
4261.99 -745.541
4026.99 -2851.4
-435.932 -103.388
-3783.49 31.3524
2982.46 -2575.29
-233.347 1264.94
-1056.85 3783.61
-857.675 3194.47
2394.45 3880.79
653.392 770.19
-233.383 54.1482
263.895 -1536.18
1202.63 -1836.34
-2987.68 -477.733
-310.467 3137.66
-4973.73 270.477
731.742 4972.4
799.569 329.162
-475.821 -2696.19
1924.35 -1225.12
313.024 -76.3873
1064.36 3225.81
678.713 -394.143
1596.74 2976.92
168.779 -3386.22
-817.603 -2536.79
-1828.97 -2214.4
600.857 -4466.26
-927.88 2070.83
778.652 -216.524
60.2724 -4252.82
-1253.77 -35.0443
-1711.78 -489.098
149.434 1232.75
233.86 -3298.04
-836.579 1085.51
951.862 -1575.62
-2293.72 -2614.81
4039.79 1211.21
1297.95 2989.14
1516.47 493.237
1686.95 4197.22
-3064.35 -680.53
-140.727 -4793.17
-1645.95 1012.12
-2098.71 -2029.54
2101.96 -234.922
-3795.44 -2420.4
-272.765 -135.275
2785.17 128.095
-659.261 3515.08
1930.73 2230.07
-1143.48 -4104.9
-1997.98 -1928.51
1790.6 43.4083
-4749.51 132.905
2840.55 -2234.98
606.049 -1010.49
897.214 -1874.47
-1183.68 2816.96
4748.21 -1050.07
-695.219 -964.662
-1496.53 3258.46
1687.9 -2949.11
427.758 1697.79
1640.09 1120.59
-989.831 -5175.23
2782.18 -650.066
-1919.91 2926.93
231.436 554.836
1360.65 -2796.69
1321.98 834.866
626.539 292.73
-1568.29 2695.8
-1918.46 -2925.72
3505.17 517.293
130.183 822.982
-2523.25 -932.571
880.88 2909.39
-1339.33 1645.73
2341.42 -1284.46
927.843 2806.28
43.753 -421.881
2947.42 -4079.07
-3159.54 -277.949
641.013 1952.52
-959.883 443.538
1520.31 -3628.56
-1105.34 -133.095
351.296 -5136.01
-453.915 3289.74
165.758 -346.46
2442.44 -1174.37
2107.73 -2505.04
-121.06 118.86
-389.373 -89.9924
-43.5442 -383.615
535.933 496.508
3310.1 -605.111
1804.29 -115.946
-1402.91 -999.638
13.3289 -1183.22
258.982 1324.54
-143.957 -2849.54
-63.3338 -3513.3
1134.94 -1023.55
-206.801 216.019
-537.328 55.5405
-3828.16 -3031.34
-134.369 624.916
123.88 -151.358
-1129.2 -518.106
586.639 -922.13
-275.67 3.69719
2754.3 -2784.82
2838.46 3542.1
1942.01 3662.61
-22.5172 3839.78
770.726 2070.41
-277.919 -41.432
-1397.14 2856.92
-3449.4 -881.449
291.293 -1729.9
-71.1478 553.923
-2812.37 -204.051
-2142.1 3070.27
2474.44 2466.66
1506.18 -1983.47
-667.577 1104.31
-966.117 3098.76
3399.38 -3282.56
-1912.84 -994.94
1536.52 -1037.02
4608.35 -2248.83
-3950.85 1157.85
956.214 2137.33
1083.59 -581.838
-839.83 127.894
-1558.52 -721.933
2371 2290.36
386.689 909.737
-4039.15 3461.94
411.804 -1817.23
-211.918 -2094.75
-673.086 -745.828
2165.47 -950.751
-94.3633 88.2457
-638.12 3637.8
7.94942 -891.771
1679.28 4377.43
-2712.77 3642.52
-2299.96 2842.96
-214.6 -33.4546
437.045 1110.99
-794.743 1639.99
-1373.89 -4467.74
-269.735 -2932.3
-64.8423 28.7075
-3224.93 -1921.93
-4566.23 1247.17
-979.468 -8.94494
2167.76 322.787
-228.91 -156.807
-678.286 1913.74
-1469.02 -1494.54
-4508.23 952.71
797.948 888.653
3554.26 573.608
126.855 -2030.85
-2594.45 -2294.63
-275.945 295.953
2192.69 4063.86
1671.98 4921.23
-3637.4 -1851.34
3314.69 -496.696
1861.26 -3441.02
2628.93 1027.81
83.3918 130.675
4161.36 2416.04
402.488 -1857.32
1127.16 -590.727
-409.601 -2179.46
-1346.58 -2690.25
-3420.02 1714.64
-476.456 237.265
-327.159 -220.351
-1116.77 2370.96
-1998.56 4361.96
-434.606 1638.32
-1758.34 -1355.73
98.6286 517.335
467.916 2834.16
774.781 168.268
-4770.25 628.328
-430.039 -1133.68
-996.489 -2534.51
1564.94 2696.86
3407.68 1334.29
-1913.1 1725.76
734.253 -1663.68
3248.92 -3634.76
-1506.46 273.488
-1501.94 -996.961
-61.3143 28.6765
677.291 245.66
-416.112 1002.97
-383.783 62.472
-1047.17 -497.441
2958.75 -1767.47
-706.095 1467.52
1082.96 2405.4
-2444.93 525.604
606.457 -3356.98
629.661 -2894.26
3020.54 -3972.1
4546.83 1369.39
1869.98 1865.91
-1147.43 662.318
4972.77 -1918.13
-221.288 -386.638
-983.83 -5059.63
1152.38 3417.42
1920.23 -3596.33
-1713.02 934.387
-1335.98 1595.87
145.172 210.612
-1647.06 -4182.64
1970.03 -500.571
1714.96 -287.36
129.264 873.294
908.88 717.509
-719.798 -2140.02
175.891 -136.488
1041.23 -2010.97
1095.79 2731.53
443.689 2690.81
2433.62 1187.33
-2882 1138.34
-156.073 -4976.55
1178.62 183.168
2661.52 2754.25
-4771.45 -1149.62
-921.536 -1335.51
2545.07 416.16
-34.7916 164.129
4304.97 1620.79
-4402.76 -1680.61
1872.44 2454.34
45.093 1035.17
-932.997 3445.77
429.885 918.104
3088.71 -1528.49
782.013 4030.65
181.264 -1656.95
-432.661 -3210.06
-320.138 178.488
-3706.86 754.64
1817.79 913.803
285.01 2457.26
1410.69 -437.243
5029.32 1156
-1633.47 -3764.19
441.753 -282.69
-227.765 -5212.79
-2734.42 3641.55
-1384.72 -8.9849
2652.33 2621.51
-3627.5 -107.225
3978.51 -1097.78
712.762 4856.14
-80.2348 1825.4
3775.5 -765.816
48.9412 90.3206
2515.55 922.383
2698.5 -2256.02
1545.65 2321.85
2388.54 -4400.42
-4263.41 -190.312
-780.954 3540.31


1605.49 -1608.88
-544.007 -537.856
-2470.13 136.348
-268.221 -4102.16
-2166.4 1737.91
19.5172 2602.92
-693.163 173.538
853.498 4058.08
2511.96 711.691
-4736.6 -836.079
2499.86 -370.528
3283.27 2561.07
11.4275 -87.5831
157.807 268.482
1460.61 -1015.54
-1935.14 3376.67
-3555.85 1196.28
-278.345 1866.67
-1353.92 -4326.08
-1445.74 -1661.29
4752.49 2098.14
1538.1 -1223.05
760.364 508.209
1814.52 -682.657
-388.376 1560.25
3137.97 -661.369
661.467 152.48
3842.76 124.719
1899.25 -2160.1
-591.915 1794.37
361.476 3616.88
-4264.95 -2626.45
605.564 -1474.78
-126.729 1028.6
-1807.75 826.314
2163.03 450.319
3372.29 2119.32
1215.21 -2450.87
-1615.43 1940.96
706.02 41.6519
-1654.51 856.728
-1315.57 3021.98
-3252.65 -2064.86
298.273 -3544.11
1511.43 2157.74
-2660.67 -895.368
-813.341 2520.09
67.2026 514.351
-219.246 3643.88
294.435 -387.717
-1086.05 -3795.41
-1433.43 2822.17
165.898 14.0761
683.882 -478.884
212.151 1976.93
-1343.91 -4893.56
528.576 2655.68
-829.248 -326.272
2827.02 -131.901
695.641 1168.98
1288.42 -3129.99
-1847.4 704.907
-1994.99 551.926
-4696.59 -2121.98
1568.32 99.2037
3004.29 -2421.66
-2891.81 2094.77
-4610.15 -517.473
4266.86 1278.14
157.782 157.158
2839.91 -1170.45
-1077.06 4117.58
-248.002 -1659.47
-2972.29 -3429.77
-311.604 -272.951
-1087.59 -2168.95
-1460.24 2429.84
1669.52 3820.61
1490.63 788.809
4077.96 1303.43
-838.496 -1631.13
-3148.88 1603.54
329.57 -1896.37
-1909.27 -1452.23
764.395 16.739
2835.33 2108.41
728.78 -77.5995
-3797.05 2976.47
505.932 -984.538
-2919.92 -433.994
924.004 239.267
-3611.5 -217.966
1921.03 -1601.57
-1621.83 4500.58
-4075.91 3008.11
4546.49 1653.23
1177.92 2394.64
1662.34 1139.93
-815.687 2151.54
1438.51 -2058.09
2890.65 -20.3918
260.491 -1151.22
505.62 1441.45
-86.0587 -401.381
2138.88 0.0886005
1673.06 -978.231
-1759.06 1222.48
97.497 -206.684
-82.8357 292.608
-2583.85 -3076.27
2366.19 4457.95
-3916.3 3378.63
-795.25 -2467.03
-419.874 -4398.69
1306.86 2148.29
-2580.69 -346.092
2420.14 -1578.4
3575.15 -1615.87
5034.8 -1005.67
84.5244 -2423.6
-1757 -3536.66
-3501.35 -3957.84
3535.09 3165.94
4415.55 -1727.85
-3892.23 2704.9
3317.02 -2974.26
-3157.27 1334.38
2282.9 3550.63
2474.25 2581.54
-3328.17 -1644.73
-1101.35 1439.53
-884.142 -174.86
-22.9379 1731.08
-364.903 808.822
3494.83 -813.167
978.174 -1406.26
-2324.04 619.505
27.9982 2404.04
1765.43 -751.881
-353.767 -1070.1
3571.79 -2120.34
5075.99 1552.47
-2807.69 3451.46
-4111.86 141.363
1596.89 2966.56
-4651.22 464.949
4670.58 -2401.29
-2119.74 1660.14
725.307 -292.428
4391.72 -2003.08
664.192 -951.991
-1129.53 -4045.06
-3305.69 -943.106
-1429.39 3259.86
3686.97 -1398.16
1559.61 -3672.65
1084.65 -2623.3
-1234.27 3666.65
257.986 -423.909
-1538.23 1222.75
-174.044 -1031.67
-2461.08 4002.33
3305.57 -89.3545
-2154.96 -2993.33
-1254.61 176.113
3490.65 3567.3
620.022 195.322
-960.977 -439.334
-3159.68 -136.643
2591.78 -2840.54
3925.43 1028.45
2478.99 -935.004
-4753.8 -928.598
823.939 4417.28
223.474 344.273
-1153.86 -212.131
-49.6989 -723.759
-2563.34 -3759.13
218.253 4484.15
1405.46 510.248
114.845 -67.4922
-342.296 1665.7
3656.93 3229.38
2614.27 -263.67
3607.03 648.388
-613.943 1202.3
-3311.74 3613.41
-624.838 1093.1
4456.35 1774.21
-190.72 213.707
-1.76589 218.682
239.927 -141.37
-4781.99 -1654.45
1704.75 1066.15
-872.421 -5221.92
-422.346 -235.266
2277.98 -1419.43
1277.82 1825.62
5109.89 395.871
3604.6 1564.92
1773.91 1615.24
3103.83 3409.3
2000.15 1534.07
-666.223 -625.308
-4117.29 1514.67
-2508.22 -462.266
1692.58 667.992
-2658.83 1202.9
-3493.39 3690.19
1333.67 1770.7
-1.04016 -766.776
-1241.32 -109.903
3657.36 -3377.21
38.7203 962.87
1895.35 -1240.76
-1612.19 1348.9
-75.6941 -1675.47
-699.099 -289.556
2697.46 4543.61
-4211.41 -2073.13
-301.871 -4314.93
4263.15 -738.289
4030.76 -2845.88
-428.608 -128.629
-3783.31 23.8739
2987.53 -2569.3
-245.974 1260.7
-1064.16 3781.42
-865.949 3192.14
2387.6 3885.18
641.361 781.262
-238.019 20.0708
276.568 -1533.87
1211.77 -1830.36
-2985.98 -485.911
-320.152 3136.96
-4973.95 263.948
724.917 4973.35
793.199 345.519
-465.877 -2698.14
1930.44 -1215.96
318.495 -47.7747
1056.64 3228.1
689.869 -380.203
1589.14 2980.87
177.714 -3385.84
-808.824 -2539.19
-1821.81 -2220.09
607.8 -4465.19
-938.407 2066.59
784.567 -199.426
68.1588 -4252.73
-1254.31 -49.9821
-1708.14 -500.222
135.053 1234.23
242.121 -3297.25
-848.857 1077.65
961.888 -1569.4
-2287.5 -2620.03
4037.54 1218.65
1290.25 2992.23
1513.26 506.495
1680.26 4199.81
-3062.44 -689.804
-132.932 -4793.5
-1652.15 1002.17
-2091.96 -2036.84
2103.25 -223.808
-3791.54 -2426.28
-255.551 -159.406
2784.58 137.42
-667.253 3513.45
1923.67 2236.13
-1135.34 -4107.36
-1991.14 -1935.84
1789.34 54.4281
-4749.75 125.363
2845.83 -2228.29
617.273 -1001.73
907.237 -1869.6
-1192.06 2813.38
4749.9 -1042.68
-683.547 -974.802
-1504.22 3254.91
1694.7 -2944.91
416.711 1699.45
1633.6 1129.99
-983.154 -5176.46
2783.79 -641.498
-1927.66 2922.07
210.156 560.011
1367.99 -2792.75
1315.1 845.936
620.163 310.201
-1576.44 2691.17
-1910.95 -2930.84
3504.02 526.305
112.54 825.788
-2519.82 -941.681
871.641 2912.4
-1348.3 1638.71
2346.04 -1275.88
919.039 2809.13
70.8015 -418.209
2953.09 -4074.93
-3158.49 -286.096
631.027 1954.99
-963.801 429.025
1527.83 -3625.42
-1104.4 -148.792
359.061 -5135.61
-463.333 3288.69
187.705 -335.772
2446.31 -1165.81
2113.87 -2499.54
-145.103 84.2802
-379.958 -114.317
-16.4634 -390.015
525.004 511.25
3311.38 -596.973
1806.08 -103.11
-1395.56 -1008.63
29.0027 -1185.34
244.871 1328.66
-134.099 -2850.2
-55.4053 -3513.22
1145.25 -1014.05
-228.737 198.229
-539.012 34.1134
-3823.55 -3037.21
-154.288 620.601
153.969 -122.03
-1123.56 -531.849
600.739 -914.672
-273.582 -28.4548
2759.6 -2779.37
2832.15 3547.36
1934.66 3666.65
-31.1652 3839.86
760.746 2073.89
-268.721 -71.8149
-1405.27 2852.94
-3447.35 -890.494
303.592 -1728.05
-91.4227 550.611
-2811.78 -213.92
-2149.37 3065.37
2468.03 2473.45
1513.53 -1977.38
-678.976 1096.43
-974.724 3096.1
3404.94 -3276.97
-1907.69 -1004.28
1541.84 -1027.5
4611.71 -2242.13
-3952.87 1150.58
946.492 2141.77
1091.27 -569.002
-842.201 110.381
-1553.57 -733.704
2364.51 2297.54
372.182 918.116
-4043.51 3456.78
422.548 -1814.14
-201.621 -2095.16
-661.082 -756.808
2170.01 -940.927
-121.706 46.2961
-646.7 3636.39
24.7476 -889.443
1672.64 4379.9
-2718.46 3638.18
-2306.68 2837.59
-208.167 -69.9239
423.442 1114.11
-805.403 1634.71
-1366.98 -4469.81
-260.477 -2933.1
-54.9035 -43.2121
-3220.77 -1928.66
-4568.13 1240.12
-980.991 -25.6321
2165.7 332.674
-210.923 -180.889
-689.862 1910.29
-1461.22 -1501.32
-4509.96 944.983
786.84 898.467
3553.02 582.636
138.015 -2030.02
-2588.47 -2301.75
-296.686 278.052
2186.51 4067.06
1665.74 4923.26
-3633.82 -1858.26
3316.41 -487.262
1868.26 -3437.17
2625.41 1036.54
42.8125 148.118
4157.86 2421.81
414.394 -1855.09
1133.46 -577.968
-398.802 -2181.6
-1337.94 -2694.81
-3423.49 1707.5
-485.296 215.611
-315.583 -243.647
-1124.9 2366.67
-2005.65 4358.81
-447.565 1635.79
-1751.71 -1364.46
75.6489 520.684
459.328 2835.18
772.03 186.293
-4770.99 621.658
-416.46 -1137
-986.903 -2538.65
1557.48 2700.89
3404.62 1342.02
-1920.12 1718.19
744.334 -1658.51
3254.95 -3629.56
-1507.7 261.183
-1495.57 -1008.22
-57.9811 -44.9374
673.308 263.023
-430.818 997.342
-384.447 35.8464
-1041.67 -512.009
2962.65 -1760.48
-718.595 1462.56
1073.64 2409.81
-2446.44 516.338
615.204 -3355.45
637.844 -2892.08
3026.46 -3967.65
4544.66 1376.9
1862.95 1872.98
-1156.43 650.29
4975.51 -1911.24
-197.086 -397.939
-977.287 -5060.82
1144.18 3420.25
1927.05 -3592.62
-1717.56 924.617
-1345.78 1588.68
112.051 226.767
-1640.55 -4185.04
1972.48 -489.833
1716.38 -275.664
112.095 875.661
898.795 727.981
-709.809 -2143.17
194.397 -103.007
1050.84 -2006.04
1086.62 2735.51
434.895 2691.8
2429.33 1196.53
-2885.47 1129.71
-148.889 -4976.76
1176.25 197.826
2655.63 2759.91
-4769.77 -1156.11
-911.06 -1342.78
2543.29 425.646
-75.5168 149.785
4302.29 1628.01
-4400.08 -1687.78
1865.56 2459.19
28.8647 1037.65
-941.553 3443.56
415.724 926.671
3092.31 -1520.94
773.663 4032.44
194.59 -1656.45
-423.965 -3211.15
-333.111 154.348
-3708.9 745.824
1812.48 922.833
275.484 2457.94
1414.25 -424.619
5027.73 1162.73
-1626.46 -3767.13
453.607 -263.197
-221.212 -5212.99
-2740.94 3636.8
-1384.28 -22.5627
2646.19 2627.98
-3627.44 -116.296
3980.26 -1090.77
705.008 4857.41
-93.1368 1825.79
3777.2 -757.63
-3.70369 98.4032
2512.23 932.18
2703.38 -2249.82
1537.63 2327.16
2394.97 -4396.95
-4262.92 -197.404
-788.332 3538.4


1612.58 -1601.4
-529.37 -549.504
-2470.1 127.013
-260.641 -4102.55
-2172.24 1730.46
8.63783 2603.51
-698.538 155.222
845.768 4059.7
2509.25 721.403
-4735.33 -843.387
2501.17 -360.699
3278.25 2567.68
67.7562 -66.6611
127.541 278.407
1466.86 -1005.69
-1942.2 3372.62
-3558.62 1188.25
-290.714 1865.46
-1346.3 -4328.58
-1437.63 -1667.98
4749.72 2104.24
1544.8 -1214.1
753.12 523.815
1817.83 -672.205
-399.428 1556.23
3139.64 -652.83
658.399 171.282
3842.7 133.664
1906.65 -2153.75
-602.325 1790.33
353.443 3617.55
-4261.38 -2632.02
618.74 -1470.74
-143.145 1028.47
-1811.33 816.468
2161.32 462.006
3367.95 2126.3
1224.1 -2446.54
-1623 1934.5
705.661 60.8164
-1660.93 845.904
-1323.55 3018.44
-3248.42 -2071.18
306.266 -3543.27
1503.22 2163.58
-2657.6 -904.579
-823.008 2517.08
44.0104 516.619
-228.012 3643.47
313.323 -372.597
-1077.95 -3797.84
-1440.57 2818.15
155.236 55.6221
692.867 -463.55
200.902 1977.98
-1336.46 -4895.73
519.478 2657.18
-826.103 -343.245
2827.15 -122.895
683.683 1176.19
1295.99 -3126.67
-1851.5 694.154
-1998.02 541.061
-4693.77 -2128.03
1567.15 111.796
3008.83 -2415.7
-2896.45 2088.13
-4609.32 -524.93
4264.67 1285.41
129.772 180.278
2843.14 -1162.2
-1084.91 4115.6
-236.411 -1660.18
-2966.45 -3434.88
-293.615 -291.284
-1078.41 -2173.44
-1469.07 2424.86
1662.55 3823.56
1484.59 799.28
4075.58 1311
-827.864 -1636.58
-3153.13 1595.56
340.865 -1894.25
-1903.07 -1459.46
766.705 34.1694
2830.17 2115.41
732.789 -59.9597
-3801.04 2971.15
517.795 -975.905
-2918.31 -442.429
920.761 255.775
-3610.8 -225.669
1928.14 -1593.53
-1628.5 4498.12
-4080.64 3001.92
4544.09 1659.41
1168.9 2399.21
1655.81 1147.97
-826.095 2147.87
1446.15 -2052.32
2890.3 -11.8081
275.049 -1147.86
493.424 1445.2
-60.5194 -404.573
2138.14 10.1079
1677.72 -968.627
-1764.58 1213.68
127.945 -191.496
-111.643 282.757
-2577.9 -3081.13
2360.15 4461.07
-3921.36 3372.93
-784.991 -2470.92
-411.532 -4399.68
1297.71 2154.47
-2579.6 -356.597
2424.7 -1570.84
3578.9 -1608
5035.93 -999.35
95.1513 -2423.39
-1749.39 -3540.6
-3496.4 -3962.09
3529.93 3171.86
4418.26 -1720.93
-3896.61 2698.69
3321.62 -2968.92
-3161.28 1325.72
2275.88 3555.34
2467.82 2587.99
-3324.45 -1652.31
-1110.01 1432.12
-883.071 -192.117
-36.1405 1731.96
-381.59 804.01
3496.51 -805.284
987.066 -1398.94
-2326.72 609.439
17.3123 2404.34
1770.64 -740.864
-339.286 -1073.76
3575.9 -2113.46
5073.9 1559.63
-2812.93 3446.97
-4111.93 134.112
1589.79 2970.06
-4652.09 457.152
4673.51 -2395.4
-2125.57 1652.51
730.296 -274.658
4395.02 -1996.06
677.348 -943.937
-1121.65 -4047.36
-3303.25 -950.675
-1437.28 3256.42
3690.03 -1390.33
1566.46 -3669.57
1092.59 -2619.6
-1241.88 3664.03
277.769 -408.91
-1544.12 1213.99
-158.305 -1035.6
-2467.26 3998.48
3306.12 -79.7699
-2148.45 -2997.82
-1255.04 162.42
3485.16 3572.85
614.856 214.24
-956.909 -455.35
-3159.22 -145.534
2598.22 -2834.83
3923.4 1035.82
2482.64 -925.588
-4752.39 -935.865
816.916 4418.48
201.052 357.108
-1151.83 -227.284
-30.3811 -723.375
-2556.94 -3763.56
211.208 4484.36
1402.11 524.157
130.465 -26.1044
-355.473 1664.04
3652.18 3234.72
2615.4 -253.564
3605.44 655.9
-626.112 1195.76
-3317.61 3608.2
-637.516 1086
4453.57 1781.43
-214.167 190.645
-38.2026 216.629
255.892 -113.483
-4779.62 -1661.49
1698.76 1076.18
-865.34 -5223.14
-408.901 -253.245
2282.63 -1411.4
1269.03 1831.59
5109.33 402.875
3601.31 1572.78
1767.09 1621.95
3098.12 3414.58
1994.04 1541.52
-653.545 -636.326
-4120.35 1506.87
-2506.71 -473.063
1688.53 679.923
-2663.31 1193.8
-3499.03 3685
1324.72 1778.25
17.1773 -763.015
-1238.51 -123.395
3661.86 -3372.19
22.0817 964.084
1900.14 -1232.24
-1619.32 1340.35
-63.2549 -1675.96
-694.435 -306.916
2691.73 4546.92
-4208.19 -2079.52
-293.631 -4315.65
4264.31 -731.034
4034.52 -2840.35
-419.972 -153.477
-3783.12 16.3953
2992.59 -2563.29
-258.57 1256.29
-1071.48 3779.21
-874.216 3189.79
2380.75 3889.57
629.167 792.134
-237.568 -14.4343
289.223 -1531.45
1220.89 -1824.34
-2984.25 -494.085
-329.834 3136.24
-4974.16 257.418
718.091 4974.28
786.505 361.734
-455.928 -2700.05
1936.48 -1206.78
321.28 -18.7593
1048.91 3230.37
700.649 -366.056
1581.53 2984.81
186.648 -3385.44
-800.034 -2541.56
-1814.62 -2225.75
614.741 -4464.11
-948.914 2062.31
790.088 -182.229
76.0449 -4252.62
-1254.68 -64.9132
-1704.42 -511.323
120.653 1235.53
250.38 -3296.42
-861.049 1069.68
971.874 -1563.12
-2281.26 -2625.23
4035.27 1226.08
1282.54 2995.29
1509.96 519.721
1673.57 4202.39
-3060.51 -699.073
-125.138 -4793.81
-1658.29 992.186
-2085.2 -2044.13
2104.49 -212.688
-3787.64 -2432.16
-235.686 -181.88
2783.96 146.743
-675.24 3511.81
1916.59 2242.17
-1127.2 -4109.81
-1984.28 -1943.14
1788 65.4456
-4749.98 117.821
2851.1 -2221.58
628.398 -992.804
917.235 -1864.68
-1200.43 2809.77
4751.58 -1035.3
-671.769 -984.791
-1511.91 3251.34
1701.49 -2940.69
405.645 1701.02
1627.06 1139.34
-976.475 -5177.69
2785.37 -632.922
-1935.39 2917.19
188.61 564.48
1375.32 -2788.79
1308.13 856.948
613.29 327.423
-1584.58 2686.52
-1903.43 -2935.95
3502.86 535.315
94.845 828.215
-2516.36 -950.779
862.393 2915.39
-1357.23 1631.65
2350.64 -1267.28
910.225 2811.95
97.5946 -413.028
2958.76 -4070.78
-3157.42 -294.24
621.022 1957.39
-967.502 414.415
1535.34 -3622.26
-1103.25 -164.461
366.825 -5135.21
-472.747 3287.61
208.737 -323.447
2450.15 -1157.25
2120 -2494.03
-159.694 44.2305
-368.861 -138.134
10.6947 -394.599
513.718 525.645
3312.64 -588.831
1807.79 -90.2699
-1388.13 -1017.57
44.672 -1187.28
230.735 1332.64
-124.24 -2850.82
-47.4765 -3513.12
1155.48 -1004.47
-248.335 178.411
-539.769 12.6275
-3818.94 -3043.08
-174.048 615.648
177.993 -87.8871
-1117.77 -545.519
614.718 -907.031
-267.73 -60.2148
2764.88 -2773.9
2825.83 3552.61
1927.31 3670.67
-39.8132 3839.92
750.748 2077.32
-255.953 -101.241
-1413.38 2848.94
-3445.29 -899.533
315.876 -1726.12
-111.555 546.443
-2811.17 -223.787
-2156.64 3060.45
2461.6 2480.23
1520.86 -1971.26
-690.291 1088.41
-983.324 3093.41
3410.48 -3271.36
-1902.49 -1013.6
1547.09 -1017.94
4615.05 -2235.43
-3954.87 1143.32
936.751 2146.16
1098.8 -556.085
-844.206 92.8195
-1548.54 -745.438
2358 2304.7
357.575 926.245
-4047.87 3451.62
433.274 -1810.98
-191.317 -2095.51
-648.906 -767.59
2174.5 -931.083
-131.238 -2.46218
-655.277 3634.97
41.5364 -886.78
1665.99 4382.35
-2724.14 3633.84
-2313.4 2832.21
-195.942 -104.454
409.773 1117.05
-816.029 1629.37
-1360.07 -4471.87
-251.216 -2933.87
7.6903 -74.5309
-3216.6 -1935.39
-4570.02 1233.07
-982.241 -42.312
2163.58 342.553
-190.123 -202.56
-701.416 1906.78
-1453.38 -1508.05
-4511.68 937.253
775.611 908.143
3551.75 591.661
149.172 -2029.14
-2582.47 -2308.85
-316.209 259.009
2180.33 4070.24
1659.49 4925.27
-3630.23 -1865.16
3318.11 -477.824
1875.25 -3433.32
2621.86 1045.25
-1.40317 152.931
4154.36 2427.58
426.285 -1852.8
1139.62 -565.136
-387.994 -2183.68
-1329.28 -2699.35
-3426.95 1700.36
-493.258 193.566
-302.629 -265.88
-1133 2362.35
-2012.74 4355.65
-460.5 1633.18
-1745.04 -1373.16
52.5278 523.062
450.735 2836.16
768.868 204.22
-4771.73 614.986
-402.819 -1140.16
-977.303 -2542.77
1550 2704.89
3401.53 1349.73
-1927.1 1710.6
754.382 -1653.27
3260.98 -3624.35
-1508.83 248.859
-1489.13 -1019.44
9.46033 -71.4792
668.848 280.2
-445.435 991.508
-383.26 9.04859
-1035.99 -526.491
2966.52 -1753.49
-731.053 1457.5
1064.31 2414.19
-2447.91 507.062
623.946 -3353.9
646.021 -2889.87
3032.38 -3963.19
4542.49 1384.41
1855.9 1880.02
-1165.31 638.189
4978.25 -1904.35
-172.267 -407.992
-970.742 -5062
1135.97 3423.06
1933.86 -3588.9
-1722.04 914.815
-1355.55 1581.45
76.9326 238.873
-1634.04 -4187.43
1974.86 -479.08
1717.71 -263.954
94.8832 877.691
888.558 738.329
-699.804 -2146.27
207.528 -66.6858
1060.42 -2001.06
1077.43 2739.46
426.095 2692.76
2425.01 1205.72
-2888.92 1121.06
-141.705 -4976.97
1173.71 212.453
2649.72 2765.56
-4768.08 -1162.6
-900.527 -1349.97
2541.48 435.126
-111.326 125.69
4299.61 1635.23
-4397.39 -1694.94
1858.67 2464.01
12.6297 1039.88
-950.105 3441.33
401.457 935.005
3095.9 -1513.39
765.309 4034.22
207.904 -1655.85
-415.265 -3212.22
-344.211 129.34
-3710.93 737.004
1807.12 931.835
265.954 2458.59
1417.69 -411.96
5026.14 1169.46
-1619.45 -3770.05
464.608 -243.208
-214.659 -5213.18
-2747.45 3632.03
-1383.71 -36.1382
2640.04 2634.44
-3627.36 -125.365
3981.99 -1083.74
697.252 4858.67
-106.035 1826.11
3778.89 -749.441
-54.1326 70.2346
2508.88 941.965
2708.25 -2243.6
1529.58 2332.44
2401.39 -4393.47
-4262.42 -204.496
-795.706 3536.48


1619.63 -1593.89
-514.415 -560.822
-2470.02 117.675
-253.059 -4102.94
-2178.04 1722.98
-2.24165 2604.07
-703.403 136.792
838.035 4061.3
2506.51 731.104
-4734.04 -850.693
2502.44 -350.865
3273.22 2574.28
96.7761 -17.8239
96.0214 285.586
1473.05 -995.787
-1949.25 3368.54
-3561.36 1180.21
-303.072 1864.18
-1338.68 -4331.07
-1429.49 -1674.63
4746.94 2110.35
1551.45 -1205.12
745.618 539.242
1821.07 -661.728
-410.455 1552.1
3141.29 -644.286
654.77 189.938
3842.62 142.608
1914.03 -2147.37
-612.712 1786.23
345.409 3618.2
-4257.81 -2637.58
631.876 -1466.61
-159.528 1028.09
-1814.86 806.594
2159.56 473.682
3363.6 2133.27
1232.97 -2442.17
-1630.55 1928
704.77 79.9351
-1667.3 835.046
-1331.53 3014.88
-3244.18 -2077.49
314.257 -3542.4
1494.98 2169.39
-2654.51 -913.779
-832.663 2514.04
20.7328 517.881
-236.778 3643.03
331.47 -356.595
-1069.84 -3800.25
-1447.7 2814.12
133.904 93.3279
701.535 -448.004
189.647 1978.97
-1329.01 -4897.9
510.374 2658.64
-822.653 -360.091
2827.26 -113.888
671.655 1183.28
1303.55 -3123.34
-1855.55 683.378
-2001 530.181
-4690.94 -2134.07
1565.87 124.382
3013.36 -2409.73
-2901.06 2081.48
-4608.48 -532.385
4262.47 1292.67
98.2825 198.56
2846.36 -1153.95
-1092.75 4113.61
-224.806 -1660.8
-2960.61 -3439.99
-274.481 -308.482
-1069.22 -2177.89
-1477.88 2419.85
1655.57 3826.5
1478.46 809.708
4073.19 1318.56
-817.198 -1641.97
-3157.35 1587.58
352.148 -1892.05
-1896.84 -1466.66
768.563 51.5796
2825 2122.4
736.305 -42.2796
-3805.03 2965.82
529.558 -967.081
-2916.67 -450.861
917.239 272.206
-3610.07 -233.37
1935.22 -1585.46
-1635.16 4495.64
-4085.36 2995.72
4541.68 1665.58
1159.87 2403.75
1649.22 1155.97
-836.485 2144.16
1453.76 -2046.51
2889.92 -3.22437
289.563 -1144.33
481.192 1448.84
-34.7363 -406.133
2137.33 20.127
1682.31 -958.987
-1770.05 1204.84
155.328 -171.716
-139.325 270.055
-2571.95 -3085.98
2354.11 4464.18
-3926.41 3367.23
-774.72 -2474.77
-403.189 -4400.65
1288.55 2160.61
-2578.47 -367.098
2429.23 -1563.27
3582.64 -1600.12
5037.05 -993.03
105.776 -2423.14
-1741.77 -3544.52
-3491.45 -3966.35
3524.77 3177.76
4420.97 -1714.01
-3900.97 2692.47
3326.21 -2963.58
-3165.26 1317.05
2268.86 3560.04
2461.37 2594.42
-3320.71 -1659.89
-1118.61 1424.64
-881.683 -209.304
-49.3414 1732.76
-398.133 798.896
3498.17 -797.397
995.907 -1391.54
-2329.36 599.361
6.62599 2404.59
1775.78 -729.82
-324.743 -1077.21
3580 -2106.58
5071.79 1566.8
-2818.16 3442.48
-4111.98 126.861
1582.68 2973.53
-4652.95 449.353
4676.44 -2389.51
-2131.36 1644.85
734.876 -256.734
4398.32 -1989.04
690.39 -935.726
-1113.77 -4049.64
-3300.8 -958.237
-1445.16 3252.97
3693.07 -1382.5
1573.29 -3666.48
1100.51 -2615.87
-1249.49 3661.41
296.925 -392.989
-1549.97 1205.19
-142.53 -1039.29
-2473.45 3994.63
3306.64 -70.1848
-2141.93 -3002.31
-1255.31 148.705
3479.66 3578.39
609.092 232.949
-952.628 -471.264
-3158.74 -154.424
2604.65 -2829.1
3921.35 1043.18
2486.26 -916.16
-4750.98 -943.129
809.89 4419.66
177.823 368.511
-1149.61 -242.399
-11.042 -722.482
-2550.53 -3767.98
204.162 4484.56
1398.65 538.024
128.128 18.8282
-368.63 1662.28
3647.41 3240.06
2616.5 -243.455
3603.83 663.409
-638.214 1189.1
-3323.47 3602.98
-650.11 1078.75
4450.78 1788.63
-235.025 165.279
-73.5853 208.583
268.524 -84.1167
-4777.23 -1668.53
1692.71 1086.16
-858.258 -5224.35
-394.453 -270.604
2287.25 -1403.35
1260.22 1837.5
5108.76 409.878
3598.01 1580.63
1760.23 1628.62
3092.41 3419.85
1987.9 1548.93
-640.64 -647.122
-4123.39 1499.07
-2505.17 -483.852
1684.42 691.824
-2667.77 1184.69
-3504.67 3679.8
1315.73 1785.75
35.3843 -758.796
-1235.52 -136.87
3666.35 -3367.17
5.43661 965.013
1904.88 -1223.69
-1626.41 1331.76
-50.8122 -1676.36
-689.348 -324.089
2686 4550.23
-4204.96 -2085.9
-285.39 -4316.35
4265.45 -723.777
4038.27 -2834.82
-410.048 -177.853
-3782.91 8.91656
2997.64 -2557.28
-271.134 1251.74
-1078.79 3776.99
-882.478 3187.42
2373.88 3893.94
616.811 802.804
-231.982 -48.6259
301.858 -1528.92
1229.98 -1818.27
-2982.5 -502.254
-339.513 3135.5
-4974.37 250.887
711.263 4975.21
779.489 377.802
-445.973 -2701.94
1942.49 -1197.57
321.35 10.4145
1041.17 3232.62
711.051 -351.712
1573.9 2988.73
195.581 -3385.02
-791.233 -2543.89
-1807.42 -2231.39
621.681 -4463.02
-959.399 2057.97
795.215 -164.94
83.9308 -4252.5
-1254.89 -79.8358
-1700.62 -522.4
106.237 1236.67
258.638 -3295.58
-873.153 1061.6
981.82 -1556.78
-2275.01 -2630.42
4032.99 1233.52
1274.81 2998.32
1506.56 532.913
1666.87 4204.95
-3058.55 -708.336
-117.343 -4794.12
-1664.37 982.165
-2078.42 -2051.39
2105.67 -201.562
-3783.72 -2438.03
-213.286 -202.395
2783.3 156.064
-683.224 3510.15
1909.49 2248.18
-1119.05 -4112.24
-1977.39 -1950.42
1786.58 76.46
-4750.21 110.278
2856.36 -2214.86
639.421 -983.719
927.205 -1859.7
-1208.79 2806.14
4753.26 -1027.91
-659.887 -994.627
-1519.58 3247.76
1708.27 -2936.46
394.559 1702.52
1620.47 1148.66
-969.794 -5178.9
2786.92 -624.339
-1943.12 2912.3
166.823 568.227
1382.63 -2784.81
1301.07 867.901
605.928 344.384
-1592.7 2681.85
-1895.9 -2941.03
3501.67 544.322
77.1067 830.263
-2512.86 -959.865
853.138 2918.34
-1366.12 1624.54
2355.2 -1258.67
901.403 2814.74
124.036 -406.359
2964.43 -4066.63
-3156.32 -302.382
610.998 1959.74
-970.985 399.711
1542.85 -3619.09
-1101.89 -180.099
374.588 -5134.8
-482.158 3286.51
228.754 -309.55
2453.96 -1148.66
2126.11 -2488.5
-163.465 1.2051
-356.093 -161.325
37.8055 -397.407
502.086 539.687
3313.88 -580.686
1809.42 -77.4256
-1380.63 -1026.46
60.3342 -1189.03
216.574 1336.48
-114.379 -2851.41
-39.5475 -3512.99
1165.62 -994.824
-265.473 156.824
-539.596 -8.88015
-3814.32 -3048.94
-193.629 610.063
195.229 -50.3806
-1111.83 -559.116
628.573 -899.207
-258.168 -91.1398
2770.14 -2768.42
2819.51 3557.85
1919.95 3674.69
-48.4609 3839.96
740.732 2080.7
-239.67 -129.275
-1421.49 2844.92
-3443.2 -908.567
328.145 -1724.11
-131.514 541.423
-2810.52 -233.652
-2163.89 3055.52
2455.17 2487
1528.16 -1965.11
-701.522 1080.26
-991.917 3090.7
3416.02 -3265.75
-1897.24 -1022.9
1552.29 -1008.34
4618.39 -2228.72
-3956.86 1136.04
926.991 2150.51
1106.17 -543.09
-845.846 75.2181
-1543.43 -757.133
2351.47 2311.85
342.871 934.124
-4052.22 3446.45
443.984 -1807.75
-181.009 -2095.8
-636.561 -778.173
2178.95 -921.222
-122.039 -50.8989
-663.85 3633.53
58.3095 -883.78
1659.34 4384.79
-2729.82 3629.48
-2320.1 2826.81
-178.451 -136.183
396.039 1119.82
-826.619 1623.95
-1353.15 -4473.92
-241.953 -2934.61
66.1812 -31.469
-3212.41 -1942.11
-4571.9 1226.02
-983.217 -58.9803
2161.42 352.423
-166.786 -221.527
-712.949 1903.22
-1445.49 -1514.75
-4513.39 929.521
764.262 917.679
3550.47 600.683
160.323 -2028.19
-2576.45 -2315.93
-334.454 238.919
2174.14 4073.42
1653.25 4927.27
-3626.62 -1872.07
3319.78 -468.383
1882.23 -3429.45
2618.29 1053.96
-45.4766 144.366
4150.85 2433.34
438.159 -1850.43
1145.64 -552.231
-377.176 -2185.72
-1320.61 -2703.86
-3430.4 1693.21
-500.319 171.168
-288.395 -286.99
-1141.1 2357.99
-2019.82 4352.48
-473.41 1630.48
-1738.32 -1381.83
29.3081 524.462
442.138 2837.11
765.3 222.038
-4772.46 608.312
-389.118 -1143.15
-967.692 -2546.84
1542.51 2708.86
3398.43 1357.44
-1934.06 1702.99
764.398 -1647.95
3267 -3619.14
-1509.84 236.517
-1482.63 -1030.61
66.3009 -34.9944
663.92 297.18
-459.961 985.47
-380.185 -17.7933
-1030.14 -540.885
2970.38 -1746.48
-743.466 1452.36
1054.97 2418.53
-2449.34 497.779
632.685 -3352.33
654.192 -2887.63
3038.3 -3958.71
4540.3 1391.92
1848.81 1887.04
-1174.05 626.017
4980.98 -1897.45
-146.904 -416.757
-964.195 -5063.17
1127.76 3425.85
1940.66 -3585.16
-1726.46 904.981
-1365.27 1574.17
40.4088 246.607
-1627.52 -4189.81
1977.19 -468.311
1718.96 -252.231
77.6347 879.382
878.168 748.552
-689.783 -2149.33
214.755 -28.4718
1069.97 -1996.04
1068.24 2743.38
417.289 2693.68
2420.65 1214.88
-2892.34 1112.41
-134.521 -4977.17
1170.98 227.048
2643.81 2771.2
-4766.37 -1169.09
-889.939 -1357.08
2539.62 444.599
-139.912 93.4355
4296.91 1642.45
-4394.68 -1702.1
1851.77 2468.81
-3.60829 1041.87
-958.651 3439.08
387.09 943.104
3099.46 -1505.83
756.953 4035.98
221.207 -1655.15
-406.562 -3213.26
-353.383 103.607
-3712.94 728.18
1801.7 940.808
256.418 2459.18
1421.02 -399.268
5024.54 1176.18
-1612.42 -3772.96
474.734 -222.762
-208.105 -5213.35
-2753.95 3627.25
-1383 -49.7101
2633.88 2640.89
-3627.25 -134.434
3983.71 -1076.72
689.495 4859.91
-118.928 1826.34
3780.56 -741.248
-74.2576 7.0193
2505.49 951.737
2713.1 -2237.36
1521.53 2337.7
2407.81 -4389.99
-4261.91 -211.586
-803.075 3534.54


1626.64 -1586.34
-499.149 -571.801
-2469.91 108.335
-245.477 -4103.3
-2183.82 1715.49
-13.1211 2604.6
-707.757 118.263
830.298 4062.89
2503.74 740.795
-4732.75 -857.996
2503.67 -341.025
3268.18 2580.88
90.338 37.7211
63.5087 289.804
1479.17 -985.842
-1956.29 3364.46
-3564.09 1172.16
-315.418 1862.83
-1331.05 -4333.54
-1421.31 -1681.24
4744.15 2116.45
1558.05 -1196.09
737.862 554.485
1824.25 -651.228
-421.456 1547.88
3142.92 -635.737
650.589 208.433
3842.53 151.552
1921.38 -2140.97
-623.076 1782.07
337.372 3618.83
-4254.23 -2643.14
644.972 -1462.38
-175.873 1027.48
-1818.32 796.694
2157.75 485.346
3359.23 2140.24
1241.83 -2437.77
-1638.08 1921.47
703.351 98.9939
-1673.59 824.154
-1339.49 3011.29
-3239.92 -2083.8
322.246 -3541.51
1486.72 2175.17
-2651.38 -922.969
-842.306 2510.97
-2.58486 518.133
-245.542 3642.58
348.834 -339.752
-1061.72 -3802.64
-1454.81 2810.06
103.069 124.389
709.879 -432.252
178.386 1979.89
-1321.56 -4900.06
501.263 2660.07
-818.901 -376.806
2827.33 -104.88
659.556 1190.25
1311.11 -3119.98
-1859.53 672.578
-2003.92 519.286
-4688.1 -2140.11
1564.49 136.958
3017.87 -2403.74
-2905.66 2074.81
-4607.62 -539.84
4260.25 1299.94
64.1354 211.471
2849.54 -1145.68
-1100.59 4111.61
-213.189 -1661.33
-2954.77 -3445.08
-254.272 -324.47
-1060 -2182.3
-1486.67 2414.81
1648.59 3829.42
1472.26 820.092
4070.78 1326.12
-806.498 -1647.29
-3161.55 1579.59
363.417 -1889.79
-1890.57 -1473.83
769.972 68.9597
2819.81 2129.38
739.331 -24.5713
-3809 2960.48
541.216 -958.068
-2914.99 -459.287
913.441 288.554
-3609.33 -241.07
1942.27 -1577.37
-1641.82 4493.16
-4090.08 2989.52
4539.25 1671.76
1150.81 2408.26
1642.58 1163.94
-846.858 2140.41
1461.34 -2040.67
2889.5 5.35945
304.03 -1140.61
468.925 1452.38
-8.81165 -406.037
2136.48 30.1455
1686.85 -949.313
-1775.47 1195.98
179.052 -147.887
-165.6 254.626
-2565.98 -3090.82
2348.06 4467.29
-3931.45 3361.52
-764.438 -2478.58
-394.845 -4401.61
1279.36 2166.71
-2577.31 -377.593
2433.74 -1555.68
3586.36 -1592.23
5038.16 -986.707
116.4 -2422.84
-1734.15 -3548.42
-3486.49 -3970.59
3519.59 3183.66
4423.66 -1707.09
-3905.32 2686.24
3330.78 -2958.23
-3169.22 1308.38
2261.83 3564.72
2454.91 2600.84
-3316.95 -1667.46
-1127.17 1417.1
-879.982 -226.417
-62.5398 1733.47
-414.528 793.484
3499.81 -789.505
1004.7 -1384.08
-2331.95 589.272
-4.0604 2404.8
1780.85 -718.75
-310.14 -1080.47
3584.09 -2099.69
5069.68 1573.95
-2823.37 3437.98
-4112.01 119.609
1575.57 2976.99
-4653.8 441.553
4679.35 -2383.61
-2137.12 1637.17
739.04 -238.665
4401.6 -1982.01
703.317 -927.358
-1105.89 -4051.91
-3298.33 -965.794
-1453.03 3249.49
3696.1 -1374.66
1580.12 -3663.37
1108.43 -2612.11
-1257.09 3658.76
315.403 -376.172
-1555.76 1196.34
-126.723 -1042.75
-2479.62 3990.77
3307.15 -60.5991
-2135.4 -3006.77
-1255.41 134.971
3474.16 3583.93
602.739 251.434
-948.139 -487.076
-3158.24 -163.313
2611.06 -2823.36
3919.29 1050.54
2489.85 -906.718
-4749.56 -950.392
802.862 4420.83
153.878 378.428
-1147.2 -257.475
8.30499 -721.077
-2544.12 -3772.39
197.115 4484.75
1395.08 551.85
106.57 60.782
-381.768 1660.43
3642.63 3245.39
2617.56 -233.342
3602.2 670.914
-650.249 1182.31
-3329.33 3597.76
-662.619 1071.36
4447.98 1795.84
-253.061 137.927
-106.969 194.863
277.714 -53.6707
-4774.83 -1675.56
1686.6 1096.12
-851.174 -5225.55
-379.021 -287.287
2291.84 -1395.28
1251.37 1843.38
5108.18 416.88
3594.7 1588.48
1753.34 1635.26
3086.69 3425.11
1981.73 1556.33
-627.51 -657.691
-4126.43 1491.26
-2503.58 -494.634
1680.22 703.696
-2672.19 1175.57
-3510.31 3674.59
1306.72 1793.21
53.5698 -754.116
-1232.37 -150.327
3670.83 -3362.15
-11.2101 965.658
1909.57 -1215.11
-1633.46 1323.13
-38.3668 -1676.66
-683.846 -341.066
2680.27 4553.53
-4201.73 -2092.28
-277.148 -4317.03
4266.58 -716.518
4042.01 -2829.29
-398.864 -201.683
-3782.68 1.43782
3002.68 -2551.25
-283.664 1247.02
-1086.09 3774.75
-890.732 3185.02
2367.01 3898.3
604.299 813.269
-221.317 -81.7513
314.472 -1526.29
1239.04 -1812.15
-2980.72 -510.418
-349.189 3134.72
-4974.56 244.356
704.433 4976.12
772.155 393.715
-436.012 -2703.78
1948.45 -1188.34
318.695 39.5
1033.42 3234.85
721.074 -337.18
1566.27 2992.63
204.512 -3384.57
-782.421 -2546.19
-1800.2 -2237
628.619 -4461.92
-969.864 2053.6
799.947 -147.569
91.8164 -4252.36
-1254.93 -94.7478
-1696.75 -533.453
91.8061 1237.64
266.894 -3294.71
-885.17 1053.41
991.725 -1550.37
-2268.74 -2635.6
4030.7 1240.94
1267.08 3001.34
1503.06 546.071
1660.17 4207.5
-3056.57 -717.593
-109.547 -4794.41
-1670.38 972.109
-2071.61 -2058.63
2106.79 -190.43
-3779.78 -2443.89
-188.501 -220.644
2782.61 165.384
-691.204 3508.46
1902.37 2254.17
-1110.9 -4114.66
-1970.48 -1957.67
1785.08 87.4709
-4750.42 102.736
2861.6 -2208.13
650.34 -974.475
937.149 -1854.67
-1217.13 2802.49
4754.92 -1020.51
-647.902 -1004.31
-1527.25 3244.15
1715.03 -2932.2
383.453 1703.92
1613.82 1157.94
-963.111 -5180.11
2788.44 -615.749
-1950.83 2907.39
144.82 571.237
1389.94 -2780.8
1293.91 878.796
598.087 361.072
-1600.82 2677.15
-1888.36 -2946.1
3500.46 553.325
59.3331 831.929
-2509.33 -968.937
843.875 2921.27
-1374.97 1617.39
2359.73 -1250.03
892.571 2817.5
150.033 -398.233
2970.08 -4062.46
-3155.2 -310.521
600.956 1962.02
-974.247 384.917
1550.34 -3615.9
-1100.32 -195.702
382.35 -5134.37
-491.566 3285.38
247.658 -294.146
2457.74 -1140.07
2132.2 -2482.95
-155.679 -41.8829
-341.674 -183.768
64.7525 -398.488
490.12 553.369
3315.09 -572.536
1810.97 -64.5778
-1373.06 -1035.29
75.9871 -1190.6
202.39 1340.18
-104.517 -2851.97
-31.6182 -3512.85
1175.68 -985.102
-280.048 133.722
-538.493 -30.3724
-3809.69 -3054.8
-213.012 603.854
205.374 -11.0295
-1105.74 -572.636
642.304 -891.205
-245.001 -120.792
2775.4 -2762.94
2813.17 3563.08
1912.59 3678.69
-57.1084 3839.99
730.698 2084.03
-219.986 -155.471
-1429.58 2840.88
-3441.1 -917.595
340.398 -1722.02
-151.267 535.555
-2809.84 -243.513
-2171.14 3050.57
2448.71 2493.75
1535.44 -1958.93
-712.667 1071.98
-1000.5 3087.97
3421.55 -3260.13
-1891.95 -1032.16
1557.42 -998.696
4621.72 -2222.01
-3958.83 1128.77
917.212 2154.82
1113.39 -530.019
-847.119 57.584
-1538.25 -768.789
2344.92 2318.98
328.075 941.753
-4056.57 3441.27
454.675 -1804.45
-170.695 -2096.03
-624.051 -788.554
2183.35 -911.342
-95.8147 -92.2621
-672.419 3632.07
75.0603 -880.444
1652.69 4387.22
-2735.49 3625.11
-2326.79 2821.39
-156.324 -164.381
382.244 1122.42
-837.174 1618.46
-1346.23 -4475.95
-232.687 -2935.31
64.1917 35.4598
-3208.2 -1948.81
-4573.76 1218.96
-983.921 -75.6322
2159.2 362.285
-141.211 -237.52
-724.46 1899.59
-1437.57 -1521.4
-4515.08 921.786
752.795 927.073
3549.17 609.701
171.47 -2027.18
-2570.42 -2323
-351.37 217.88
2167.95 4076.58
1647 4929.27
-3623 -1878.96
3321.43 -458.939
1889.21 -3425.56
2614.68 1062.65
-85.4151 122.757
4147.33 2439.09
450.017 -1848
1151.5 -539.256
-366.35 -2187.7
-1311.93 -2708.34
-3433.83 1686.05
-506.463 148.457
-272.979 -306.923
-1149.17 2353.6
-2026.89 4349.29
-486.295 1627.7
-1731.57 -1390.47
6.03311 524.879
433.535 2838.04
761.33 239.74
-4773.17 601.638
-375.359 -1145.97
-958.067 -2550.89
1535.01 2712.82
3395.31 1365.15
-1940.99 1695.35
774.38 -1642.57
3273.01 -3613.92
-1510.75 224.157
-1476.06 -1041.73
62.1598 38.343
658.531 313.954
-474.393 979.231
-375.196 -44.5451
-1024.11 -555.188
2974.22 -1739.46
-755.835 1447.13
1045.61 2422.84
-2450.73 488.487
641.42 -3350.74
662.356 -2885.37
3044.21 -3954.24
4538.11 1399.42
1841.7 1894.03
-1182.66 613.775
4983.7 -1890.55
-121.073 -424.196
-957.646 -5064.33
1119.54 3428.62
1947.45 -3581.41
-1730.81 895.114
-1374.95 1566.84
3.13678 249.771
-1621 -4192.17
1979.45 -457.529
1720.13 -240.496
60.3563 880.734
867.629 758.646
-679.746 -2152.34
215.755 10.5651
1079.51 -1990.97
1059.03 2747.27
408.479 2694.56
2416.27 1224.04
-2895.74 1103.74
-127.336 -4977.36
1168.07 241.607
2637.88 2776.83
-4764.66 -1175.57
-879.298 -1364.11
2537.72 454.065
-159.476 55.152
4294.21 1649.66
-4391.97 -1709.26
1844.85 2473.6
-19.8455 1043.62
-967.191 3436.81
372.627 950.968
3103.01 -1498.26
748.594 4037.72
234.497 -1654.37
-397.856 -3214.28
-360.586 77.2966
-3714.93 719.353
1796.22 949.752
246.879 2459.74
1424.24 -386.544
5022.93 1182.91
-1605.39 -3775.86
483.966 -201.896
-201.551 -5213.52
-2760.45 3622.47
-1382.16 -63.2772
2627.7 2647.32
-3627.13 -143.503
3985.42 -1069.69
681.736 4861.15
-131.817 1826.5
3782.21 -733.053
-26.194 -54.7377
2502.07 961.496
2717.94 -2231.12
1513.45 2342.93
2414.23 -4386.5
-4261.38 -218.676
-810.44 3532.58


1633.62 -1578.75
-483.579 -582.431
-2469.75 98.9938
-237.894 -4103.66
-2189.58 1707.97
-24.0003 2605.08
-711.6 99.6483
822.559 4064.47
2500.93 750.475
-4731.44 -865.298
2504.86 -331.179
3263.13 2587.46
50.3225 78.9176
30.3081 290.87
1485.22 -975.851
-1963.32 3360.36
-3566.8 1164.1
-327.751 1861.41
-1323.42 -4336.01
-1413.1 -1687.8
4741.35 2122.55
1564.6 -1187.02
729.857 569.541
1827.37 -640.705
-432.43 1543.56
3144.51 -627.183
645.86 226.754
3842.42 160.495
1928.72 -2134.54
-633.415 1777.83
329.334 3619.45
-4250.64 -2648.7
658.026 -1458.06
-192.177 1026.62
-1821.73 786.768
2155.89 496.998
3354.85 2147.19
1250.67 -2433.35
-1645.58 1914.92
701.408 117.979
-1679.82 813.23
-1347.44 3007.69
-3235.65 -2090.09
330.233 -3540.61
1478.45 2180.91
-2648.22 -932.148
-851.938 2507.85
-25.897 517.373
-254.304 3642.11
365.374 -322.105
-1053.61 -3805.02
-1461.92 2805.97
64.6808 146.309
717.894 -416.3
167.118 1980.75
-1314.11 -4902.21
492.145 2661.47
-814.853 -393.384
2827.37 -95.8699
647.389 1197.1
1318.65 -3116.6
-1863.44 661.756
-2006.78 508.375
-4685.25 -2146.15
1563 149.526
3022.37 -2397.74
-2910.24 2068.13
-4606.75 -547.293
4258.03 1307.2
28.2407 218.615
2852.7 -1137.41
-1108.42 4109.59
-201.56 -1661.76
-2948.91 -3450.17
-233.061 -339.181
-1050.77 -2186.66
-1495.45 2409.74
1641.6 3832.34
1465.98 830.431
4068.36 1333.67
-795.763 -1652.54
-3165.74 1571.58
374.674 -1887.45
-1884.26 -1480.98
770.938 86.3001
2814.6 2136.35
741.869 -6.84678
-3812.97 2955.14
552.768 -948.865
-2913.29 -467.709
909.367 304.816
-3608.56 -248.769
1949.28 -1569.26
-1648.47 4490.67
-4094.79 2983.32
4536.82 1677.92
1141.75 2412.73
1635.89 1171.87
-857.212 2136.6
1468.91 -2034.79
2889.06 13.9432
318.449 -1136.71
456.623 1455.81
17.1491 -404.268
2135.56 40.1632
1691.32 -939.605
-1780.85 1187.08
198.595 -120.604
-190.201 236.623
-2560 -3095.64
2342.01 4470.38
-3936.48 3355.81
-754.145 -2482.36
-386.499 -4402.56
1270.15 2172.78
-2576.1 -388.082
2438.23 -1548.07
3590.07 -1584.34
5039.26 -980.382
127.021 -2422.49
-1726.51 -3552.31
-3481.52 -3974.83
3514.41 3189.55
4426.34 -1700.16
-3909.66 2680.01
3335.35 -2952.86
-3173.16 1299.69
2254.79 3569.4
2448.44 2607.24
-3313.18 -1675.03
-1135.68 1409.5
-877.969 -243.449
-75.735 1734.1
-430.77 787.779
3501.43 -781.608
1013.43 -1376.54
-2334.5 579.172
-14.7467 2404.96
1785.86 -707.652
-295.479 -1083.53
3588.16 -2092.79
5067.56 1581.11
-2828.58 3433.46
-4112.03 112.357
1568.44 2980.43
-4654.64 433.751
4682.26 -2377.71
-2142.86 1629.46
742.784 -220.46
4404.88 -1974.98
716.127 -918.835
-1098 -4054.16
-3295.83 -973.344
-1460.9 3246
3699.11 -1366.81
1586.95 -3660.25
1116.33 -2608.32
-1264.68 3656.11
333.155 -358.488
-1561.49 1187.46
-110.886 -1045.97
-2485.79 3986.89
3307.63 -51.013
-2128.85 -3011.22
-1255.35 121.22
3468.65 3589.46
595.805 269.675
-943.443 -502.781
-3157.7 -172.201
2617.47 -2817.61
3917.21 1057.9
2493.4 -897.264
-4748.12 -957.652
795.832 4421.99
129.309 386.814
-1144.61 -272.51
27.6461 -719.158
-2537.69 -3776.79
190.068 4484.92
1391.4 565.633
66.0882 91.5661
-394.886 1658.5
3637.85 3250.71
2618.58 -223.226
3600.56 678.416
-662.214 1175.39
-3335.17 3592.52
-675.041 1063.83
4445.17 1803.04
-268.087 108.933
-137.492 175.925
283.401 -22.5466
-4772.43 -1682.59
1680.44 1106.04
-844.089 -5226.74
-362.626 -303.24
2296.39 -1387.19
1242.5 1849.21
5107.59 423.881
3591.37 1596.32
1746.42 1641.87
3080.96 3430.37
1975.53 1563.69
-614.158 -668.028
-4129.45 1483.45
-2501.95 -505.409
1675.96 715.537
-2676.59 1166.44
-3515.93 3669.37
1297.67 1800.62
71.7222 -748.97
-1229.04 -163.762
3675.3 -3357.11
-27.8535 966.02
1914.23 -1206.51
-1640.46 1314.46
-25.9192 -1676.87
-677.934 -357.84
2674.53 4556.82
-4198.48 -2098.65
-268.905 -4317.71
4267.69 -709.257
4045.75 -2823.74
-386.455 -224.894
-3782.43 -6.04092
3007.7 -2545.21
-296.159 1242.15
-1093.39 3772.5
-898.981 3182.6
2360.14 3902.66
591.634 823.529
-205.737 -113.059
327.064 -1523.55
1248.07 -1806
-2978.91 -518.578
-358.863 3133.93
-4974.74 237.825
697.602 4977.03
764.506 409.467
-426.046 -2705.6
1954.37 -1179.08
313.329 68.2491
1025.67 3237.05
730.717 -322.47
1558.62 2996.5
213.442 -3384.1
-773.599 -2548.46
-1792.95 -2242.59
635.555 -4460.81
-980.307 2049.18
804.284 -130.125
99.7017 -4252.21
-1254.8 -109.647
-1692.79 -544.481
77.3628 1238.44
275.148 -3293.82
-897.098 1045.12
1001.59 -1543.89
-2262.46 -2640.75
4028.39 1248.37
1259.34 3004.33
1499.47 559.195
1653.46 4210.04
-3054.56 -726.844
-101.752 -4794.69
-1676.34 962.018
-2064.78 -2065.86
2107.85 -179.294
-3775.84 -2449.75
-161.522 -236.322
2781.89 174.701
-699.18 3506.76
1895.23 2260.13
-1102.75 -4117.06
-1963.55 -1964.9
1783.5 98.4779
-4750.62 95.1927
2866.82 -2201.39
661.152 -965.071
947.065 -1849.59
-1225.47 2798.81
4756.57 -1013.12
-635.818 -1013.84
-1534.9 3240.53
1721.78 -2927.93
372.329 1705.25
1607.12 1167.18
-956.427 -5181.31
2789.93 -607.153
-1958.54 2902.46
122.626 573.493
1397.23 -2776.77
1286.67 889.63
589.776 377.478
-1608.91 2672.43
-1880.8 -2951.15
3499.24 562.326
41.5324 833.215
-2505.76 -977.997
834.604 2924.17
-1383.79 1610.2
2364.22 -1241.39
883.73 2820.23
175.494 -388.684
2975.74 -4058.29
-3154.05 -318.658
590.895 1964.25
-977.285 370.034
1557.84 -3612.69
-1098.55 -211.268
390.112 -5133.94
-500.97 3284.24
265.354 -277.308
2461.49 -1131.45
2138.28 -2477.38
-136.396 -81.8533
-325.633 -205.338
91.4282 -397.894
477.83 566.686
3316.29 -564.382
1812.43 -51.7273
-1365.42 -1044.08
91.6282 -1191.98
188.184 1343.74
-94.6539 -2852.49
-23.6887 -3512.68
1185.66 -975.309
-291.973 109.354
-536.459 -51.8122
-3805.05 -3060.64
-232.177 597.026
208.506 28.7138
-1099.49 -586.078
655.906 -883.025
-228.39 -148.745
2780.64 -2757.44
2806.83 3568.31
1905.21 3682.67
-65.7557 3840
720.646 2087.31
-197.074 -179.382
-1437.66 2836.81
-3438.97 -926.619
352.635 -1719.84
-170.782 528.846
-2809.13 -253.372
-2178.37 3045.6
2442.24 2500.48
1542.69 -1952.71
-723.724 1063.57
-1009.08 3085.22
3427.07 -3254.5
-1886.6 -1041.4
1562.48 -989.013
4625.04 -2215.29
-3960.79 1121.49
907.415 2159.08
1120.45 -516.874
-848.024 39.925
-1532.98 -780.406
2338.36 2326.09
313.191 949.131
-4060.9 3436.09
465.348 -1801.08
-160.377 -2096.2
-611.378 -798.73
2187.72 -901.445
-56.4694 -121.016
-680.985 3630.59
91.7823 -876.769
1646.03 4389.64
-2741.15 3620.74
-2333.46 2815.97
-130.267 -188.453
368.389 1124.84
-847.693 1612.9
-1339.31 -4477.98
-223.418 -2935.99
-1.33062 71.7087
-3203.98 -1955.51
-4575.62 1211.91
-984.355 -92.2633
2156.93 372.137
-113.721 -250.289
-735.948 1895.9
-1429.6 -1528.01
-4516.77 914.049
741.212 936.324
3547.85 618.715
182.611 -2026.11
-2564.37 -2330.06
-366.914 195.99
2161.75 4079.73
1640.74 4931.26
-3619.37 -1885.84
3323.06 -449.492
1896.18 -3421.66
2611.04 1071.33
-117.307 89.6337
4143.79 2444.84
461.858 -1845.49
1157.23 -526.212
-355.515 -2189.63
-1303.24 -2712.8
-3437.24 1678.88
-511.671 125.471
-256.474 -325.634
-1157.23 2349.18
-2033.97 4346.1
-499.155 1624.82
-1724.77 -1399.08
-17.2536 524.311
424.928 2838.93
756.96 257.316
-4773.87 594.962
-361.543 -1148.62
-948.431 -2554.9
1527.5 2716.75
3392.17 1372.84
-1947.89 1687.68
784.329 -1637.11
3279.02 -3608.69
-1511.55 211.781
-1469.43 -1052.81
1.96199 70.4434
652.688 330.512
-488.728 972.791
-368.275 -71.0669
-1017.92 -569.399
2978.04 -1732.44
-768.158 1441.81
1036.23 2427.12
-2452.08 479.187
650.15 -3349.12
670.513 -2883.07
3050.11 -3949.75
4535.9 1406.92
1834.57 1901
-1191.14 601.465
4986.42 -1883.65
-94.8558 -430.278
-951.096 -5065.47
1111.32 3431.37
1954.24 -3577.65
-1735.11 885.217
-1384.6 1559.47
-34.194 248.297
-1614.47 -4194.52
1981.65 -446.732
1721.21 -228.748
43.0546 881.747
856.94 768.61
-669.695 -2155.29
210.441 49.2921
1089.01 -1985.86
1049.81 2751.14
399.663 2695.41
2411.85 1233.17
-2899.11 1095.07
-120.151 -4977.53
1164.98 256.129
2631.94 2782.44
-4762.94 -1182.05
-868.602 -1371.05
2535.79 463.525
-168.853 13.3402
4291.49 1656.86
-4389.24 -1716.41
1837.91 2478.36
-36.078 1045.13
-975.726 3434.52
358.071 958.597
3106.53 -1490.68
740.233 4039.45
247.775 -1653.49
-389.147 -3215.28
-365.788 50.5572
-3716.91 710.523
1790.68 958.666
237.335 2460.26
1427.33 -373.788
5021.31 1189.63
-1598.36 -3778.74
492.287 -180.65
-194.997 -5213.68
-2766.94 3617.67
-1381.17 -76.838
2621.51 2653.74
-3626.99 -152.57
3987.1 -1062.65
673.976 4862.37
-144.7 1826.58
3783.85 -724.853
53.106 -20.2399
2498.62 971.243
2722.76 -2224.86
1505.35 2348.13
2420.64 -4383
-4260.83 -225.766
-817.801 3530.61


1640.57 -1571.13
-467.712 -592.703
-2469.55 89.6506
-230.31 -4103.99
-2195.31 1700.43
-34.8792 2605.52
-714.929 80.9619
814.817 4066.03
2498.08 760.144
-4730.12 -872.598
2506.01 -321.328
3258.06 2594.04
-10.6331 85.5164
-3.23447 288.629
1491.21 -965.815
-1970.35 3356.24
-3569.49 1156.05
-340.072 1859.91
-1315.79 -4338.46
-1404.85 -1694.33
4738.54 2128.64
1571.09 -1177.91
721.609 584.407
1830.41 -630.158
-443.377 1539.14
3146.09 -618.625
640.593 244.885
3842.29 169.438
1936.03 -2128.1
-643.73 1773.52
321.294 3620.04
-4247.04 -2654.24
671.039 -1453.64
-208.437 1025.53
-1825.07 776.815
2153.97 508.639
3350.46 2154.14
1259.5 -2428.89
-1653.05 1908.33
698.943 136.876
-1685.98 802.273
-1355.39 3004.06
-3231.37 -2096.37
338.218 -3539.68
1470.15 2186.63
-2645.04 -941.315
-861.558 2504.71
-49.1582 515.602
-263.066 3641.62
381.051 -303.698
-1045.49 -3807.38
-1469.01 2801.87
21.4106 157.143
725.576 -400.154
155.846 1981.54
-1306.65 -4904.34
483.021 2662.83
-810.514 -409.822
2827.38 -86.8592
635.155 1203.81
1326.19 -3113.21
-1867.3 650.912
-2009.58 497.449
-4682.4 -2152.18
1561.41 162.083
3026.85 -2391.74
-2914.8 2061.44
-4605.87 -554.744
4255.79 1314.45
-8.42876 219.751
2855.84 -1129.12
-1116.26 4107.56
-189.92 -1662.1
-2943.05 -3455.25
-210.929 -352.549
-1041.52 -2190.99
-1504.21 2404.65
1634.6 3835.23
1459.61 840.725
4065.93 1341.23
-784.995 -1657.72
-3169.91 1563.57
385.916 -1885.05
-1877.92 -1488.09
771.463 103.591
2809.37 2143.31
743.923 10.8822
-3816.92 2949.79
564.21 -939.473
-2911.56 -476.127
905.021 320.986
-3607.78 -256.466
1956.26 -1561.12
-1655.12 4488.16
-4099.49 2977.11
4534.38 1684.09
1132.67 2417.17
1629.14 1179.76
-867.549 2132.75
1476.45 -2028.88
2888.59 22.5268
332.818 -1132.63
444.288 1459.13
43.0381 -400.812
2134.59 50.1798
1695.73 -929.863
-1786.17 1178.15
213.507 -90.5101
-212.875 216.224
-2554.01 -3100.46
2335.95 4473.47
-3941.51 3350.08
-743.84 -2486.1
-378.152 -4403.49
1260.92 2178.81
-2574.86 -398.566
2442.68 -1540.44
3593.76 -1576.44
5040.35 -974.055
137.64 -2422.11
-1718.87 -3556.19
-3476.55 -3979.06
3509.22 3195.43
4429.01 -1693.23
-3913.99 2673.77
3339.91 -2947.49
-3177.08 1291
2247.74 3574.06
2441.95 2613.63
-3309.4 -1682.58
-1144.14 1401.84
-875.649 -260.397
-88.9265 1734.64
-446.855 781.785
3503.03 -773.707
1022.12 -1368.92
-2337.01 569.062
-25.4328 2405.08
1790.8 -696.529
-280.763 -1086.38
3592.23 -2085.89
5065.43 1588.26
-2833.79 3428.94
-4112.03 105.105
1561.3 2983.85
-4655.46 425.949
4685.16 -2371.81
-2148.57 1621.74
746.103 -202.129
4408.15 -1967.94
728.818 -910.16
-1090.11 -4056.4
-3293.32 -980.888
-1468.75 3242.48
3702.11 -1358.96
1593.76 -3657.11
1124.22 -2604.5
-1272.28 3653.43
350.132 -339.97
-1567.18 1178.53
-95.0244 -1048.95
-2491.96 3983.01
3308.09 -41.4266
-2122.3 -3015.66
-1255.12 107.453
3463.13 3594.98
588.299 287.659
-938.544 -518.378
-3157.15 -181.087
2623.86 -2811.85
3915.12 1065.25
2496.91 -887.798
-4746.68 -964.91
788.799 4423.14
104.215 393.625
-1141.84 -287.5
46.9673 -716.724
-2531.27 -3781.18
183.021 4485.08
1387.62 579.372
10.6494 100.483
-407.983 1656.48
3633.06 3256.02
2619.56 -213.106
3598.89 685.914
-674.108 1168.35
-3341.02 3587.28
-687.375 1056.16
4442.34 1810.23
-279.963 78.6587
-164.386 152.341
285.569 8.85849
-4770.01 -1689.61
1674.23 1115.92
-837.002 -5227.92
-345.293 -318.409
2300.92 -1379.09
1233.6 1855
5106.99 430.882
3588.02 1604.15
1739.46 1648.46
3075.22 3435.61
1969.29 1571.04
-600.589 -678.128
-4132.46 1475.63
-2500.29 -516.175
1671.63 727.348
-2680.96 1157.3
-3521.55 3664.15
1288.59 1808
89.8297 -743.355
-1225.55 -177.175
3679.77 -3352.07
-44.4887 966.099
1918.84 -1197.87
-1647.41 1305.76
-13.4701 -1676.99
-671.622 -374.401
2668.79 4560.11
-4195.22 -2105.01
-260.662 -4318.37
4268.79 -701.993
4049.47 -2818.2
-372.861 -247.415
-3782.16 -13.5196
3012.71 -2539.16
-308.616 1237.13
-1100.68 3770.23
-907.223 3180.15
2353.25 3907
578.818 833.58
-185.517 -141.814
339.633 -1520.71
1257.06 -1799.79
-2977.07 -526.732
-368.533 3133.1
-4974.91 231.293
690.77 4977.92
756.546 425.053
-416.075 -2707.38
1960.25 -1169.79
305.285 96.4147
1017.91 3239.24
739.978 -307.591
1550.97 3000.36
222.371 -3383.61
-764.766 -2550.68
-1785.69 -2248.16
642.489 -4459.68
-990.728 2044.71
808.226 -112.618
107.587 -4252.05
-1254.51 -124.533
-1688.76 -555.484
62.9088 1239.07
283.399 -3292.9
-908.936 1036.73
1011.41 -1537.35
-2256.16 -2645.89
4026.07 1255.79
1251.59 3007.3
1495.78 572.282
1646.75 4212.57
-3052.53 -736.089
-93.9559 -4794.96
-1682.24 951.892
-2057.93 -2073.05
2108.85 -168.152
-3771.89 -2455.6
-132.581 -249.124
2781.13 184.016
-707.152 3505.03
1888.07 2266.08
-1094.59 -4119.45
-1956.59 -1972.11
1781.83 109.48
-4750.8 87.6495
2872.03 -2194.63
671.856 -955.508
956.954 -1844.45
-1233.8 2795.1
4758.21 -1005.72
-623.636 -1023.21
-1542.55 3236.89
1728.53 -2923.63
361.186 1706.49
1600.36 1176.39
-949.741 -5182.5
2791.38 -598.549
-1966.23 2897.51
100.268 574.982
1404.51 -2772.71
1279.35 900.404
581.006 393.589
-1617 2667.69
-1873.24 -2956.19
3497.99 571.323
23.7126 834.119
-2502.17 -987.043
825.326 2927.05
-1392.57 1602.96
2368.69 -1232.72
874.881 2822.94
200.333 -377.756
2981.38 -4054.11
-3152.88 -326.793
580.817 1966.42
-980.097 355.065
1565.32 -3609.47
-1096.56 -226.795
397.873 -5133.5
-510.37 3283.07
281.747 -259.108
2465.2 -1122.83
2144.34 -2471.79
-106.611 -115.494
-308.01 -225.909
117.734 -395.687
465.227 579.631
3317.46 -556.225
1813.82 -38.8744
-1357.71 -1052.81
107.255 -1193.18
173.959 1347.16
-84.7898 -2852.99
-15.759 -3512.49
1195.55 -965.445
-301.175 83.9651
-533.496 -73.1623
-3800.4 -3066.48
-251.105 589.588
205.013 67.5608
-1093.1 -599.44
669.379 -874.671
-208.547 -174.593
2785.88 -2751.92
2800.48 3573.52
1897.83 3686.65
-74.4026 3839.99
710.577 2090.54
-171.171 -200.567
-1445.73 2832.72
-3436.82 -935.637
364.855 -1717.58
-190.028 521.304
-2808.38 -263.228
-2185.59 3040.62
2435.76 2507.2
1549.91 -1946.47
-734.691 1055.03
-1017.65 3082.44
3432.58 -3248.86
-1881.21 -1050.61
1567.48 -979.289
4628.35 -2208.57
-3962.73 1114.2
897.599 2163.3
1127.35 -503.657
-848.562 22.2486
-1527.64 -791.983
2331.78 2333.19
298.225 956.258
-4065.23 3430.91
476.002 -1797.63
-150.054 -2096.32
-598.547 -808.699
2192.04 -891.53
-9.48659 -133.426
-689.548 3629.09
108.469 -872.755
1639.37 4392.05
-2746.8 3616.35
-2340.13 2810.52
-101.032 -207.936
354.475 1127.08
-858.175 1607.28
-1332.38 -4479.99
-214.148 -2936.64
-59.6728 31.4829
-3199.74 -1962.2
-4577.46 1204.84
-984.519 -108.869
2154.6 381.981
-84.6635 -259.607
-747.413 1892.16
-1421.6 -1534.58
-4518.44 906.309
729.514 945.43
3546.51 627.727
193.747 -2024.97
-2558.31 -2337.1
-381.054 173.349
2155.55 4082.87
1634.48 4933.23
-3615.72 -1892.72
3324.67 -440.042
1903.14 -3417.74
2607.37 1080
-137.698 47.7635
4140.25 2450.59
473.681 -1842.91
1162.8 -513.1
-344.671 -2191.51
-1294.53 -2717.24
-3440.63 1671.7
-515.929 102.252
-238.976 -343.085
-1165.27 2344.72
-2041.03 4342.9
-511.987 1621.86
-1717.93 -1407.65
-40.5083 522.757
416.316 2839.79
752.197 274.758
-4774.56 588.284
-347.674 -1151.09
-938.782 -2558.88
1519.97 2720.65
3389.01 1380.53
-1954.75 1679.99
794.243 -1631.58
3285.02 -3603.45
-1512.23 199.39
-1462.73 -1063.84
-63.1267 30.7647
646.401 346.845
-502.963 966.153
-359.414 -97.2139
-1011.55 -583.516
2981.84 -1725.4
-780.436 1436.41
1026.85 2431.36
-2453.39 469.879
658.876 -3347.49
678.664 -2880.75
3056 -3945.25
4533.68 1414.41
1827.41 1907.93
-1199.5 589.088
4989.12 -1876.74
-68.3338 -434.979
-944.544 -5066.61
1103.09 3434.11
1961.02 -3573.87
-1739.34 875.288
-1394.2 1552.06
-70.8985 242.264
-1607.94 -4196.86
1983.79 -435.921
1722.2 -216.989
25.7363 882.42
846.103 778.441
-659.628 -2158.2
198.98 86.5805
1098.5 -1980.7
1040.58 2754.98
390.842 2696.23
2407.4 1242.29
-2902.46 1086.38
-112.966 -4977.7
1161.71 270.611
2625.99 2788.04
-4761.21 -1188.53
-857.853 -1377.91
2533.82 472.978
-167.57 -29.3197
4288.76 1664.07
-4386.51 -1723.56
1830.96 2483.09
-52.3023 1046.39
-984.256 3432.22
343.427 965.99
3110.03 -1483.09
731.868 4041.16
261.038 -1652.52
-380.436 -3216.25
-368.968 23.5383
-3718.86 701.689
1785.1 967.551
227.787 2460.73
1430.31 -361.002
5019.68 1196.34
-1591.32 -3781.61
499.681 -159.064
-188.442 -5213.82
-2773.42 3612.86
-1380.06 -90.3912
2615.31 2660.14
-3626.83 -161.637
3988.78 -1055.61
666.214 4863.58
-157.576 1826.58
3785.47 -716.651
29.8289 60.0303
2495.13 980.976
2727.56 -2218.58
1497.24 2353.3
2427.04 -4379.48
-4260.27 -232.854
-825.157 3528.61


1647.48 -1563.48
-451.554 -602.608
-2469.31 80.3058
-222.725 -4104.32
-2201.01 1692.88
-45.7576 2605.93
-717.746 62.2173
807.072 4067.58
2495.19 769.803
-4728.79 -879.896
2507.12 -311.472
3252.99 2600.61
-63.5533 44.1145
-36.7362 282.971
1497.12 -955.734
-1977.36 3352.11
-3572.16 1147.98
-352.38 1858.34
-1308.15 -4340.9
-1396.57 -1700.81
4735.73 2134.73
1577.53 -1168.76
713.122 599.081
1833.4 -619.589
-454.296 1534.63
3147.64 -610.061
634.793 262.813
3842.14 178.379
1943.33 -2121.62
-654.02 1769.15
313.252 3620.62
-4243.43 -2659.79
684.008 -1449.14
-224.649 1024.2
-1828.35 766.836
2152.01 520.267
3346.05 2161.08
1268.31 -2424.4
-1660.5 1901.71
695.961 155.672
-1692.07 791.284
-1363.32 3000.41
-3227.07 -2102.64
346.201 -3538.73
1461.83 2192.31
-2641.82 -950.472
-871.166 2501.53
-72.3228 512.823
-271.826 3641.1
395.83 -284.576
-1037.36 -3809.73
-1476.08 2797.74
-23.5113 155.747
732.919 -383.821
144.568 1982.26
-1299.19 -4906.47
473.891 2664.16
-805.888 -426.115
2827.36 -77.8475
622.855 1210.41
1333.72 -3109.79
-1871.09 640.046
-2012.32 486.509
-4679.53 -2158.2
1559.71 174.63
3031.33 -2385.72
-2919.35 2054.74
-4604.98 -562.194
4253.54 1321.7
-44.8637 214.803
2858.95 -1120.82
-1124.08 4105.51
-178.27 -1662.35
-2937.17 -3460.31
-187.957 -364.514
-1032.25 -2195.28
-1512.95 2399.53
1627.6 3838.12
1453.17 850.973
4063.48 1348.77
-774.193 -1662.83
-3174.06 1555.55
397.145 -1882.58
-1871.54 -1495.18
771.553 120.824
2804.13 2150.25
745.494 28.6042
-3820.87 2944.44
575.538 -929.894
-2909.8 -484.539
900.404 337.06
-3606.98 -264.162
1963.21 -1552.95
-1661.77 4485.65
-4104.18 2970.89
4531.93 1690.25
1123.57 2421.58
1622.35 1187.62
-877.867 2128.86
1483.96 -2022.94
2888.08 31.1102
347.133 -1128.36
431.92 1462.35
68.7454 -395.666
2133.56 60.1952
1700.08 -920.088
-1791.46 1169.19
223.41 -58.2938
-233.39 193.631
-2548.01 -3105.26
2329.89 4476.54
-3946.53 3344.36
-733.524 -2489.81
-369.805 -4404.41
1251.67 2184.8
-2573.58 -409.043
2447.11 -1532.8
3597.43 -1568.54
5041.43 -967.727
148.256 -2421.67
-1711.22 -3560.05
-3471.58 -3983.28
3504.02 3201.31
4431.67 -1686.29
-3918.32 2667.53
3344.46 -2942.11
-3180.98 1282.3
2240.69 3578.7
2435.45 2620
-3305.59 -1690.13
-1152.55 1394.12
-873.025 -277.254
-102.114 1735.09
-462.777 775.508
3504.61 -765.802
1030.75 -1361.24
-2339.47 558.94
-36.1183 2405.15
1795.68 -685.381
-265.995 -1089.04
3596.28 -2078.97
5063.29 1595.42
-2838.98 3424.4
-4112.02 97.8518
1554.15 2987.25
-4656.28 418.146
4688.05 -2365.9
-2154.25 1613.99
748.991 -183.681
4411.4 -1960.9
741.387 -901.333
-1082.22 -4058.62
-3290.78 -988.426
-1476.6 3238.95
3705.09 -1351.11
1600.57 -3653.95
1132.1 -2600.66
-1279.86 3650.74
366.287 -320.655
-1572.81 1169.56
-79.1413 -1051.7
-2498.11 3979.11
3308.52 -31.8399
-2115.74 -3020.08
-1254.73 93.6716
3457.6 3600.5
580.231 305.367
-933.444 -533.864
-3156.56 -189.972
2630.24 -2806.07
3913.01 1072.6
2500.4 -878.319
-4745.22 -972.166
781.764 4424.27
78.694 398.826
-1138.88 -302.444
66.2547 -713.772
-2524.83 -3785.56
175.973 4485.23
1383.73 593.067
-47.0233 75.4923
-421.059 1654.37
3628.26 3261.33
2620.51 -202.984
3597.21 693.408
-685.931 1161.18
-3346.85 3582.03
-699.618 1048.35
4439.51 1817.42
-288.601 47.4732
-186.992 124.781
284.246 40.1562
-4767.59 -1696.63
1667.97 1125.77
-829.914 -5229.09
-327.05 -332.737
2305.41 -1370.96
1224.66 1860.74
5106.38 437.881
3584.66 1611.98
1732.47 1655
3069.48 3440.84
1963.03 1578.35
-586.805 -687.986
-4135.45 1467.81
-2498.58 -526.933
1667.22 739.127
-2685.31 1148.14
-3527.16 3658.92
1279.48 1815.33
107.88 -737.267
-1221.89 -190.564
3684.22 -3347.03
-61.111 965.895
1923.41 -1189.21
-1654.32 1297.03
-1.02034 -1677.01
-664.916 -390.744
2663.04 4563.38
-4191.96 -2111.38
-252.417 -4319.01
4269.88 -694.727
4053.19 -2812.64
-358.125 -269.179
-3781.87 -20.9983
3017.71 -2533.1
-321.034 1231.94
-1107.97 3767.94
-915.459 3177.69
2346.36 3911.33
565.857 843.42
-161.041 -167.314
352.18 -1517.76
1266.03 -1793.55
-2975.21 -534.882
-378.201 3132.25
-4975.07 224.76
683.936 4978.8
748.279 440.467
-406.098 -2709.13
1966.08 -1160.48
294.618 123.752
1010.15 3241.4
748.856 -292.554
1543.3 3004.2
231.298 -3383.1
-755.922 -2552.88
-1778.41 -2253.7
649.421 -4458.54
-1001.13 2040.19
811.772 -95.0548
115.471 -4251.87
-1254.06 -139.402
-1684.65 -566.461
48.4462 1239.52
291.649 -3291.96
-920.682 1028.23
1021.19 -1530.75
-2249.85 -2651.02
4023.74 1263.2
1243.83 3010.25
1492 585.334
1640.03 4215.09
-3050.47 -745.328
-86.1598 -4795.22
-1688.08 941.732
-2051.06 -2080.23
2109.8 -157.005
-3767.93 -2461.44
-101.959 -258.76
2780.35 193.329
-715.12 3503.29
1880.89 2272
-1086.43 -4121.83
-1949.61 -1979.3
1780.08 120.478
-4750.98 80.1061
2877.22 -2187.87
682.449 -945.788
966.816 -1839.26
-1242.11 2791.37
4759.83 -998.322
-611.359 -1032.42
-1550.19 3233.23
1735.26 -2919.32
350.026 1707.65
1593.56 1185.55
-943.054 -5183.68
2792.81 -589.939
-1973.9 2892.55
77.7739 575.69
1411.78 -2768.63
1271.93 911.116
571.786 409.395
-1625.07 2662.92
-1865.66 -2961.2
3496.72 580.316
5.88199 834.642
-2498.54 -996.077
816.04 2929.9
-1401.31 1595.68
2373.12 -1224.04
866.023 2825.61
224.466 -365.499
2987.02 -4049.92
-3151.68 -334.925
570.722 1968.53
-982.681 340.014
1572.8 -3606.24
-1094.37 -242.279
405.634 -5133.05
-519.767 3281.87
296.746 -239.627
2468.88 -1114.19
2150.39 -2466.18
-68.3065 -139.873
-288.853 -245.355
143.578 -391.928
452.321 592.199
3318.6 -548.064
1815.14 -26.0199
-1349.93 -1061.48
122.866 -1194.19
159.716 1350.43
-74.9247 -2853.45
-7.82932 -3512.29
1205.35 -955.512
-307.591 57.7997
-529.606 -94.3853
-3795.74 -3072.32
-269.777 581.548
195.498 104.439
-1086.56 -612.722
682.72 -866.145
-185.732 -197.952
2791.1 -2746.4
2794.12 3578.72
1890.45 3690.61
-83.0493 3839.96
700.49 2093.71
-142.585 -218.603
-1453.79 2828.61
-3434.66 -944.65
377.058 -1715.23
-208.973 512.936
-2807.61 -273.081
-2192.81 3035.63
2429.26 2513.9
1557.11 -1940.18
-745.568 1046.35
-1026.21 3079.63
3438.08 -3243.22
-1875.77 -1059.8
1572.42 -969.524
4631.65 -2201.84
-3964.66 1106.91
887.765 2167.48
1134.1 -490.369
-848.731 4.56256
-1522.22 -803.52
2325.18 2340.27
283.181 963.134
-4069.56 3425.71
486.637 -1794.11
-139.727 -2096.37
-585.561 -818.458
2196.31 -881.597
38.7725 -127.907
-698.107 3627.57
125.113 -868.4
1632.7 4394.45
-2752.45 3611.96
-2346.78 2805.06
-69.4024 -222.497
340.505 1129.14
-868.62 1601.58
-1325.45 -4481.99
-204.875 -2937.26
-53.2202 -44.5625
-3195.49 -1968.88
-4579.29 1197.78
-984.416 -125.446
2152.22 391.815
-54.4157 -265.268
-758.855 1888.36
-1413.55 -1541.1
-4520.1 898.567
717.704 954.391
3545.15 636.735
204.877 -2023.77
-2552.23 -2344.13
-393.763 150.056
2149.34 4086.01
1628.22 4935.2
-3612.06 -1899.59
3326.25 -430.588
1910.09 -3413.81
2603.68 1088.65
-144.042 1.05419
4136.7 2456.32
485.487 -1840.27
1168.22 -499.924
-333.819 -2193.34
-1285.81 -2721.65
-3444.01 1664.52
-519.225 78.8426
-220.577 -359.242
-1173.29 2340.23
-2048.1 4339.69
-524.793 1618.82
-1711.06 -1416.18
-63.687 520.217
407.7 2840.61
747.044 292.058
-4775.24 581.605
-333.751 -1153.39
-929.122 -2562.83
1512.43 2724.54
3385.84 1388.21
-1961.59 1672.27
804.123 -1625.99
3291.01 -3598.2
-1512.81 186.984
-1455.97 -1074.83
-50.5899 -42.2108
639.676 362.943
-517.096 959.318
-348.616 -122.837
-1005.02 -597.536
2985.63 -1718.34
-792.666 1430.92
1017.44 2435.57
-2454.66 460.564
667.598 -3345.83
686.807 -2878.39
3061.89 -3940.75
4531.46 1421.9
1820.22 1914.84
-1207.71 576.647
4991.82 -1869.84
-41.5921 -438.282
-937.99 -5067.74
1094.85 3436.82
1967.79 -3570.08
-1743.51 865.328
-1403.77 1544.6
-106.332 231.877
-1601.41 -4199.19
1985.87 -425.096
1723.11 -205.22
8.40804 882.752
835.12 788.137
-649.546 -2161.07
181.778 121.374
1107.96 -1975.5
1031.35 2758.79
382.016 2697.01
2402.92 1251.4
-2905.78 1077.69
-105.781 -4977.85
1158.26 285.051
2620.02 2793.63
-4759.46 -1195.01
-847.052 -1384.68
2531.81 482.423
-155.851 -70.1601
4286.02 1671.27
-4383.76 -1730.71
1823.99 2487.81
-68.5145 1047.41
-992.779 3429.89
328.698 973.146
3113.52 -1475.49
723.501 4042.86
274.287 -1651.45
-371.721 -3217.19
-370.116 -3.61035
-3720.8 692.852
1779.45 976.405
218.235 2461.16
1433.18 -348.186
5018.05 1203.06
-1584.27 -3784.46
506.134 -137.179
-181.887 -5213.96
-2779.89 3608.05
-1378.8 -103.935
2609.1 2666.54
-3626.65 -170.702
3990.44 -1048.57
658.451 4864.79
-170.446 1826.5
3787.07 -708.445
-41.5512 70.6231
2491.61 990.696
2732.35 -2212.3
1489.11 2358.45
2433.44 -4375.96
-4259.7 -239.942
-832.508 3526.59


1654.35 -1555.79
-435.115 -612.137
-2469.02 70.9597
-215.139 -4104.62
-2206.69 1685.3
-56.6353 2606.3
-720.049 43.4283
799.323 4069.11
2492.27 779.45
-4727.45 -887.192
2508.19 -301.61
3247.9 2607.17
-64.1489 -29.376
-69.7849 273.841
1502.96 -945.608
-1984.37 3347.97
-3574.82 1139.91
-364.675 1856.71
-1300.51 -4343.33
-1388.25 -1707.25
4732.9 2140.81
1583.91 -1159.57
704.402 613.557
1836.32 -608.998
-465.186 1530.02
3149.16 -601.493
628.469 280.524
3841.98 187.32
1950.6 -2115.13
-664.284 1764.7
305.208 3621.17
-4239.81 -2665.32
696.935 -1444.54
-240.809 1022.63
-1831.58 756.832
2149.99 531.883
3341.63 2168
1277.11 -2419.88
-1667.92 1895.06
692.466 174.353
-1698.09 780.263
-1371.24 2996.74
-3222.76 -2108.91
354.183 -3537.76
1453.49 2197.97
-2638.57 -959.618
-880.761 2498.31
-95.3456 509.042
-280.584 3640.57
409.678 -264.784
-1029.23 -3812.06
-1483.15 2793.59
-66.5526 141.967
739.917 -367.308
133.285 1982.92
-1291.72 -4908.59
464.755 2665.45
-800.98 -442.258
2827.3 -68.8349
610.49 1216.88
1341.24 -3106.35
-1874.82 629.159
-2015.01 475.554
-4676.66 -2164.23
1557.9 187.165
3035.79 -2379.69
-2923.88 2048.03
-4604.08 -569.643
4251.27 1328.95
-80.0471 203.868
2862.03 -1112.52
-1131.91 4103.46
-166.609 -1662.51
-2931.29 -3465.37
-164.233 -375.021
-1022.96 -2199.53
-1521.68 2394.38
1620.59 3840.99
1446.65 861.174
4061.02 1356.31
-763.359 -1667.88
-3178.19 1547.52
408.359 -1880.04
-1865.13 -1502.25
771.211 137.989
2798.88 2157.18
746.587 46.3079
-3824.81 2939.07
586.751 -920.127
-2908.01 -492.947
895.52 353.035
-3606.15 -271.856
1970.13 -1544.75
-1668.41 4483.12
-4108.86 2964.66
4529.47 1696.41
1114.45 2425.96
1615.5 1195.43
-888.166 2124.92
1491.45 -2016.96
2887.55 39.6932
361.392 -1123.92
419.52 1465.46
94.159 -388.831
2132.47 70.2088
1704.37 -910.28
-1796.69 1160.19
228 -24.6935
-251.534 169.071
-2542.01 -3110.05
2323.82 4479.61
-3951.55 3338.62
-723.197 -2493.48
-361.456 -4405.32
1242.4 2190.77
-2572.27 -419.515
2451.52 -1525.14
3601.09 -1560.63
5042.51 -961.396
158.87 -2421.2
-1703.57 -3563.89
-3466.59 -3987.5
3498.81 3207.17
4434.32 -1679.35
-3922.63 2661.28
3349 -2936.72
-3184.86 1273.59
2233.63 3583.34
2428.94 2626.36
-3301.77 -1697.66
-1160.9 1386.33
-870.1 -294.016
-115.296 1735.46
-478.532 768.951
3506.17 -757.893
1039.32 -1353.49
-2341.89 548.809
-46.8032 2405.17
1800.49 -674.207
-251.177 -1091.49
3600.31 -2072.05
5061.14 1602.56
-2844.16 3419.86
-4112 90.5984
1546.99 2990.63
-4657.08 410.341
4690.93 -2359.99
-2159.9 1606.22
751.444 -165.127
4414.65 -1953.85
753.834 -892.358
-1074.32 -4060.84
-3288.23 -995.957
-1484.44 3235.4
3708.06 -1343.24
1607.38 -3650.79
1139.96 -2596.78
-1287.44 3648.03
381.576 -300.582
-1578.38 1160.56
-63.2404 -1054.21
-2504.27 3975.21
3308.93 -22.2529
-2109.16 -3024.48
-1254.18 79.8779
3452.07 3606
571.61 322.784
-928.146 -549.237
-3155.95 -198.855
2636.6 -2800.28
3910.88 1079.94
2503.84 -868.828
-4743.75 -979.42
774.727 4425.39
52.8499 402.388
-1135.73 -317.34
85.494 -710.303
-2518.39 -3789.93
168.924 4485.37
1379.73 606.717
-82.9963 22.0443
-434.113 1652.18
3623.45 3266.63
2621.42 -192.858
3595.5 700.899
-697.68 1153.89
-3352.68 3576.78
-711.769 1040.4
4436.67 1824.61
-293.958 15.7471
-204.765 93.9943
279.497 70.971
-4765.15 -1703.65
1661.65 1135.58
-822.825 -5230.26
-307.926 -346.169
2309.88 -1362.82
1215.7 1866.44
5105.76 444.88
3581.28 1619.79
1725.45 1661.52
3063.72 3446.07
1956.73 1585.64
-572.812 -697.598
-4138.43 1459.99
-2496.84 -537.683
1662.74 750.875
-2689.62 1138.97
-3532.77 3653.68
1270.34 1822.61
125.861 -730.704
-1218.06 -203.926
3688.67 -3341.97
-77.7154 965.41
1927.94 -1180.53
-1661.18 1288.25
11.4295 -1676.94
-657.824 -406.859
2657.28 4566.65
-4188.68 -2117.73
-244.172 -4319.64
4270.95 -687.459
4056.9 -2807.08
-342.297 -290.122
-3781.57 -28.4768
3022.69 -2527.03
-333.411 1226.6
-1115.26 3765.64
-923.688 3175.2
2339.47 3915.65
552.753 853.048
-132.809 -188.907
364.701 -1514.71
1274.96 -1787.25
-2973.31 -543.027
-387.865 3131.38
-4975.21 218.227
677.101 4979.68
739.708 455.702
-396.116 -2710.84
1971.87 -1151.14
281.406 150.02
1002.38 3243.54
757.351 -277.367
1535.63 3008.01
240.224 -3382.56
-747.068 -2555.04
-1771.11 -2259.21
656.352 -4457.38
-1011.5 2035.64
814.923 -77.4457
123.355 -4251.68
-1253.44 -154.252
-1680.46 -577.412
33.9769 1239.81
299.897 -3291
-932.338 1019.63
1030.92 -1524.08
-2243.53 -2656.13
4021.39 1270.61
1236.06 3013.17
1488.12 598.348
1633.31 4217.6
-3048.39 -754.561
-78.3636 -4795.47
-1693.86 931.538
-2044.17 -2087.39
2110.69 -145.855
-3763.95 -2467.28
-69.984 -264.955
2779.52 202.64
-723.084 3501.53
1873.69 2277.89
-1078.26 -4124.2
-1942.6 -1986.46
1778.25 131.47
-4751.15 72.5625
2882.4 -2181.09
692.929 -935.911
976.649 -1834.01
-1250.41 2787.62
4761.45 -990.921
-598.989 -1041.48
-1557.82 3229.55
1741.98 -2914.98
338.848 1708.72
1586.69 1194.67
-936.364 -5184.85
2794.2 -581.322
-1981.57 2887.57
55.1727 575.606
1419.03 -2764.52
1264.43 921.766
562.127 424.887
-1633.13 2658.14
-1858.07 -2966.2
3495.43 589.307
-11.9513 834.784
-2494.87 -1005.1
806.746 2932.72
-1410.02 1588.36
2377.52 -1215.34
857.156 2828.26
247.818 -351.968
2992.66 -4045.72
-3150.45 -343.054
560.609 1970.58
-985.034 324.883
1580.27 -3602.99
-1091.98 -257.718
413.393 -5132.58
-529.161 3280.66
310.26 -218.947
2472.53 -1105.53
2156.42 -2460.56
-24.3769 -152.697
-268.223 -263.549
168.878 -386.683
439.124 604.385
3319.73 -539.899
1816.37 -13.1642
-1342.08 -1070.1
138.458 -1195.03
145.456 1353.57
-65.0587 -2853.88
0.100456 -3512.06
1215.07 -945.511
-311.172 31.1013
-524.795 -115.444
-3791.08 -3078.15
-288.173 572.916
180.694 138.509
-1079.87 -625.92
695.927 -857.448
-160.255 -218.473
2796.3 -2740.86
2787.76 3583.91
1883.05 3694.55
-91.6955 3839.92
690.387 2096.84
-111.69 -233.096
-1461.83 2824.47
-3432.47 -953.658
389.242 -1712.8
-227.585 503.75
-2806.8 -282.931
-2200.01 3030.62
2422.75 2520.59
1564.29 -1933.87
-756.353 1037.55
-1034.76 3076.81
3443.58 -3237.57
-1870.27 -1068.95
1577.29 -959.72
4634.94 -2195.11
-3966.58 1099.62
877.913 2171.61
1140.69 -477.013
-848.531 -13.1255
-1516.71 -815.015
2318.57 2347.33
268.062 969.759
-4073.87 3420.52
497.252 -1790.51
-129.396 -2096.37
-572.423 -828.005
2200.55 -871.648
81.8009 -105.157
-706.663 3626.03
141.708 -863.704
1626.03 4396.84
-2758.09 3607.55
-2353.42 2799.59
-36.1676 -231.924
326.48 1131.02
-879.028 1595.82
-1318.52 -4483.98
-195.6 -2937.85
20.8538 -63.4526
-3191.22 -1975.55
-4581.12 1190.71
-984.047 -141.988
2149.79 401.639
-23.3837 -267.096
-770.274 1884.5
-1405.46 -1547.58
-4521.75 890.823
705.783 963.204
3543.76 645.739
216 -2022.51
-2546.13 -2351.14
-405.022 126.211
2143.12 4089.13
1621.96 4937.16
-3608.38 -1906.46
3327.81 -421.132
1917.04 -3409.87
2599.95 1097.29
-135.142 -45.7376
4133.14 2462.06
497.274 -1837.55
1173.5 -486.683
-322.96 -2195.11
-1277.08 -2726.03
-3447.38 1657.33
-521.548 55.2854
-201.366 -374.078
-1181.3 2335.71
-2055.15 4336.47
-537.571 1615.69
-1704.14 -1424.69
-86.746 516.696
399.079 2841.41
741.505 309.207
-4775.91 574.925
-319.779 -1155.52
-919.449 -2566.75
1504.87 2728.4
3382.65 1395.89
-1968.4 1664.52
813.968 -1620.32
3297 -3592.95
-1513.27 174.564
-1449.14 -1085.76
19.7405 -66.8003
632.522 378.798
-531.123 952.287
-335.898 -147.782
-998.328 -611.458
2989.39 -1711.28
-804.85 1425.34
1008.02 2439.74
-2455.89 451.24
676.316 -3344.15
694.945 -2876.01
3067.77 -3936.24
4529.22 1429.39
1813.01 1921.73
-1215.8 564.143
4994.5 -1862.92
-14.7165 -440.175
-931.434 -5068.87
1086.61 3439.52
1974.55 -3566.28
-1747.62 855.338
-1413.29 1537.09
-139.921 217.456
-1594.87 -4201.51
1987.89 -414.259
1723.93 -193.44
-8.92344 882.745
823.992 797.697
-639.449 -2163.88
159.447 152.749
1117.39 -1970.26
1022.1 2762.57
373.185 2697.76
2398.41 1260.48
-2909.08 1068.99
-98.5956 -4978
1154.63 299.447
2614.05 2799.21
-4757.71 -1201.48
-836.2 -1391.37
2529.76 491.861
-134.567 -106.702
4283.26 1678.46
-4381.01 -1737.85
1817 2492.5
-84.7111 1048.2
-1001.3 3427.54
313.89 980.065
3116.98 -1467.88
715.131 4044.54
287.521 -1650.3
-363.003 -3218.11
-369.234 -30.7392
-3722.73 684.012
1773.75 985.23
208.679 2461.54
1435.93 -335.342
5016.4 1209.77
-1577.22 -3787.3
511.634 -115.035
-175.332 -5214.09
-2786.36 3603.22
-1377.41 -117.469
2602.87 2672.92
-3626.45 -179.767
3992.08 -1041.53
650.687 4865.98
-183.309 1826.35
3788.66 -700.236
-85.0722 22.8496
2488.05 1000.4
2737.12 -2206
1480.96 2363.56
2439.83 -4372.44
-4259.11 -247.029
-839.855 3524.56


1661.18 -1548.07
-418.401 -621.279
-2468.7 61.6123
-207.552 -4104.91
-2212.34 1677.7
-67.5122 2606.63
-721.84 24.6083
791.572 4070.62
2489.31 789.085
-4726.1 -894.486
2509.22 -291.744
3242.8 2613.71
1.19285 -69.7394
-101.949 261.249
1508.74 -935.438
-1991.37 3343.81
-3577.46 1131.83
-376.955 1855
-1292.86 -4345.75
-1379.9 -1713.65
4730.07 2146.89
1590.24 -1150.34
695.453 627.835
1839.17 -598.385
-476.046 1525.31
3150.67 -592.919
621.629 298.004
3841.8 196.26
1957.85 -2108.61
-674.523 1760.19
297.163 3621.71
-4236.18 -2670.86
709.817 -1439.85
-256.915 1020.84
-1834.74 746.803
2147.92 543.486
3337.2 2174.92
1285.89 -2415.33
-1675.31 1888.38
688.462 192.907
-1704.05 769.211
-1379.16 2993.04
-3218.43 -2115.16
362.162 -3536.78
1445.13 2203.59
-2635.29 -968.752
-890.345 2495.06
-118.181 504.265
-289.342 3640.02
422.563 -244.369
-1021.09 -3814.37
-1490.21 2789.41
-104.218 116.736
746.567 -350.622
121.997 1983.51
-1284.26 -4910.7
455.612 2666.71
-795.795 -458.249
2827.21 -59.8215
598.061 1223.22
1348.74 -3102.89
-1878.48 618.25
-2017.63 464.585
-4673.78 -2170.24
1555.99 199.687
3040.23 -2373.65
-2928.4 2041.3
-4603.16 -577.09
4249 1336.2
-112.985 187.217
2865.09 -1104.2
-1139.73 4101.38
-154.939 -1662.57
-2925.4 -3470.42
-139.848 -384.018
-1013.65 -2203.74
-1530.38 2389.2
1613.58 3843.85
1440.05 871.329
4058.55 1363.85
-752.493 -1672.85
-3182.3 1539.48
419.558 -1877.44
-1858.68 -1509.28
770.442 155.078
2793.6 2164.1
747.203 63.982
-3828.74 2933.71
597.845 -910.173
-2906.19 -501.35
890.37 368.904
-3605.31 -279.549
1977.01 -1536.54
-1675.05 4480.58
-4113.54 2958.43
4527 1702.56
1105.33 2430.3
1608.6 1203.21
-898.446 2120.94
1498.92 -2010.96
2886.98 48.2758
375.594 -1119.3
407.089 1468.46
119.166 -380.316
2131.33 80.2207
1708.6 -900.439
-1801.88 1151.17
227.052 9.50312
-267.117 142.791
-2535.99 -3114.82
2317.75 4482.67
-3956.55 3332.88
-712.86 -2497.11
-353.106 -4406.22
1233.11 2196.69
-2570.91 -429.981
2455.9 -1517.47
3604.74 -1552.71
5043.57 -955.064
169.48 -2420.68
-1695.9 -3567.73
-3461.6 -3991.71
3493.59 3213.03
4436.95 -1672.41
-3926.94 2655.02
3353.53 -2931.33
-3188.72 1264.87
2226.56 3587.96
2422.41 2632.7
-3297.93 -1705.19
-1169.21 1378.49
-866.877 -310.677
-128.472 1735.74
-494.117 762.121
3507.71 -749.979
1047.84 -1345.66
-2344.26 538.667
-57.4872 2405.16
1805.23 -663.008
-236.313 -1093.73
3604.34 -2065.12
5058.99 1609.71
-2849.34 3415.31
-4111.95 83.3448
1539.82 2993.98
-4657.87 402.536
4693.81 -2354.07
-2165.52 1598.44
753.458 -146.476
4417.88 -1946.8
766.157 -883.235
-1066.42 -4063.03
-3285.65 -1003.48
-1492.27 3231.84
3711.01 -1335.38
1614.18 -3647.6
1147.81 -2592.87
-1295.01 3645.31
395.958 -279.793
-1583.9 1151.51
-47.3253 -1056.48
-2510.41 3971.3
3309.31 -12.6658
-2102.57 -3028.87
-1253.46 66.0738
3446.53 3611.5
562.448 339.896
-922.653 -564.494
-3155.31 -207.736
2642.96 -2794.48
3908.74 1087.28
2507.25 -859.325
-4742.28 -986.671
767.688 4426.5
26.7875 404.287
-1132.41 -332.184
104.671 -706.315
-2511.94 -3794.29
161.875 4485.49
1375.63 620.32
-77.9564 -41.7456
-447.144 1649.9
3618.64 3271.92
2622.29 -182.73
3593.78 708.387
-709.354 1146.48
-3358.49 3571.51
-723.828 1032.32
4433.81 1831.79
-296.041 -16.1557
-217.284 60.7948
271.428 100.944
-4762.71 -1710.67
1655.28 1145.36
-815.734 -5231.41
-287.954 -358.648
2314.31 -1354.66
1206.71 1872.1
5105.13 451.878
3577.89 1627.61
1718.4 1668.01
3057.96 3451.28
1950.4 1592.91
-558.612 -706.958
-4141.41 1452.16
-2495.05 -548.425
1658.19 762.59
-2693.91 1129.79
-3538.37 3648.43
1261.17 1829.86
143.759 -723.662
-1214.05 -217.26
3693.12 -3336.91
-94.2972 964.644
1932.42 -1171.82
-1668 1279.44
23.8787 -1676.78
-650.352 -422.74
2651.52 4569.91
-4185.39 -2124.08
-235.926 -4320.26
4272.01 -680.189
4060.6 -2801.51
-325.431 -310.184
-3781.25 -35.9553
3027.67 -2520.95
-345.746 1221.11
-1122.54 3763.32
-931.911 3172.69
2332.57 3919.96
539.51 862.461
-101.424 -206.011
377.198 -1511.55
1283.87 -1780.92
-2971.39 -551.166
-397.527 3130.47
-4975.35 211.693
670.265 4980.54
730.839 470.752
-386.129 -2712.52
1977.62 -1141.77
265.748 174.983
994.6 3245.66
765.462 -262.039
1527.94 3011.81
249.148 -3382
-738.204 -2557.16
-1763.79 -2264.7
663.28 -4456.22
-1021.86 2031.03
817.678 -59.799
131.239 -4251.47
-1252.66 -169.083
-1676.19 -588.336
19.503 1239.93
308.143 -3290.01
-943.9 1010.92
1040.62 -1517.35
-2237.2 -2661.22
4019.03 1278.02
1228.28 3016.08
1484.15 611.324
1626.58 4220.09
-3046.28 -763.787
-70.5672 -4795.71
-1699.57 921.311
-2037.25 -2094.52
2111.52 -134.7
-3759.97 -2473.11
-37.0383 -267.46
2778.67 211.948
-731.044 3499.74
1866.48 2283.77
-1070.1 -4126.55
-1935.57 -1993.59
1776.34 142.455
-4751.3 65.0188
2887.56 -2174.3
703.294 -925.878
986.454 -1828.72
-1258.71 2783.84
4763.06 -983.517
-586.529 -1050.38
-1565.45 3225.85
1748.68 -2910.63
327.654 1709.71
1579.78 1203.76
-929.673 -5186.01
2795.56 -572.699
-1989.23 2882.57
32.4946 574.717
1426.28 -2760.4
1256.84 932.353
552.037 440.054
-1641.17 2653.33
-1850.47 -2971.18
3494.12 598.294
-29.7792 834.545
-2491.17 -1014.1
797.445 2935.51
-1418.68 1580.99
2381.88 -1206.62
848.28 2830.88
270.315 -337.223
2998.28 -4041.51
-3149.2 -351.18
550.479 1972.57
-987.155 309.675
1587.74 -3599.72
-1089.39 -273.109
421.152 -5132.11
-538.55 3279.42
322.201 -197.157
2476.15 -1096.86
2162.43 -2454.92
21.598 -152.644
-246.192 -280.365
193.56 -380.02
425.645 616.185
3320.83 -531.73
1817.52 -0.307949
-1334.16 -1078.66
154.029 -1195.68
131.182 1356.56
-55.1921 -2854.28
8.03023 -3511.81
1224.69 -935.441
-311.877 4.11566
-519.066 -136.301
-3786.41 -3083.97
-306.276 563.7
161.394 169.148
-1073.04 -639.034
708.998 -848.584
-132.467 -235.843
2801.5 -2735.31
2781.39 3589.09
1875.65 3698.49
-100.341 3839.86
680.267 2099.92
-78.933 -243.695
-1469.87 2820.31
-3430.27 -962.66
401.407 -1710.3
-245.832 493.757
-2805.95 -292.777
-2207.2 3025.6
2416.22 2527.26
1571.43 -1927.52
-767.044 1028.62
-1043.31 3073.96
3449.06 -3231.91
-1864.73 -1078.08
1582.1 -949.876
4638.22 -2188.38
-3968.47 1092.32
868.044 2175.7
1147.12 -463.591
-847.963 -30.8078
-1511.14 -826.469
2311.94 2354.38
252.875 976.132
-4078.18 3415.31
507.846 -1786.85
-119.062 -2096.31
-559.137 -837.337
2204.74 -861.681
113.683 -68.1029
-715.215 3624.48
158.247 -858.667
1619.36 4399.21
-2763.72 3603.13
-2360.05 2794.1
-2.11364 -236.116
312.402 1132.71
-889.398 1589.98
-1311.58 -4485.96
-186.323 -2938.41
69.9707 -11.3114
-3186.93 -1982.21
-4582.93 1183.64
-983.413 -158.492
2147.3 411.453
7.9943 -264.943
-781.669 1880.58
-1397.34 -1554.01
-4523.39 883.076
693.753 971.869
3542.36 654.74
227.117 -2021.19
-2540.02 -2358.14
-414.821 101.91
2136.9 4092.24
1615.7 4939.11
-3604.69 -1913.32
3329.35 -411.672
1923.97 -3405.91
2596.19 1105.92
-111.507 -87.5182
4129.57 2467.78
509.042 -1834.77
1178.63 -473.38
-312.092 -2196.83
-1268.33 -2730.39
-3450.73 1650.13
-522.889 31.6242
-181.431 -387.571
-1189.29 2331.15
-2062.21 4333.24
-550.32 1612.47
-1697.18 -1433.16
-109.642 512.2
390.454 2842.18
735.587 326.198
-4776.57 568.243
-305.757 -1157.47
-909.765 -2570.63
1497.3 2732.23
3379.44 1403.55
-1975.18 1656.75
823.777 -1614.58
3302.97 -3587.68
-1513.62 162.131
-1442.25 -1096.65
69.1016 -7.89282
624.947 394.4
-545.043 945.063
-321.288 -171.894
-991.469 -625.279
2993.14 -1704.21
-816.986 1419.68
998.591 2443.88
-2457.08 441.91
685.029 -3342.45
703.075 -2873.6
3073.65 -3931.72
4526.97 1436.88
1805.77 1928.58
-1223.76 551.578
4997.18 -1856.01
12.2064 -440.652
-924.876 -5069.98
1078.36 3442.2
1981.31 -3562.46
-1751.67 845.318
-1422.78 1529.55
-171.181 199.408
-1588.32 -4203.81
1989.84 -403.408
1724.66 -181.65
-26.2515 882.397
812.721 807.117
-629.338 -2166.64
132.756 179.956
1126.8 -1964.97
1012.84 2766.33
364.349 2698.47
2393.86 1269.56
-2912.35 1060.28
-91.4099 -4978.13
1150.82 313.797
2608.06 2804.77
-4755.94 -1207.95
-825.296 -1397.98
2527.68 501.292
-105.146 -136.8
4280.5 1685.65
-4378.24 -1744.98
1810 2497.17
-100.889 1048.75
-1009.81 3425.18
299.006 986.746
3120.43 -1460.26
706.759 4046.21
300.739 -1649.05
-354.283 -3219.01
-366.332 -57.7
-3724.63 675.168
1768 994.023
199.12 2461.89
1438.56 -322.47
5014.74 1216.49
-1570.16 -3790.12
516.17 -92.6746
-168.776 -5214.21
-2792.81 3598.39
-1375.88 -130.992
2596.63 2679.28
-3626.24 -188.831
3993.71 -1034.48
642.921 4867.16
-196.164 1826.12
3790.23 -692.024
-78.5218 -39.5924
2484.47 1010.1
2741.88 -2199.69
1472.79 2368.65
2446.22 -4368.9
-4258.51 -254.115
-847.198 3522.5


1667.98 -1540.31
-401.422 -630.028
-2468.33 52.2639
-199.965 -4105.19
-2217.96 1670.08
-78.3881 2606.92
-723.119 5.77089
783.818 4072.13
2486.32 798.709
-4724.74 -901.777
2510.21 -281.873
3237.69 2620.25
67.078 -34.6862
-132.792 245.276
1514.44 -925.225
-1998.36 3339.63
-3580.08 1123.75
-389.221 1853.21
-1285.21 -4348.15
-1371.52 -1720.01
4727.23 2152.97
1596.51 -1141.07
686.28 641.911
1841.95 -587.75
-486.876 1520.5
3152.14 -584.342
614.281 315.241
3841.6 205.199
1965.08 -2102.07
-684.736 1755.61
289.116 3622.22
-4232.55 -2676.38
722.654 -1435.06
-272.962 1018.81
-1837.84 736.748
2145.8 555.076
3332.75 2181.84
1294.65 -2410.75
-1682.67 1881.67
683.955 211.319
-1709.94 758.128
-1387.06 2989.33
-3214.09 -2121.41
370.139 -3535.77
1436.74 2209.18
-2631.98 -977.875
-899.916 2491.77
-140.786 498.502
-298.097 3639.46
434.457 -223.382
-1012.96 -3816.67
-1497.25 2785.22
-133.423 82.0283
752.863 -333.769
110.706 1984.04
-1276.79 -4912.8
446.463 2667.93
-790.339 -474.083
2827.09 -50.8074
585.571 1229.43
1356.25 -3099.41
-1882.08 607.32
-2020.19 453.603
-4670.88 -2176.26
1553.98 212.195
3044.66 -2367.6
-2932.9 2034.57
-4602.24 -584.536
4246.71 1343.44
-142.738 165.29
2868.12 -1095.87
-1147.55 4099.3
-143.261 -1662.54
-2919.51 -3475.46
-114.898 -391.463
-1004.32 -2207.91
-1539.07 2384
1606.56 3846.69
1433.37 881.436
4056.06 1371.38
-741.595 -1677.74
-3186.39 1531.44
430.742 -1874.76
-1852.2 -1516.28
769.251 172.081
2788.31 2171
747.347 81.6157
-3832.66 2928.33
608.817 -900.034
-2904.35 -509.747
884.957 384.664
-3604.45 -287.24
1983.86 -1528.29
-1681.68 4478.04
-4118.21 2952.2
4524.52 1708.71
1096.18 2434.61
1601.65 1210.95
-908.707 2116.91
1506.36 -2004.91
2886.38 56.8579
389.736 -1114.49
394.628 1471.35
143.652 -370.141
2130.13 90.2303
1712.77 -890.565
-1807.01 1142.12
220.429 43.4576
-279.976 115.053
-2529.96 -3119.59
2311.67 4485.72
-3961.55 3327.14
-702.512 -2500.7
-344.754 -4407.1
1223.8 2202.58
-2569.52 -440.44
2460.25 -1509.78
3608.37 -1544.78
5044.62 -948.73
180.088 -2420.12
-1688.23 -3571.54
-3456.61 -3995.91
3488.37 3218.88
4439.58 -1665.46
-3931.23 2648.75
3358.05 -2925.92
-3192.56 1256.15
2219.48 3592.57
2415.87 2639.03
-3294.08 -1712.71
-1177.46 1370.58
-863.361 -327.232
-141.642 1735.93
-509.528 755.021
3509.24 -742.061
1056.31 -1337.76
-2346.6 528.515
-68.1702 2405.09
1809.91 -651.785
-221.404 -1095.77
3608.35 -2058.19
5056.82 1616.85
-2854.51 3410.74
-4111.9 76.0908
1532.64 2997.32
-4658.65 394.729
4696.67 -2348.15
-2171.12 1590.63
755.027 -127.738
4421.11 -1939.74
778.353 -873.967
-1058.51 -4065.22
-3283.05 -1011
-1500.09 3228.25
3713.95 -1327.5
1620.97 -3644.4
1155.65 -2588.93
-1302.58 3642.56
409.391 -258.335
-1589.37 1142.42
-31.3997 -1058.52
-2516.55 3967.37
3309.68 -3.07855
-2095.97 -3033.24
-1252.57 52.2608
3440.98 3616.99
552.753 356.686
-916.968 -579.634
-3154.65 -216.616
2649.3 -2788.67
3906.59 1094.62
2510.63 -849.809
-4740.79 -993.921
760.646 4427.6
0.613963 404.507
-1128.9 -346.976
123.771 -701.809
-2505.48 -3798.64
154.825 4485.6
1371.43 633.876
-32.396 -83.6681
-460.151 1647.53
3613.82 3277.21
2623.12 -172.599
3592.04 715.87
-720.953 1138.94
-3364.31 3566.24
-735.791 1024.1
4430.95 1838.97
-294.897 -47.8837
-224.251 26.0415
260.176 129.733
-4760.26 -1717.68
1648.85 1155.1
-808.641 -5232.56
-267.173 -370.118
2318.71 -1346.48
1197.7 1877.71
5104.49 458.875
3574.48 1635.41
1711.31 1674.47
3052.19 3456.49
1944.03 1600.15
-544.209 -716.062
-4144.36 1444.32
-2493.23 -559.158
1653.57 774.273
-2698.17 1120.6
-3543.96 3643.18
1251.97 1837.06
161.561 -716.14
-1209.88 -230.563
3697.55 -3331.84
-110.852 963.598
1936.86 -1163.08
-1674.77 1270.6
36.3266 -1676.53
-642.51 -438.38
2645.76 4573.16
-4182.09 -2130.43
-227.68 -4320.87
4273.05 -672.916
4064.29 -2795.94
-307.582 -329.31
-3780.91 -43.4335
3032.62 -2514.86
-358.037 1215.45
-1129.82 3760.98
-940.126 3170.16
2325.66 3924.26
526.132 871.658
-67.5887 -218.133
389.669 -1508.29
1292.74 -1774.54
-2969.44 -559.301
-407.185 3129.55
-4975.48 205.16
663.427 4981.4
721.674 485.613
-376.137 -2714.16
1983.33 -1132.39
247.763 198.414
986.815 3247.76
773.188 -246.579
1520.24 3015.58
258.07 -3381.42
-729.329 -2559.25
-1756.45 -2270.17
670.207 -4455.04
-1032.19 2026.39
820.04 -42.1235
139.123 -4251.25
-1251.72 -183.892
-1671.85 -599.232
5.02633 1239.87
316.386 -3289
-955.369 1002.12
1050.27 -1510.55
-2230.85 -2666.29
4016.65 1285.42
1220.49 3018.95
1480.09 624.262
1619.85 4222.58
-3044.14 -773.007
-62.7706 -4795.94
-1705.23 911.05
-2030.32 -2101.64
2112.29 -123.542
-3755.97 -2478.93
-3.55635 -266.067
2777.78 221.254
-738.999 3497.94
1859.24 2289.62
-1061.92 -4128.88
-1928.52 -2000.7
1774.35 153.435
-4751.44 57.4749
2892.71 -2167.49
713.541 -915.69
996.231 -1823.37
-1266.99 2780.03
4764.66 -976.111
-573.979 -1059.13
-1573.06 3222.14
1755.38 -2906.26
316.443 1710.61
1572.82 1212.8
-922.981 -5187.16
2796.89 -564.07
-1996.87 2877.55
9.77049 573.015
1433.51 -2756.24
1249.17 942.877
541.528 454.886
-1649.2 2648.49
-1842.86 -2976.14
3492.79 607.277
-47.5934 833.924
-2487.44 -1023.1
788.137 2938.28
-1427.31 1573.58
2386.22 -1197.89
839.396 2833.47
291.892 -321.33
3003.91 -4037.3
-3147.92 -359.303
540.332 1974.5
-989.04 294.394
1595.2 -3596.44
-1086.59 -288.45
428.91 -5131.63
-547.936 3278.16
332.48 -174.351
2479.73 -1088.17
2168.43 -2449.26
65.7322 -139.598
-222.844 -295.68
217.556 -372.008
411.897 627.593
3321.91 -523.558
1818.6 12.5483
-1326.18 -1087.17
169.577 -1196.16
116.893 1359.42
-45.3248 -2854.65
15.96 -3511.53
1234.24 -925.305
-309.676 -22.908
-512.426 -156.918
-3781.73 -3089.78
-324.067 553.91
138.396 195.928
-1066.06 -652.062
721.931 -839.554
-102.759 -249.795
2806.68 -2729.75
2775.01 3594.27
1868.25 3702.41
-108.987 3839.78
670.131 2102.94
-44.823 -250.108
-1477.89 2816.13
-3428.05 -971.656
413.554 -1707.7
-263.682 482.968
-2805.08 -302.621
-2214.38 3020.56
2409.68 2533.92
1578.55 -1921.14
-777.64 1019.56
-1051.85 3071.09
3454.54 -3226.24
-1859.14 -1087.18
1586.84 -939.992
4641.5 -2181.64
-3970.36 1085.02
858.156 2179.74
1153.39 -450.104
-847.026 -48.4767
-1505.48 -837.881
2305.29 2361.41
237.622 982.253
-4082.48 3410.1
518.421 -1783.11
-108.724 -2096.19
-545.706 -846.453
2208.89 -851.697
129.814 -21.6403
-723.763 3622.91
174.723 -853.288
1612.68 4401.58
-2769.34 3598.71
-2366.66 2788.6
31.9892 -235.074
298.274 1134.23
-899.729 1584.08
-1304.64 -4487.92
-177.044 -2938.95
42.3384 59.033
-3182.63 -1988.86
-4584.73 1176.57
-982.517 -174.954
2144.76 421.257
39.2456 -258.696
-793.04 1876.6
-1389.17 -1560.41
-4525.01 875.328
681.616 980.383
3540.94 663.737
238.227 -2019.81
-2533.89 -2365.12
-423.156 77.2497
2130.67 4095.34
1609.43 4941.05
-3600.99 -1920.17
3330.86 -402.21
1930.9 -3401.93
2592.4 1114.54
-75.4632 -119.542
4125.99 2473.5
520.792 -1831.91
1183.6 -460.016
-301.217 -2198.5
-1259.58 -2734.72
-3454.06 1642.92
-523.242 7.90327
-160.86 -399.704
-1197.26 2326.56
-2069.25 4329.99
-563.041 1609.17
-1690.18 -1441.59
-132.33 506.735
381.824 2842.91
729.292 343.022
-4777.22 561.56
-291.688 -1159.24
-900.069 -2574.48
1489.72 2736.05
3376.21 1411.21
-1981.93 1648.96
833.55 -1608.76
3308.94 -3582.41
-1513.86 149.686
-1435.3 -1107.5
44.969 56.6832
616.958 409.741
-558.852 937.648
-304.828 -195.016
-984.448 -638.999
2996.86 -1697.13
-829.073 1413.94
989.145 2447.98
-2458.22 432.571
693.738 -3340.72
711.198 -2871.16
3079.52 -3927.19
4524.7 1444.36
1798.51 1935.41
-1231.58 538.952
4999.85 -1849.09
39.0902 -439.718
-918.317 -5071.08
1070.1 3444.86
1988.06 -3558.63
-1755.66 835.268
-1432.22 1521.96
-199.731 178.196
-1581.77 -4206.11
1991.74 -392.545
1725.31 -169.851
-43.5694 881.709
801.307 816.397
-619.213 -2169.36
102.573 202.441
1136.18 -1959.64
1003.57 2770.05
355.509 2699.15
2389.29 1278.61
-2915.6 1051.55
-84.224 -4978.26
1146.84 328.099
2602.06 2810.32
-4754.17 -1214.42
-814.342 -1404.5
2525.55 510.715
-69.4591 -158.756
4277.72 1692.83
-4375.46 -1752.12
1802.98 2501.82
-117.043 1049.06
-1018.32 3422.79
284.049 993.19
3123.86 -1452.64
698.383 4047.87
313.94 -1647.71
-345.56 -3219.88
-361.431 -84.3462
-3726.51 666.321
1762.19 1002.79
189.557 2462.19
1441.07 -309.572
5013.07 1223.19
-1563.09 -3792.93
519.735 -70.1397
-162.22 -5214.32
-2799.26 3593.54
-1374.21 -144.501
2590.37 2685.63
-3626 -197.894
3995.33 -1027.42
635.153 4868.33
-209.011 1825.81
3791.78 -683.809
-30.9779 -81.9515
2480.84 1019.78
2746.62 -2193.36
1464.6 2373.71
2452.61 -4365.35
-4257.9 -261.2
-854.536 3520.43


1674.74 -1532.52
-384.186 -638.373
-2467.92 42.9146
-192.377 -4105.45
-2223.55 1662.44
-89.2628 2607.18
-723.887 -13.0706
776.062 4073.61
2483.28 808.322
-4723.37 -909.067
2511.15 -271.998
3232.57 2626.78
77.4217 33.1884
-161.886 226.073
1520.07 -914.969
-2005.34 3335.45
-3582.68 1115.66
-401.472 1851.36
-1277.56 -4350.54
-1363.1 -1726.33
4724.38 2159.04
1602.73 -1131.76
676.889 655.781
1844.67 -577.094
-497.675 1515.59
3153.59 -575.759
606.433 332.222
3841.38 214.137
1972.29 -2095.51
-694.921 1750.96
281.068 3622.72
-4228.91 -2681.9
735.446 -1430.19
-288.948 1016.55
-1840.87 726.669
2143.63 566.653
3328.29 2188.74
1303.4 -2406.14
-1690.01 1874.93
678.95 229.577
-1715.76 747.015
-1394.96 2985.59
-3209.73 -2127.64
378.114 -3534.74
1428.34 2214.74
-2628.63 -986.987
-909.474 2488.45
-163.115 491.764
-306.851 3638.87
445.335 -201.872
-1004.81 -3818.95
-1504.28 2781
-151.827 40.6758
758.801 -316.758
99.4111 1984.5
-1269.32 -4914.89
437.309 2669.12
-784.614 -489.757
2826.94 -41.7928
573.019 1235.52
1363.74 -3095.91
-1885.62 596.37
-2022.7 442.608
-4667.98 -2182.27
1551.86 224.69
3049.08 -2361.54
-2937.38 2027.82
-4601.3 -591.98
4244.41 1350.67
-168.452 138.686
2871.13 -1087.54
-1155.36 4097.2
-131.574 -1662.42
-2913.6 -3480.49
-89.4815 -397.317
-994.976 -2212.04
-1547.75 2378.77
1599.54 3849.52
1426.61 891.494
4053.56 1378.91
-730.665 -1682.57
-3190.47 1523.38
441.91 -1872.01
-1845.68 -1523.26
767.641 188.991
2783.01 2177.9
747.021 99.1981
-3836.58 2922.95
619.664 -889.71
-2902.47 -518.14
879.284 400.312
-3603.57 -294.93
1990.68 -1520.02
-1688.31 4475.48
-4122.87 2945.96
4522.02 1714.85
1087.02 2438.88
1594.64 1218.65
-918.949 2112.83
1513.77 -1998.84
2885.75 65.4393
403.815 -1109.51
382.138 1474.13
167.503 -358.329
2128.87 100.238
1716.87 -880.659
-1812.1 1133.03
208.098 76.2806
-289.973 86.1404
-2523.92 -3124.34
2305.59 4488.76
-3966.54 3321.38
-692.153 -2504.26
-336.402 -4407.97
1214.47 2208.44
-2568.09 -450.893
2464.57 -1502.07
3611.98 -1536.85
5045.67 -942.395
190.693 -2419.51
-1680.56 -3575.34
-3451.61 -4000.11
3483.14 3224.73
4442.2 -1658.5
-3935.52 2642.48
3362.56 -2920.51
-3196.38 1247.41
2212.39 3597.17
2409.31 2645.34
-3290.21 -1720.22
-1185.67 1362.61
-859.554 -343.678
-154.805 1736.04
-524.759 747.656
3510.74 -734.139
1064.72 -1329.8
-2348.88 518.353
-78.8519 2404.99
1814.52 -640.539
-206.453 -1097.6
3612.34 -2051.25
5054.65 1623.99
-2859.67 3406.17
-4111.82 68.8366
1525.45 3000.64
-4659.41 386.922
4699.53 -2342.22
-2176.68 1582.79
756.148 -108.925
4424.32 -1932.68
790.422 -864.555
-1050.6 -4067.39
-3280.43 -1018.51
-1507.9 3224.64
3716.86 -1319.62
1627.75 -3641.19
1163.47 -2584.97
-1310.14 3639.81
421.84 -236.255
-1594.78 1133.29
-15.4671 -1060.32
-2522.68 3963.44
3310.01 6.50869
-2089.37 -3037.6
-1251.52 38.4409
3435.42 3622.48
542.538 373.14
-911.094 -594.654
-3153.96 -225.494
2655.63 -2782.84
3904.42 1101.95
2513.97 -840.282
-4739.29 -1001.17
753.603 4428.68
-25.5621 403.039
-1125.22 -361.712
142.78 -696.784
-2499.02 -3802.98
147.775 4485.7
1367.12 647.384
29.9515 -82.5893
-473.135 1645.08
3608.98 3282.49
2623.92 -162.466
3590.28 723.35
-732.475 1131.28
-3370.11 3560.96
-747.659 1015.75
4428.07 1846.14
-290.616 -79.1033
-225.499 -9.37603
245.91 157.021
-4757.79 -1724.69
1642.38 1164.8
-801.548 -5233.69
-245.622 -380.522
2323.08 -1338.28
1188.65 1883.28
5103.84 465.872
3571.06 1643.21
1704.19 1680.89
3046.42 3461.69
1937.64 1607.36
-529.609 -724.906
-4147.31 1436.48
-2491.37 -569.882
1648.88 785.922
-2702.4 1111.39
-3549.54 3637.92
1242.75 1844.22
179.255 -708.134
-1205.54 -243.834
3701.98 -3326.76
-127.374 962.272
1941.25 -1154.31
-1681.49 1261.71
48.7724 -1676.18
-634.303 -453.771
2639.99 4576.4
-4178.78 -2136.77
-219.432 -4321.46
4274.08 -665.642
4067.97 -2790.36
-288.812 -347.451
-3780.55 -50.9115
3037.57 -2508.76
-370.281 1209.64
-1137.09 3758.63
-948.335 3167.6
2318.74 3928.55
512.622 880.637
-32.0936 -224.89
402.112 -1504.92
1301.58 -1768.12
-2967.47 -567.43
-416.839 3128.59
-4975.6 198.625
656.587 4982.24
712.218 500.277
-366.141 -2715.77
1988.99 -1122.97
227.592 220.094
979.024 3249.84
780.53 -230.997
1512.54 3019.34
266.991 -3380.82
-720.445 -2561.3
-1749.09 -2275.61
677.132 -4453.85
-1042.5 2021.69
822.007 -24.4278
147.005 -4251.01
-1250.61 -198.676
-1667.43 -610.101
-9.451 1239.65
324.627 -3287.97
-966.744 993.217
1059.87 -1503.69
-2224.48 -2671.35
4014.26 1292.82
1212.69 3021.81
1475.93 637.161
1613.11 4225.05
-3041.98 -782.221
-54.9738 -4796.15
-1710.82 900.756
-2023.36 -2108.73
2113.01 -112.38
-3751.97 -2484.74
29.976 -260.614
2776.86 230.557
-746.951 3496.12
1851.99 2295.45
-1053.75 -4131.2
-1921.45 -2007.79
1772.28 164.407
-4751.57 49.9308
2897.84 -2160.68
723.668 -905.348
1005.98 -1817.96
-1275.26 2776.2
4766.24 -968.703
-561.344 -1067.71
-1580.67 3218.41
1762.06 -2901.87
305.217 1711.43
1565.8 1221.81
-916.287 -5188.3
2798.2 -555.434
-2004.5 2872.52
-12.9676 570.49
1440.72 -2752.07
1241.41 953.336
530.609 469.374
-1657.22 2643.64
-1835.24 -2981.09
3491.44 616.257
-65.386 832.924
-2483.68 -1032.08
778.821 2941.02
-1435.9 1566.12
2390.52 -1189.14
830.504 2836.03
312.488 -304.358
3009.52 -4033.08
-3146.62 -367.424
530.169 1976.37
-990.688 279.042
1602.65 -3593.14
-1083.59 -303.736
436.667 -5131.14
-557.318 3276.87
341.013 -150.629
2483.29 -1079.47
2174.41 -2443.58
104.291 -114.698
-198.274 -309.374
240.804 -362.719
397.888 638.605
3322.97 -515.382
1819.59 25.404
-1318.12 -1095.63
185.099 -1196.46
102.593 1362.13
-35.457 -2854.98
23.8896 -3511.24
1243.69 -915.103
-304.55 -49.7145
-504.884 -177.26
-3777.04 -3095.59
-341.529 543.557
112.471 218.579
-1058.94 -665.002
734.724 -830.362
-71.5558 -260.11
2811.86 -2724.18
2768.62 3599.43
1860.83 3706.31
-117.632 3839.68
659.978 2105.92
-9.92598 -252.117
-1485.9 2811.92
-3425.8 -980.647
425.68 -1705.03
-281.104 471.393
-2804.17 -312.46
-2221.55 3015.5
2403.13 2540.56
1585.65 -1914.73
-788.139 1010.37
-1060.38 3068.19
3460.01 -3220.56
-1853.51 -1096.26
1591.51 -930.069
4644.76 -2174.89
-3972.23 1077.71
848.252 2183.74
1159.51 -436.555
-845.721 -66.1245
-1499.75 -849.249
2298.63 2368.42
222.308 988.124
-4086.78 3404.89
528.974 -1779.29
-98.3829 -2096.01
-532.134 -855.351
2212.99 -841.697
127.567 27.8573
-732.308 3621.31
191.128 -847.565
1605.99 4403.93
-2774.96 3594.27
-2373.27 2783.08
65.3952 -228.9
284.097 1135.56
-910.022 1578.11
-1297.7 -4489.88
-167.764 -2939.45
-24.2652 68.9446
-3178.32 -1995.5
-4586.52 1169.49
-981.359 -191.369
2142.17 431.05
69.8621 -248.29
-804.387 1872.57
-1380.96 -1566.75
-4526.62 867.576
669.374 988.747
3539.51 672.73
249.329 -2018.36
-2527.75 -2372.09
-430.028 52.3218
2124.44 4098.42
1603.16 4942.98
-3597.28 -1927.01
3332.36 -392.746
1937.82 -3397.94
2588.58 1123.15
-30.9447 -138.138
4122.4 2479.22
532.521 -1828.99
1188.42 -446.593
-290.335 -2200.12
-1250.81 -2739.02
-3457.38 1635.71
-522.604 -15.8326
-139.735 -410.462
-1205.22 2321.93
-2076.3 4326.74
-575.732 1605.79
-1683.14 -1450
-154.769 500.312
373.19 2843.62
722.627 359.672
-4777.86 554.876
-277.575 -1160.83
-890.362 -2578.3
1482.13 2739.84
3372.97 1418.87
-1988.65 1641.14
843.286 -1602.88
3314.91 -3577.14
-1513.99 137.23
-1428.28 -1118.29
-27.7539 69.4656
608.563 424.813
-572.547 930.042
-286.575 -216.99
-977.267 -652.615
3000.57 -1690.03
-841.111 1408.11
979.684 2452.05
-2459.33 423.226
702.442 -3338.98
719.314 -2868.69
3085.38 -3922.65
4522.43 1451.84
1791.22 1942.21
-1239.27 526.269
5002.52 -1842.17
65.8494 -437.381
-911.756 -5072.17
1061.84 3447.5
1994.8 -3554.78
-1759.59 825.188
-1441.63 1514.32
-225.295 154.313
-1575.22 -4208.39
1993.57 -381.67
1725.88 -158.044
-60.8706 880.681
789.752 825.532
-609.074 -2172.02
69.8117 219.854
1145.54 -1954.26
994.287 2773.75
346.664 2699.79
2384.68 1287.65
-2918.82 1042.82
-77.0379 -4978.37
1142.68 342.349
2596.04 2815.86
-4752.39 -1220.88
-803.338 -1410.93
2523.39 520.131
-29.6872 -171.388
4274.94 1700.01
-4372.67 -1759.24
1795.95 2506.45
-133.172 1049.13
-1026.82 3420.39
269.025 999.397
3127.26 -1445
690.006 4049.51
327.124 -1646.28
-336.834 -3220.73
-354.565 -110.533
-3728.38 657.471
1756.32 1011.52
179.991 2462.45
1443.47 -296.649
5011.4 1229.9
-1556.02 -3795.73
522.322 -47.4727
-155.664 -5214.42
-2805.71 3588.69
-1372.41 -157.996
2584.11 2691.97
-3625.74 -206.956
3996.93 -1020.37
627.385 4869.49
-221.849 1825.43
3793.31 -675.591
32.1734 -82.7279
2477.19 1029.44
2751.34 -2187.02
1456.4 2378.74
2458.99 -4361.8
-4257.27 -268.285
-861.869 3518.33


1681.46 -1524.69
-366.702 -646.306
-2467.46 33.5645
-184.788 -4105.69
-2229.12 1654.78
-100.136 2607.39
-724.146 -31.9029
768.302 4075.09
2480.22 817.922
-4721.98 -916.355
2512.06 -262.118
3227.44 2633.3
39.8498 83.1091
-188.827 203.864
1525.63 -904.67
-2012.31 3331.24
-3585.27 1107.57
-413.708 1849.44
-1269.9 -4352.92
-1354.65 -1732.61
4721.52 2165.11
1608.9 -1122.41
667.283 669.445
1847.32 -566.418
-508.441 1510.59
3155.02 -567.172
598.094 348.933
3841.14 223.074
1979.48 -2088.92
-705.08 1746.24
273.018 3623.2
-4225.25 -2687.42
748.192 -1425.23
-304.87 1014.07
-1843.85 716.565
2141.41 578.217
3323.81 2195.63
1312.13 -2401.5
-1697.32 1868.16
673.451 247.668
-1721.51 735.873
-1402.84 2981.84
-3205.36 -2133.87
386.087 -3533.69
1419.92 2220.27
-2625.26 -996.087
-919.02 2485.1
-185.125 484.067
-315.603 3638.26
455.174 -179.891
-996.665 -3821.22
-1511.29 2776.75
-158.08 -3.9419
764.376 -299.595
88.1128 1984.89
-1261.85 -4916.97
428.149 2670.27
-778.628 -505.267
2826.75 -32.7776
560.409 1241.48
1371.22 -3092.39
-1889.1 585.4
-2025.15 431.599
-4665.08 -2188.27
1549.63 237.169
3053.48 -2355.47
-2941.84 2021.06
-4600.34 -599.423
4242.09 1357.9
-189.387 108.149
2874.11 -1079.19
-1163.17 4095.08
-119.88 -1662.2
-2907.69 -3485.51
-63.6989 -401.546
-985.613 -2216.13
-1556.4 2373.52
1592.51 3852.34
1419.77 901.504
4051.05 1386.43
-719.705 -1687.33
-3194.52 1515.31
453.062 -1869.2
-1839.13 -1530.2
765.617 205.8
2777.69 2184.78
746.23 116.719
-3840.48 2917.56
630.382 -879.202
-2900.56 -526.527
873.353 415.842
-3602.66 -302.618
1997.47 -1511.73
-1694.94 4472.91
-4127.52 2939.71
4519.52 1720.99
1077.85 2443.13
1587.59 1226.31
-929.172 2108.71
1521.16 -1992.73
2885.09 74.0201
417.83 -1104.36
369.619 1476.81
190.604 -344.915
2127.56 110.242
1720.92 -870.721
-1817.15 1123.92
190.143 107.035
-297.001 56.3456
-2517.87 -3129.08
2299.5 4491.79
-3971.52 3315.63
-681.785 -2507.78
-328.049 -4408.82
1205.12 2214.25
-2566.63 -461.339
2468.87 -1494.35
3615.58 -1528.92
5046.7 -936.057
201.294 -2418.86
-1672.87 -3579.13
-3446.6 -4004.3
3477.89 3230.56
4444.8 -1651.55
-3939.79 2636.21
3367.06 -2915.09
-3200.18 1238.67
2205.3 3601.76
2402.74 2651.64
-3286.32 -1727.73
-1193.82 1354.58
-855.46 -360.009
-167.96 1736.07
-539.809 740.032
3512.22 -726.213
1073.08 -1321.76
-2351.13 508.181
-89.5321 2404.83
1819.07 -629.269
-191.463 -1099.23
3616.33 -2044.3
5052.46 1631.13
-2864.82 3401.58
-4111.74 61.582
1518.25 3003.94
-4660.17 379.114
4702.38 -2336.29
-2182.22 1574.94
756.816 -90.047
4427.53 -1925.62
802.361 -855.002
-1042.69 -4069.54
-3277.79 -1026.02
-1515.71 3221.02
3719.77 -1311.74
1634.53 -3637.96
1171.28 -2580.97
-1317.7 3637.03
433.27 -213.605
-1600.13 1124.13
0.468915 -1061.89
-2528.81 3959.49
3310.33 16.0959
-2082.75 -3041.94
-1250.3 24.6158
3429.86 3627.96
531.812 389.243
-905.033 -609.553
-3153.25 -234.37
2661.95 -2777
3902.24 1109.28
2517.28 -830.744
-4737.78 -1008.41
746.557 4429.75
-51.6308 399.88
-1121.35 -376.39
161.682 -691.241
-2492.55 -3807.3
140.725 4485.79
1362.7 660.843
76.9944 -38.846
-486.094 1642.54
3604.14 3287.76
2624.68 -152.331
3588.5 730.826
-743.918 1123.5
-3375.91 3555.67
-759.428 1007.26
4425.19 1853.31
-283.318 -109.503
-220.99 -44.5539
228.827 182.51
-4755.32 -1731.69
1635.85 1174.47
-794.453 -5234.82
-223.347 -389.803
2327.42 -1330.07
1179.58 1888.81
5103.18 472.867
3567.62 1651
1697.04 1687.28
3040.63 3466.88
1931.22 1614.55
-514.814 -733.483
-4150.24 1428.64
-2489.47 -580.598
1644.12 797.538
-2706.6 1102.18
-3555.12 3632.65
1233.49 1851.33
196.825 -699.642
-1201.03 -257.07
3706.4 -3321.68
-143.859 960.669
1945.6 -1145.52
-1688.16 1252.8
61.2156 -1675.74
-625.741 -468.908
2634.22 4579.64
-4175.46 -2143.1
-211.184 -4322.03
4275.1 -658.365
4071.64 -2784.78
-269.183 -364.558
-3780.18 -58.3893
3042.51 -2502.65
-382.477 1203.67
-1144.35 3756.26
-956.538 3165.02
2311.82 3932.83
498.984 889.397
4.20171 -226.022
414.528 -1501.45
1310.39 -1761.65
-2965.46 -575.554
-426.49 3127.62
-4975.71 192.09
649.747 4983.07
702.476 514.741
-356.14 -2717.34
1994.61 -1113.54
205.398 239.817
971.226 3251.89
787.486 -215.301
1504.82 3023.07
275.91 -3380.19
-711.55 -2563.32
-1741.71 -2281.03
684.055 -4452.65
-1052.79 2016.96
823.581 -6.72038
154.888 -4250.76
-1249.34 -213.436
-1662.93 -620.941
-23.927 1239.25
332.866 -3286.91
-978.024 984.218
1069.44 -1496.77
-2218.11 -2676.4
4011.86 1300.21
1204.89 3024.65
1471.68 650.019
1606.38 4227.51
-3039.8 -791.428
-47.177 -4796.36
-1716.35 890.43
-2016.39 -2115.79
2113.66 -101.215
-3747.95 -2490.55
63.0265 -251.007
2775.9 239.858
-754.898 3494.28
1844.72 2301.26
-1045.57 -4133.51
-1914.35 -2014.86
1770.12 175.372
-4751.69 42.3866
2902.95 -2153.85
733.672 -894.854
1015.7 -1812.51
-1283.51 2772.34
4767.82 -961.293
-548.624 -1076.13
-1588.26 3214.66
1768.74 -2897.46
293.976 1712.16
1558.73 1230.77
-909.591 -5189.44
2799.46 -546.792
-2012.12 2867.47
-35.6867 567.136
1447.93 -2747.87
1233.57 963.731
519.292 483.509
-1665.22 2638.76
-1827.61 -2986.01
3490.08 625.234
-83.1487 831.544
-2479.88 -1041.04
769.498 2943.73
-1444.45 1558.63
2394.79 -1180.37
821.603 2838.57
332.051 -286.378
3015.13 -4028.85
-3145.29 -375.541
519.99 1978.18
-992.096 263.622
1610.1 -3589.83
-1080.39 -318.967
444.424 -5130.64
-566.696 3275.56
347.715 -126.1
2486.81 -1070.76
2180.38 -2437.88
134.137 -80.1953
-172.592 -321.332
263.251 -352.221
383.63 649.218
3324 -507.203
1820.51 38.2587
-1310 -1104.02
200.595 -1196.58
88.2815 1364.71
-25.5888 -2855.29
31.8191 -3510.93
1253.06 -904.836
-296.49 -76.0414
-496.448 -197.287
-3772.34 -3101.39
-358.644 532.652
84.3401 236.962
-1051.67 -677.853
747.374 -821.009
-39.3069 -266.624
2817.02 -2718.6
2762.22 3604.58
1853.41 3710.21
-126.276 3839.57
649.809 2108.84
25.1476 -249.587
-1493.9 2807.7
-3423.54 -989.633
437.786 -1702.27
-298.065 459.047
-2803.23 -322.296
-2228.7 3010.44
2396.56 2547.19
1592.71 -1908.28
-798.54 1001.06
-1068.9 3065.27
3465.47 -3214.88
-1847.82 -1105.3
1596.12 -920.108
4648.02 -2168.15
-3974.08 1070.4
838.331 2187.7
1165.46 -422.946
-844.048 -83.7436
-1493.94 -860.575
2291.95 2375.41
206.938 993.743
-4091.07 3399.67
539.505 -1775.41
-88.0392 -2095.77
-518.425 -864.027
2217.05 -831.68
106.811 73.2807
-740.849 3619.7
207.457 -841.5
1599.31 4406.27
-2780.57 3589.82
-2379.86 2777.55
97.3894 -217.781
269.874 1136.7
-920.276 1572.07
-1290.75 -4491.82
-158.482 -2939.92
-73.6553 15.8251
-3173.99 -2002.13
-4588.29 1162.42
-979.943 -207.734
2139.52 440.833
99.2995 -233.709
-815.709 1868.48
-1372.72 -1573.05
-4528.22 859.823
657.028 996.957
3538.05 681.72
260.424 -2016.85
-2521.59 -2379.05
-435.447 27.2167
2118.2 4101.5
1596.88 4944.91
-3593.55 -1933.84
3333.83 -383.278
1944.73 -3393.94
2584.74 1131.74
17.044 -141.289
4118.8 2484.93
544.231 -1826
1193.09 -433.113
-279.446 -2201.68
-1242.03 -2743.3
-3460.68 1628.49
-520.973 -39.5384
-118.138 -419.836
-1213.16 2317.27
-2083.33 4323.48
-588.392 1602.32
-1676.06 -1458.36
-176.916 492.943
364.552 2844.29
715.596 376.14
-4778.48 548.191
-263.419 -1162.25
-880.643 -2582.08
1474.52 2743.6
3369.7 1426.51
-1995.34 1633.3
852.986 -1596.93
3320.86 -3571.85
-1514 124.764
-1421.2 -1129.03
-70.4202 17.2322
599.771 439.608
-586.127 922.248
-266.602 -237.661
-969.928 -666.125
3004.26 -1682.93
-853.099 1402.2
970.21 2456.08
-2460.39 413.873
711.141 -3337.21
727.422 -2866.19
3091.24 -3918.11
4520.15 1459.31
1783.91 1948.99
-1246.82 513.529
5005.17 -1835.24
92.3998 -433.657
-905.193 -5073.25
1053.58 3450.12
2001.53 -3550.92
-1763.45 815.079
-1450.99 1506.64
-247.692 128.253
-1568.66 -4210.66
1995.34 -370.783
1726.35 -146.229
-78.1483 879.314
778.058 834.522
-598.921 -2174.64
35.3792 232.029
1154.88 -1948.84
984.997 2777.42
337.815 2700.4
2380.05 1296.67
-2922.02 1034.09
-69.8516 -4978.48
1138.33 356.546
2590.02 2821.38
-4750.59 -1227.35
-792.285 -1417.28
2521.19 529.538
11.8124 -174.072
4272.14 1707.19
-4369.87 -1766.37
1788.9 2511.06
-149.27 1048.97
-1035.31 3417.96
253.937 1005.37
3130.65 -1437.35
681.625 4051.13
340.289 -1644.76
-328.106 -3221.55
-345.773 -136.12
-3730.23 648.618
1750.4 1020.22
170.422 2462.67
1445.75 -283.702
5009.71 1236.61
-1548.95 -3798.51
523.925 -24.7164
-149.108 -5214.51
-2812.14 3583.82
-1370.48 -171.475
2577.83 2698.3
-3625.46 -216.017
3998.52 -1013.31
619.614 4870.64
-234.678 1824.97
3794.83 -667.369
78.1772 -40.7324
2473.5 1039.09
2756.04 -2180.67
1448.18 2383.75
2465.36 -4358.23
-4256.63 -275.368
-869.198 3516.22


1688.15 -1516.83
-348.979 -653.818
-2466.96 24.2139
-177.199 -4105.92
-2234.66 1647.1
-111.008 2607.57
-723.896 -50.7129
760.54 4076.54
2477.12 827.511
-4720.59 -923.64
2512.93 -252.235
3222.29 2639.81
-16.8488 95.7813
-213.253 178.94
1531.13 -894.329
-2019.27 3327.02
-3587.84 1099.47
-425.928 1847.44
-1262.24 -4355.29
-1346.17 -1738.84
4718.66 2171.18
1615 -1113.02
657.468 682.899
1849.91 -555.721
-519.175 1505.49
3156.42 -558.581
589.273 365.364
3840.89 232.01
1986.64 -2082.31
-715.212 1741.45
264.966 3623.66
-4221.59 -2692.93
760.891 -1420.18
-320.724 1011.36
-1846.76 706.437
2139.14 589.766
3319.32 2202.51
1320.84 -2396.82
-1704.61 1861.35
667.465 265.581
-1727.2 724.701
-1410.71 2978.06
-3200.97 -2140.08
394.058 -3532.62
1411.48 2225.76
-2621.86 -1005.18
-928.553 2481.71
-206.773 475.425
-324.354 3637.63
463.955 -157.492
-988.514 -3823.47
-1518.3 2772.49
-151.916 -48.2633
769.584 -282.289
76.8116 1985.22
-1254.37 -4919.04
418.983 2671.39
-772.383 -520.61
2826.54 -23.7621
547.74 1247.31
1378.69 -3088.84
-1892.51 574.41
-2027.53 420.578
-4662.16 -2194.28
1547.3 249.632
3057.87 -2349.39
-2946.29 2014.29
-4599.38 -606.864
4239.77 1365.13
-204.939 74.5376
2877.07 -1070.83
-1170.97 4092.96
-108.18 -1661.89
-2901.77 -3490.52
-37.6548 -404.125
-976.231 -2220.18
-1565.04 2368.23
1585.47 3855.14
1412.86 911.464
4048.52 1393.95
-708.714 -1692.02
-3198.56 1507.24
464.198 -1866.32
-1832.54 -1537.12
763.185 222.498
2772.35 2191.64
744.977 134.167
-3844.38 2912.16
640.97 -868.511
-2898.63 -534.909
867.167 431.25
-3601.74 -310.305
2004.22 -1503.41
-1701.56 4470.33
-4132.16 2933.45
4517.01 1727.13
1068.66 2447.34
1580.48 1233.93
-939.375 2104.55
1528.53 -1986.59
2884.4 82.6
431.779 -1099.02
357.074 1479.37
212.844 -329.941
2126.19 120.244
1724.9 -860.752
-1822.14 1114.77
166.795 134.742
-300.981 25.9726
-2511.81 -3133.8
2293.41 4494.82
-3976.5 3309.86
-671.406 -2511.26
-319.695 -4409.66
1195.75 2220.04
-2565.12 -471.779
2473.14 -1486.61
3619.17 -1520.97
5047.72 -929.718
211.891 -2418.16
-1665.18 -3582.9
-3441.59 -4008.48
3472.64 3236.39
4447.4 -1644.59
-3944.06 2629.92
3371.55 -2909.66
-3203.96 1229.92
2198.2 3606.33
2396.16 2657.93
-3282.41 -1735.22
-1201.91 1346.5
-851.083 -376.221
-181.107 1736
-554.672 732.152
3513.69 -718.282
1081.37 -1313.65
-2353.33 498
-100.211 2404.64
1823.55 -617.975
-176.437 -1100.65
3620.3 -2037.34
5050.27 1638.26
-2869.96 3396.99
-4111.63 54.3273
1511.04 3007.21
-4660.91 371.304
4705.22 -2330.36
-2187.72 1567.07
757.029 -71.1145
4430.72 -1918.55
814.17 -845.31
-1034.77 -4071.68
-3275.12 -1033.52
-1523.5 3217.38
3722.66 -1303.85
1641.3 -3634.72
1179.08 -2576.94
-1325.25 3634.24
443.652 -190.438
-1605.43 1114.92
16.4048 -1063.22
-2534.93 3955.54
3310.62 25.683
-2076.12 -3046.27
-1248.91 10.7874
3424.29 3633.42
520.588 404.981
-898.789 -624.328
-3152.51 -243.245
2668.26 -2771.15
3900.04 1116.6
2520.55 -821.193
-4736.26 -1015.65
739.509 4430.81
-77.4817 395.035
-1117.31 -391.009
180.464 -685.182
-2486.07 -3811.62
133.674 4485.86
1358.19 674.252
82.5833 25.274
-499.028 1639.92
3599.3 3293.02
2625.4 -142.193
3586.71 738.298
-755.281 1115.6
-3381.7 3550.37
-771.098 998.646
4422.29 1860.48
-273.155 -138.798
-210.819 -78.5896
209.147 205.929
-4752.84 -1738.69
1629.27 1184.1
-787.356 -5235.94
-200.397 -397.906
2331.73 -1321.84
1170.48 1894.29
5102.52 479.861
3564.17 1658.78
1689.86 1693.64
3034.84 3472.05
1924.76 1621.71
-499.83 -741.791
-4153.16 1420.79
-2487.54 -591.305
1639.28 809.12
-2710.78 1092.95
-3560.69 3627.38
1224.2 1858.4
214.259 -690.664
-1196.35 -270.27
3710.81 -3316.59
-160.303 958.788
1949.91 -1136.7
-1694.79 1243.85
73.6554 -1675.21
-616.83 -483.783
2628.44 4582.87
-4172.13 -2149.43
-202.935 -4322.6
4276.11 -651.086
4075.3 -2779.19
-248.762 -380.593
-3779.78 -65.8668
3047.43 -2496.53
-394.623 1197.55
-1151.61 3753.88
-964.733 3162.42
2304.89 3937.1
485.222 897.935
40.3881 -221.417
426.915 -1497.88
1319.17 -1755.14
-2963.43 -583.672
-436.138 3126.61
-4975.8 185.555
642.905 4983.9
692.451 528.997
-346.134 -2718.89
2000.18 -1104.08
181.363 257.39
963.422 3253.93
794.058 -199.499
1497.09 3026.79
284.827 -3379.55
-702.646 -2565.31
-1734.31 -2286.42
690.976 -4451.43
-1063.05 2012.17
824.764 10.9902
162.77 -4250.5
-1247.91 -228.167
-1658.35 -631.753
-38.3997 1238.68
341.103 -3285.83
-989.208 975.122
1078.95 -1489.79
-2211.71 -2681.42
4009.44 1307.6
1197.07 3027.46
1467.34 662.837
1599.63 4229.95
-3037.58 -800.628
-39.38 -4796.55
-1721.82 880.072
-2009.39 -2122.84
2114.26 -90.0472
-3743.93 -2496.35
95.0249 -237.225
2774.91 249.155
-762.841 3492.41
1837.42 2307.04
-1037.39 -4135.81
-1907.23 -2021.9
1767.88 186.328
-4751.8 34.8423
2908.05 -2147.01
743.553 -884.207
1025.39 -1807
-1291.76 2768.46
4769.38 -953.88
-535.823 -1084.4
-1595.85 3210.89
1775.4 -2893.03
282.72 1712.81
1551.61 1239.7
-902.894 -5190.56
2800.7 -538.144
-2019.72 2862.4
-58.3532 562.946
1455.12 -2743.64
1225.64 974.06
507.585 497.282
-1673.2 2633.86
-1819.97 -2990.92
3488.69 634.207
-100.874 829.786
-2476.05 -1049.99
760.168 2946.42
-1452.96 1551.09
2399.03 -1171.59
812.694 2841.07
350.531 -267.464
3020.74 -4024.61
-3143.94 -383.655
509.796 1979.93
-993.262 248.138
1617.54 -3586.5
-1076.99 -334.139
452.179 -5130.13
-576.07 3274.23
352.504 -100.877
2490.29 -1062.03
2186.33 -2432.17
153.057 -39.1385
-145.921 -331.445
284.848 -340.585
369.134 659.426
3325.02 -499.02
1821.35 51.1117
-1301.81 -1112.36
216.061 -1196.52
73.9613 1367.14
-15.7204 -2855.56
39.7484 -3510.6
1262.33 -894.505
-285.503 -101.616
-487.128 -216.963
-3767.63 -3107.18
-375.395 521.207
54.6682 251.036
-1044.27 -690.613
759.882 -811.498
-6.48185 -269.228
2822.16 -2713.01
2755.82 3609.73
1845.98 3714.09
-134.92 3839.44
639.625 2111.72
59.7585 -242.481
-1501.89 2803.45
-3421.26 -998.613
449.871 -1699.44
-314.534 445.942
-2802.26 -332.129
-2235.85 3005.35
2389.97 2553.8
1599.75 -1901.81
-808.84 991.623
-1077.42 3062.33
3470.93 -3209.19
-1842.09 -1114.32
1600.66 -910.108
4651.27 -2161.4
-3975.92 1063.09
828.392 2191.61
1171.25 -409.279
-842.007 -101.326
-1488.06 -871.857
2285.25 2382.39
191.515 999.111
-4095.35 3394.44
550.015 -1771.45
-77.693 -2095.47
-504.582 -872.48
2221.07 -821.647
70.1684 107.767
-749.386 3618.08
223.7 -835.092
1592.62 4408.61
-2786.17 3585.37
-2386.43 2772
127.294 -201.988
255.606 1137.65
-930.49 1565.97
-1283.8 -4493.76
-149.198 -2940.36
-50.3739 -49.5837
-3169.64 -2008.75
-4590.06 1155.33
-978.268 -224.045
2136.82 450.605
126.979 -215.004
-827.006 1864.33
-1364.43 -1579.31
-4529.81 852.067
644.582 1005.01
3536.57 690.706
271.51 -2015.27
-2515.41 -2385.99
-439.425 2.02116
2111.96 4104.57
1590.6 4946.82
-3589.8 -1940.67
3335.27 -373.808
1951.63 -3389.92
2580.86 1140.31
63.1783 -128.899
4115.19 2490.63
555.92 -1822.94
1197.61 -419.578
-268.551 -2203.2
-1233.24 -2747.55
-3463.96 1621.26
-518.35 -63.1689
-96.1499 -427.82
-1221.08 2312.58
-2090.37 4320.21
-601.022 1598.76
-1668.94 -1466.7
-198.728 484.642
355.911 2844.93
708.205 392.418
-4779.1 541.504
-249.221 -1163.48
-870.913 -2585.83
1466.91 2747.35
3366.42 1434.15
-2002 1625.43
862.648 -1590.91
3326.81 -3566.56
-1513.9 112.289
-1414.06 -1139.73
-52.4398 -52.4438
590.59 454.117
-599.589 914.268
-244.997 -256.876
-962.432 -679.527
3007.93 -1675.81
-865.037 1396.21
960.722 2460.08
-2461.41 404.514
719.836 -3335.42
735.524 -2863.67
3097.09 -3913.55
4517.85 1466.78
1776.57 1955.73
-1254.24 500.734
5007.81 -1828.32
118.659 -428.567
-898.629 -5074.33
1045.31 3452.72
2008.26 -3547.05
-1767.25 804.941
-1460.31 1498.93
-266.828 100.5
-1562.1 -4212.91
1997.04 -359.884
1726.74 -134.406
-95.3958 877.607
766.225 843.364
-588.755 -2177.21
0.140765 238.968
1164.18 -1943.38
975.697 2781.06
328.961 2700.98
2375.38 1305.68
-2925.19 1025.34
-62.6652 -4978.57
1133.82 370.689
2583.98 2826.89
-4748.78 -1233.81
-781.184 -1423.54
2518.95 538.938
52.6362 -166.75
4269.33 1714.36
-4367.06 -1773.48
1781.83 2515.64
-165.336 1048.58
-1043.8 3415.52
238.788 1011.1
3134.01 -1429.7
673.243 4052.74
353.436 -1643.15
-319.375 -3222.35
-335.106 -160.97
-3732.07 639.761
1744.43 1028.88
160.85 2462.85
1447.91 -270.731
5008.02 1243.31
-1541.87 -3801.28
524.543 -1.91366
-142.551 -5214.59
-2818.57 3578.95
-1368.4 -184.938
2571.54 2704.61
-3625.16 -225.076
4000.09 -1006.24
611.843 4871.78
-247.497 1824.44
3796.33 -659.145
81.7547 23.2076
2469.78 1048.73
2760.73 -2174.31
1439.95 2388.72
2471.73 -4354.66
-4255.97 -282.451
-876.521 3514.09


1694.8 -1508.94
-331.028 -660.902
-2466.42 14.8628
-169.609 -4106.14
-2240.18 1639.4
-121.879 2607.71
-723.14 -69.4874
752.774 4077.99
2473.98 837.088
-4719.18 -930.923
2513.76 -242.347
3217.14 2646.31
-67.5414 71.8742
-234.854 151.645
1536.54 -883.946
-2026.22 3322.79
-3590.39 1091.37
-438.131 1845.38
-1254.58 -4357.65
-1337.65 -1745.03
4715.78 2177.24
1621.06 -1103.59
647.449 696.141
1852.43 -545.004
-529.875 1500.29
3157.8 -549.985
579.979 381.5
3840.62 240.946
1993.78 -2075.68
-725.315 1736.6
256.913 3624.09
-4217.92 -2698.43
773.542 -1415.04
-336.507 1008.43
-1849.62 696.286
2136.81 601.302
3314.82 2209.39
1329.54 -2392.12
-1711.86 1854.52
660.998 283.301
-1732.81 713.501
-1418.58 2974.26
-3196.57 -2146.29
402.026 -3531.53
1403.01 2231.23
-2618.42 -1014.25
-938.073 2478.28
-228.018 465.856
-333.103 3636.99
471.66 -134.728
-980.358 -3825.7
-1525.29 2768.2
-134.113 -88.904
774.42 -264.846
65.5079 1985.48
-1246.9 -4921.1
409.811 2672.47
-765.886 -535.782
2826.28 -14.7463
535.015 1253.01
1386.16 -3085.28
-1895.86 563.401
-2029.86 409.545
-4659.23 -2200.27
1544.87 262.077
3062.25 -2343.3
-2950.72 2007.5
-4598.41 -614.303
4237.43 1372.36
-214.667 38.8079
2880 -1062.47
-1178.77 4090.82
-96.4727 -1661.49
-2895.84 -3495.52
-11.4552 -405.035
-966.832 -2224.19
-1573.66 2362.92
1578.43 3857.93
1405.86 921.374
4045.98 1401.46
-697.694 -1696.63
-3202.58 1499.16
475.316 -1863.37
-1825.92 -1544.01
760.348 239.078
2766.99 2198.5
743.265 151.533
-3848.26 2906.76
651.423 -857.638
-2896.66 -543.286
860.728 446.533
-3600.8 -317.99
2010.94 -1495.06
-1708.18 4467.75
-4136.79 2927.2
4514.48 1733.26
1059.46 2451.51
1573.32 1241.52
-949.557 2100.34
1535.87 -1980.42
2883.68 91.1791
445.658 -1093.51
344.501 1481.83
234.109 -313.458
2124.76 130.242
1728.81 -850.751
-1827.08 1105.6
138.451 158.401
-301.867 -4.66725
-2505.74 -3138.52
2287.32 4497.83
-3981.47 3304.09
-661.018 -2514.71
-311.34 -4410.49
1186.37 2225.78
-2563.58 -482.212
2477.39 -1478.85
3622.73 -1513.02
5048.74 -923.377
222.484 -2417.42
-1657.48 -3586.66
-3436.57 -4012.66
3467.39 3242.21
4449.98 -1637.62
-3948.31 2623.63
3376.03 -2904.22
-3207.72 1221.16
2191.09 3610.89
2389.56 2664.19
-3278.49 -1742.71
-1209.96 1338.35
-846.427 -392.309
-194.245 1735.86
-569.346 724.022
3515.13 -710.348
1089.61 -1305.47
-2355.48 487.81
-110.887 2404.4
1827.96 -606.66
-161.377 -1101.85
3624.26 -2030.37
5048.07 1645.4
-2875.1 3392.39
-4111.52 47.0724
1503.82 3010.47
-4661.64 363.494
4708.05 -2324.42
-2193.2 1559.17
756.783 -52.1389
4433.91 -1911.47
825.846 -835.48
-1026.85 -4073.81
-3272.44 -1041.01
-1531.29 3213.72
3725.53 -1295.95
1648.06 -3631.46
1186.87 -2572.89
-1332.79 3631.44
452.958 -166.809
-1610.67 1105.68
32.3371 -1064.32
-2541.04 3951.58
3310.89 35.2698
-2069.48 -3050.58
-1247.35 -3.04237
3418.71 3638.89
508.878 420.341
-892.364 -638.978
-3151.75 -252.117
2674.56 -2765.28
3897.82 1123.92
2523.79 -811.632
-4734.73 -1022.89
732.459 4431.85
-103.004 388.516
-1113.09 -405.566
199.11 -678.607
-2479.59 -3815.93
126.623 4485.92
1353.57 687.61
41.1292 74.3572
-511.936 1637.21
3594.44 3298.28
2626.08 -132.053
3584.89 745.766
-766.564 1107.59
-3387.48 3545.07
-782.668 989.899
4419.39 1867.64
-260.303 -166.727
-195.215 -110.598
187.115 227.033
-4750.35 -1745.69
1622.63 1193.69
-780.258 -5237.05
-176.826 -404.773
2336.01 -1313.59
1161.35 1899.72
5101.84 486.855
3560.7 1666.56
1682.64 1699.97
3029.03 3477.22
1918.27 1628.84
-484.661 -749.824
-4156.07 1412.94
-2485.56 -602.002
1634.38 820.668
-2714.93 1083.71
-3566.25 3622.1
1214.88 1865.43
231.541 -681.198
-1191.49 -283.432
3715.21 -3311.5
-176.701 956.632
1954.18 -1127.86
-1701.37 1234.86
86.0911 -1674.59
-607.578 -498.391
2622.66 4586.09
-4168.79 -2155.76
-194.686 -4323.15
4277.1 -643.805
4078.96 -2773.59
-227.615 -395.518
-3779.37 -73.344
3052.33 -2490.39
-406.718 1191.27
-1158.87 3751.48
-972.922 3159.79
2297.96 3941.35
471.34 906.25
75.533 -211.112
439.273 -1494.2
1327.91 -1748.59
-2961.37 -591.785
-445.782 3125.58
-4975.89 179.02
636.062 4984.71
682.149 543.042
-336.124 -2720.39
2005.71 -1094.59
155.688 272.634
955.611 3255.94
800.245 -183.601
1489.36 3030.48
293.742 -3378.87
-693.732 -2567.25
-1726.89 -2291.78
697.896 -4450.2
-1073.29 2007.35
825.556 28.6956
170.651 -4250.22
-1246.32 -242.87
-1653.69 -642.535
-52.8672 1237.95
349.337 -3284.73
-1000.3 965.93
1088.42 -1482.74
-2205.31 -2686.43
4007.01 1314.98
1189.25 3030.25
1462.9 675.613
1592.88 4232.39
-3035.35 -809.822
-31.5829 -4796.73
-1727.23 869.682
-2002.37 -2129.87
2114.8 -78.8771
-3739.89 -2502.15
125.376 -219.341
2773.89 258.45
-770.78 3490.53
1830.12 2312.8
-1029.2 -4138.09
-1900.08 -2028.91
1765.56 197.276
-4751.89 27.298
2913.13 -2140.16
753.306 -873.41
1035.04 -1801.44
-1299.99 2764.55
4770.94 -946.465
-522.942 -1092.5
-1603.43 3207.11
1782.05 -2888.58
271.45 1713.38
1544.43 1248.58
-896.195 -5191.68
2801.91 -529.49
-2027.32 2857.32
-80.9326 557.917
1462.31 -2739.4
1217.63 984.322
495.5 510.685
-1681.18 2628.93
-1812.31 -2995.81
3487.28 643.176
-118.553 827.65
-2472.19 -1058.93
750.832 2949.08
-1461.43 1543.51
2403.23 -1162.8
803.777 2843.55
367.89 -247.694
3026.33 -4020.36
-3142.56 -391.767
499.585 1981.62
-994.184 232.593
1624.97 -3583.16
-1073.39 -349.25
459.934 -5129.61
-585.44 3272.88
355.302 -75.0848
2493.75 -1053.29
2192.26 -2426.43
159.924 5.02339
-118.393 -339.613
305.552 -327.881
354.409 669.227
3326.01 -490.834
1822.11 63.9624
-1293.55 -1120.64
231.495 -1196.29
59.6337 1369.44
-5.85177 -2855.8
47.6774 -3510.24
1271.52 -884.111
-271.607 -126.154
-476.938 -236.251
-3762.92 -3112.97
-391.766 509.233
24.0598 260.836
-1036.72 -703.281
772.243 -801.832
26.4383 -267.877
2827.3 -2707.4
2749.41 3614.86
1838.55 3717.95
-143.563 3839.29
629.425 2114.54
93.2575 -230.87
-1509.86 2799.18
-3418.95 -1007.59
461.934 -1696.52
-330.479 432.093
-2801.26 -341.957
-2242.99 3000.25
2383.37 2560.4
1606.77 -1895.3
-819.04 982.061
-1085.92 3059.37
3476.37 -3203.49
-1836.31 -1123.3
1605.14 -900.071
4654.51 -2154.64
-3977.75 1055.77
818.437 2195.48
1176.88 -395.556
-839.6 -118.865
-1482.1 -883.094
2278.54 2389.35
176.045 1004.23
-4099.62 3389.21
560.502 -1767.42
-67.3446 -2095.12
-490.609 -880.708
2225.05 -811.598
22.857 125.817
-757.919 3616.43
239.852 -828.341
1585.92 4410.93
-2791.76 3580.9
-2393 2766.44
154.474 -181.871
241.296 1138.42
-940.664 1559.79
-1276.85 -4495.68
-139.912 -2940.77
18.8244 -69.2592
-3165.28 -2015.36
-4591.81 1148.25
-976.338 -240.296
2134.07 460.366
152.291 -192.3
-838.278 1860.13
-1356.11 -1585.52
-4531.39 844.309
632.035 1012.92
3535.07 699.688
282.588 -2013.64
-2509.22 -2392.91
-441.981 -23.1812
2105.71 4107.62
1584.32 4948.72
-3586.04 -1947.49
3336.7 -364.335
1958.53 -3385.89
2576.95 1148.88
102.578 -102.707
4111.57 2496.33
567.588 -1819.81
1201.97 -405.988
-257.649 -2204.66
-1224.44 -2751.78
-3467.23 1614.02
-514.738 -86.6789
-73.8484 -434.41
-1228.98 2307.85
-2097.4 4316.92
-613.62 1595.13
-1661.78 -1475
-220.166 475.424
347.265 2845.54
700.459 408.5
-4779.7 534.816
-234.985 -1164.53
-861.172 -2589.55
1459.27 2751.07
3363.12 1441.78
-2008.63 1617.54
872.272 -1584.82
3332.75 -3561.25
-1513.69 99.8049
-1406.86 -1150.38
19.1916 -65.7503
581.028 468.334
-612.93 906.104
-221.862 -274.487
-954.781 -692.82
3011.58 -1668.69
-876.923 1390.13
951.221 2464.05
-2462.39 395.148
728.527 -3333.61
743.618 -2861.11
3102.93 -3908.99
4515.55 1474.25
1769.21 1962.45
-1261.53 487.886
5010.45 -1821.38
144.549 -422.141
-892.063 -5075.39
1037.03 3455.3
2014.98 -3543.16
-1770.99 794.774
-1469.59 1491.16
-282.682 71.5063
-1555.53 -4215.16
1998.69 -348.975
1727.04 -122.577
-112.607 875.563
754.257 852.057
-578.575 -2179.72
-35.1078 240.808
1173.47 -1937.87
966.387 2784.68
320.103 2701.52
2370.68 1314.66
-2928.33 1016.58
-55.4787 -4978.65
1129.13 384.773
2577.94 2832.39
-4746.97 -1240.26
-770.035 -1429.72
2516.67 548.329
90.4574 -149.907
4266.51 1721.53
-4364.24 -1780.6
1774.75 2520.2
-181.365 1047.96
-1052.29 3413.06
223.583 1016.59
3137.36 -1422.04
664.857 4054.33
366.564 -1641.45
-310.642 -3223.13
-322.626 -184.948
-3733.88 630.902
1738.4 1037.52
151.275 2462.98
1449.95 -257.738
5006.31 1250.01
-1534.78 -3804.04
524.174 20.8927
-135.994 -5214.66
-2824.99 3574.06
-1366.19 -198.381
2565.23 2710.91
-3624.85 -234.135
4001.64 -999.173
604.07 4872.91
-260.306 1823.83
3797.81 -650.918
38.9666 73.8285
2466.03 1058.36
2765.41 -2167.93
1431.69 2393.67
2478.09 -4351.07
-4255.3 -289.532
-883.84 3511.94


1701.41 -1501.01
-312.858 -667.55
-2465.84 5.5115
-162.018 -4106.34
-2245.66 1631.68
-132.747 2607.82
-721.881 -88.2135
745.006 4079.42
2470.8 846.653
-4717.77 -938.204
2514.54 -232.455
3211.97 2652.81
-93.6005 21.8536
-253.386 122.366
1541.89 -873.521
-2033.17 3318.54
-3592.93 1083.26
-450.318 1843.24
-1246.91 -4359.99
-1329.1 -1751.17
4712.9 2183.3
1627.05 -1094.13
637.231 709.168
1854.88 -534.267
-540.541 1495
3159.15 -541.385
570.22 397.332
3840.34 249.88
2000.91 -2069.03
-735.39 1731.68
248.859 3624.51
-4214.24 -2703.93
786.145 -1409.81
-352.216 1005.28
-1852.41 686.111
2134.44 612.823
3310.3 2216.26
1338.22 -2387.39
-1719.09 1847.66
654.056 300.819
-1738.36 702.272
-1426.43 2970.43
-3192.15 -2152.49
409.992 -3530.42
1394.53 2236.66
-2614.96 -1023.32
-947.58 2474.82
-248.819 455.38
-341.85 3636.32
478.276 -111.653
-972.198 -3827.92
-1532.27 2763.89
-106.332 -122.951
778.88 -247.274
54.202 1985.68
-1239.41 -4923.15
400.635 2673.52
-759.14 -550.78
2826 -5.73028
522.234 1258.59
1393.61 -3081.7
-1899.14 552.373
-2032.13 398.5
-4656.3 -2206.27
1542.33 274.506
3066.61 -2337.2
-2955.14 2000.71
-4597.42 -621.741
4235.08 1379.58
-218.299 1.97605
2882.9 -1054.09
-1186.57 4088.66
-84.7604 -1660.99
-2889.9 -3500.51
14.7919 -404.262
-957.416 -2228.16
-1582.26 2357.59
1571.38 3860.7
1398.79 931.233
4043.43 1408.97
-686.644 -1701.17
-3206.58 1491.06
486.417 -1860.35
-1819.26 -1550.87
757.111 255.533
2761.62 2205.34
741.1 168.806
-3852.14 2901.35
661.739 -846.585
-2894.67 -551.657
854.04 461.687
-3599.84 -325.673
2017.63 -1486.69
-1714.8 4465.15
-4141.42 2920.93
4511.95 1739.39
1050.24 2455.66
1566.12 1249.06
-959.72 2096.09
1543.19 -1974.21
2882.92 99.7572
459.466 -1087.83
331.904 1484.17
254.291 -295.525
2123.27 140.237
1732.67 -840.719
-1831.98 1096.4
105.708 177.008
-299.642 -35.2589
-2499.66 -3143.22
2281.22 4500.84
-3986.43 3298.31
-650.619 -2518.12
-302.984 -4411.31
1176.96 2231.49
-2562 -492.637
2481.6 -1471.08
3626.29 -1505.06
5049.74 -917.034
233.074 -2416.64
-1649.78 -3590.4
-3431.54 -4016.82
3462.12 3248.02
4452.56 -1630.65
-3952.56 2617.34
3380.5 -2898.77
-3211.45 1212.4
2183.98 3615.44
2382.95 2670.45
-3274.56 -1750.18
-1217.95 1330.14
-841.494 -408.269
-207.374 1735.63
-583.826 715.647
3516.55 -702.41
1097.8 -1297.23
-2357.6 477.611
-121.562 2404.11
1832.31 -595.322
-146.286 -1102.85
3628.2 -2023.4
5045.86 1652.52
-2880.23 3387.77
-4111.38 39.8173
1496.58 3013.71
-4662.36 355.683
4710.88 -2318.48
-2198.65 1551.26
756.074 -33.1314
4437.08 -1904.4
837.388 -825.515
-1018.93 -4075.92
-3269.74 -1048.5
-1539.07 3210.04
3728.39 -1288.05
1654.82 -3628.19
1194.64 -2568.81
-1340.33 3628.62
461.165 -142.776
-1615.86 1096.39
48.2624 -1065.19
-2547.15 3947.6
3311.13 44.8565
-2062.82 -3054.87
-1245.62 -16.8718
3413.13 3644.34
496.692 435.308
-885.762 -653.5
-3150.96 -260.987
2680.84 -2759.41
3895.59 1131.23
2526.99 -802.059
-4733.19 -1030.13
725.407 4432.88
-128.088 380.344
-1108.69 -420.058
217.606 -671.52
-2473.1 -3820.23
119.572 4485.96
1348.85 700.918
-25.0107 78.5309
-524.817 1634.42
3589.58 3303.53
2626.73 -121.912
3583.05 753.23
-777.764 1099.45
-3393.25 3539.76
-794.135 981.022
4416.47 1874.79
-244.958 -193.061
-174.535 -139.73
162.994 245.603
-4747.85 -1752.68
1615.95 1203.24
-773.159 -5238.15
-152.691 -410.351
2340.25 -1305.32
1152.19 1905.11
5101.15 493.848
3557.22 1674.33
1675.4 1706.26
3023.23 3482.39
1911.75 1635.95
-469.311 -757.578
-4158.96 1405.08
-2483.55 -612.69
1629.41 832.18
-2719.04 1074.46
-3571.81 3616.81
1205.54 1872.41
248.656 -671.243
-1186.47 -296.553
3719.61 -3306.39
-193.048 954.201
1958.4 -1118.99
-1707.9 1225.84
98.522 -1673.87
-597.992 -512.726
2616.88 4589.3
-4165.44 -2162.07
-186.436 -4323.68
4278.07 -636.522
4082.61 -2767.99
-205.813 -409.304
-3778.94 -80.8209
3057.23 -2484.25
-418.759 1184.83
-1166.12 3749.07
-981.104 3157.15
2291.02 3945.6
457.34 914.341
108.709 -195.309
451.6 -1490.42
1336.62 -1742
-2959.28 -599.893
-455.423 3124.53
-4975.97 172.484
629.217 4985.52
671.574 556.869
-326.11 -2721.87
2011.2 -1085.08
128.593 285.391
947.794 3257.93
806.048 -167.615
1481.61 3034.15
302.655 -3378.18
-684.809 -2569.17
-1719.46 -2297.13
704.813 -4448.96
-1083.51 2002.48
825.958 46.3875
178.532 -4249.92
-1244.57 -257.541
-1648.96 -653.287
-67.3273 1237.04
357.568 -3283.6
-1011.28 956.645
1097.85 -1475.63
-2198.89 -2691.42
4004.57 1322.36
1181.41 3033.01
1458.37 688.347
1586.13 4234.81
-3033.08 -819.009
-23.7858 -4796.9
-1732.57 859.261
-1995.33 -2136.87
2115.29 -67.7048
-3735.84 -2507.93
153.476 -197.527
2772.84 267.741
-778.715 3488.63
1822.79 2318.53
-1021.01 -4140.36
-1892.91 -2035.9
1763.16 208.214
-4751.98 19.7535
2918.2 -2133.3
762.93 -862.462
1044.67 -1795.83
-1308.22 2760.62
4772.48 -939.049
-509.984 -1100.44
-1611 3203.3
1788.68 -2884.11
260.167 1713.86
1537.21 1257.42
-889.494 -5192.78
2803.08 -520.83
-2034.9 2852.22
-103.39 552.046
1469.47 -2735.13
1209.54 994.518
483.048 523.708
-1689.13 2623.99
-1804.64 -3000.68
3485.85 652.141
-136.178 825.138
-2468.29 -1067.86
741.488 2951.71
-1469.87 1535.89
2407.4 -1153.98
794.852 2846
384.091 -227.145
3031.93 -4016.11
-3141.16 -399.875
489.36 1983.25
-994.859 216.99
1632.39 -3579.81
-1069.6 -364.296
467.688 -5129.08
-594.806 3271.5
356.031 -48.8565
2497.17 -1044.54
2198.18 -2420.68
154.688 48.829
-90.1567 -345.745
325.326 -314.178
339.467 678.617
3326.97 -482.644
1822.79 76.8105
-1285.22 -1128.87
246.895 -1195.88
45.2999 1371.59
4.01692 -2856.01
55.6062 -3509.86
1280.62 -873.655
-254.841 -149.356
-465.889 -255.114
-3758.19 -3118.75
-407.74 496.744
-6.93922 266.456
-1029.04 -715.854
784.457 -792.013
58.9693 -262.583
2832.42 -2701.78
2742.99 3619.98
1831.11 3721.81
-152.205 3839.12
619.211 2117.31
125.006 -214.928
-1517.83 2794.88
-3416.63 -1016.55
473.975 -1693.52
-345.867 417.518
-2800.22 -351.782
-2250.11 2995.14
2376.76 2566.98
1613.75 -1888.76
-829.137 972.377
-1094.42 3056.38
3481.81 -3197.78
-1830.48 -1132.26
1609.55 -889.995
4657.74 -2147.88
-3979.56 1048.45
808.465 2199.3
1182.35 -381.778
-836.828 -136.352
-1476.06 -894.287
2271.81 2396.29
160.531 1009.1
-4103.89 3383.97
570.966 -1763.32
-56.9943 -2094.7
-476.509 -888.71
2228.98 -801.533
-27.9811 124.345
-766.448 3614.76
255.905 -821.248
1579.22 4413.24
-2797.35 3576.43
-2399.55 2760.86
178.34 -157.856
226.945 1139
-950.797 1553.55
-1269.89 -4497.59
-130.626 -2941.15
66.5141 -9.46438
-3160.9 -2021.96
-4593.56 1141.16
-974.155 -256.486
2131.26 470.115
174.602 -165.816
-849.523 1855.86
-1347.75 -1591.69
-4532.96 836.549
619.391 1020.66
3533.55 708.667
293.658 -2011.94
-2503.02 -2399.82
-443.137 -48.3104
2099.46 4110.67
1578.04 4950.62
-3582.27 -1954.31
3338.1 -354.86
1965.41 -3381.84
2573.02 1157.43
131.407 -65.886
4107.95 2502.02
579.234 -1816.61
1206.18 -392.347
-246.741 -2206.06
-1215.62 -2755.98
-3470.48 1606.78
-510.144 -110.023
-51.3097 -439.605
-1236.87 2303.09
-2104.42 4313.63
-626.186 1591.41
-1654.58 -1483.26
-241.188 465.309
338.615 2846.12
692.364 424.378
-4780.29 528.127
-220.712 -1165.4
-851.42 -2593.23
1451.63 2754.76
3359.81 1449.4
-2015.23 1609.62
881.858 -1578.66
3338.68 -3555.94
-1513.36 87.3136
-1399.6 -1160.97
68.0242 -12.6523
571.093 482.249
-626.147 897.757
-197.318 -290.353
-946.977 -706.003
3015.21 -1661.55
-888.759 1383.98
941.706 2467.98
-2463.33 385.775
737.212 -3331.78
751.705 -2858.53
3108.77 -3904.42
4513.23 1481.71
1761.82 1969.15
-1268.69 474.986
5013.08 -1814.45
169.992 -414.411
-885.495 -5076.44
1028.74 3457.86
2021.69 -3539.26
-1774.66 784.579
-1478.83 1483.36
-295.293 41.6873
-1548.96 -4217.39
2000.27 -338.054
1727.26 -110.742
-129.774 873.181
742.154 860.597
-568.382 -2182.19
-69.6551 237.792
1182.72 -1932.32
957.067 2788.27
311.241 2702.02
2365.95 1323.63
-2931.45 1007.81
-48.2921 -4978.73
1124.26 398.799
2571.88 2837.87
-4745.14 -1246.72
-758.84 -1435.81
2514.36 557.712
123.137 -124.542
4263.68 1728.69
-4361.41 -1787.71
1767.65 2524.74
-197.355 1047.11
-1060.76 3410.57
208.326 1021.84
3140.69 -1414.36
656.469 4055.91
379.671 -1639.66
-301.907 -3223.88
-308.4 -207.925
-3735.68 622.04
1732.32 1046.12
141.697 2463.07
1451.87 -244.724
5004.6 1256.71
-1527.68 -3806.78
522.819 43.6598
-129.437 -5214.73
-2831.4 3569.17
-1363.85 -211.805
2558.91 2717.2
-3624.51 -243.192
4003.19 -992.101
596.296 4874.02
-273.104 1823.14
3799.28 -642.687
-26.712 79.9671
2462.24 1067.97
2770.06 -2161.54
1423.42 2398.59
2484.45 -4347.48
-4254.61 -296.613
-891.155 3509.77


1707.98 -1493.05
-294.48 -673.752
-2465.21 -3.83992
-154.427 -4106.52
-2251.12 1623.95
-143.614 2607.88
-720.12 -106.878
737.236 4080.83
2467.59 856.205
-4716.34 -945.483
2515.29 -222.559
3206.79 2659.29
-82.453 -36.2409
-268.671 91.5179
1547.17 -863.056
-2040.1 3314.28
-3595.44 1075.15
-462.488 1841.04
-1239.24 -4362.32
-1320.52 -1757.28
4710 2189.35
1632.99 -1084.63
626.818 721.979
1857.27 -523.511
-551.171 1489.6
3160.48 -532.781
560.007 412.847
3840.03 258.812
2008.01 -2062.35
-745.436 1726.69
240.804 3624.91
-4210.56 -2709.42
798.7 -1404.49
-367.849 1001.9
-1855.13 675.913
2132.02 624.33
3305.77 2223.11
1346.88 -2382.63
-1726.29 1840.77
646.646 318.12
-1743.84 691.016
-1434.27 2966.59
-3187.72 -2158.67
417.956 -3529.29
1386.03 2242.07
-2611.46 -1032.37
-957.074 2471.33
-269.135 444.019
-350.596 3635.64
483.792 -88.3203
-964.035 -3830.12
-1539.24 2759.56
-70.8854 -148.16
782.961 -229.582
42.8943 1985.81
-1231.93 -4925.19
391.453 2674.53
-752.151 -565.602
2825.69 3.28577
509.399 1264.03
1401.06 -3078.09
-1902.36 541.327
-2034.34 387.443
-4653.35 -2212.26
1539.68 286.915
3070.96 -2331.08
-2959.54 1993.9
-4596.42 -629.177
4232.71 1386.79
-215.748 -34.9123
2885.78 -1045.71
-1194.36 4086.49
-73.0433 -1660.4
-2883.96 -3505.49
40.9771 -401.803
-947.981 -2232.09
-1590.85 2352.22
1564.33 3863.46
1391.65 941.042
4040.86 1416.48
-675.565 -1705.65
-3210.56 1482.96
497.5 -1857.26
-1812.57 -1557.7
753.479 271.855
2756.23 2212.16
738.485 185.977
-3856.01 2895.93
671.914 -835.351
-2892.64 -560.022
847.105 476.707
-3598.86 -333.354
2024.28 -1478.3
-1721.41 4462.54
-4146.04 2914.66
4509.4 1745.52
1041.01 2459.77
1558.86 1256.56
-969.862 2091.79
1550.48 -1967.97
2882.14 108.334
473.201 -1081.97
319.281 1486.41
273.285 -276.211
2121.73 150.228
1736.46 -830.657
-1836.83 1087.16
69.3908 189.603
-294.325 -65.4865
-2493.58 -3147.91
2275.12 4503.83
-3991.38 3292.53
-640.211 -2521.49
-294.627 -4412.11
1167.53 2237.17
-2560.38 -503.056
2485.8 -1463.3
3629.82 -1497.1
5050.74 -910.689
243.659 -2415.81
-1642.07 -3594.12
-3426.51 -4020.99
3456.84 3253.83
4455.12 -1623.68
-3956.8 2611.03
3384.96 -2893.31
-3215.17 1203.62
2176.85 3619.98
2376.33 2676.69
-3270.6 -1757.65
-1225.88 1321.88
-836.29 -424.097
-220.493 1735.31
-598.111 707.032
3517.96 -694.468
1105.92 -1288.91
-2359.67 467.402
-132.234 2403.78
1836.59 -583.963
-131.168 -1103.64
3632.13 -2016.42
5043.65 1659.65
-2885.34 3383.15
-4111.23 32.562
1489.34 3016.92
-4663.06 347.87
4713.69 -2312.53
-2204.07 1543.32
754.901 -14.1036
4440.25 -1897.31
848.795 -815.416
-1011 -4078.02
-3267.01 -1055.98
-1546.84 3206.34
3731.23 -1280.14
1661.57 -3624.9
1202.39 -2564.69
-1347.86 3625.78
468.254 -118.396
-1620.99 1087.07
64.1771 -1065.83
-2553.25 3943.62
3311.35 54.4428
-2056.16 -3059.15
-1243.73 -30.6989
3407.54 3649.79
484.044 449.87
-878.985 -667.893
-3150.14 -269.855
2687.11 -2753.52
3893.35 1138.54
2530.16 -792.475
-4731.63 -1037.37
718.353 4433.9
-152.625 370.545
-1104.12 -434.484
235.936 -663.921
-2466.6 -3824.51
112.52 4486
1344.03 714.173
-75.6869 34.1296
-537.672 1631.54
3584.71 3308.77
2627.34 -111.768
3581.2 760.69
-788.881 1091.19
-3399.02 3534.44
-805.499 972.018
4413.55 1881.94
-227.331 -217.598
-149.267 -165.186
137.064 261.447
-4745.34 -1759.67
1609.21 1212.75
-766.058 -5239.24
-128.057 -414.586
2344.47 -1297.03
1143.01 1910.46
5100.45 500.839
3553.72 1682.09
1668.12 1712.53
3017.41 3487.54
1905.2 1643.03
-453.785 -765.048
-4161.85 1397.22
-2481.49 -623.369
1624.37 843.657
-2723.14 1065.2
-3577.36 3611.51
1196.17 1879.35
265.591 -660.799
-1181.28 -309.631
3723.99 -3301.28
-209.34 951.496
1962.57 -1110.1
-1714.39 1216.78
110.947 -1673.06
-588.081 -526.781
2611.09 4592.5
-4162.08 -2168.39
-178.185 -4324.2
4279.04 -629.237
4086.24 -2762.38
-183.424 -421.924
-3778.5 -88.2973
3062.11 -2478.09
-430.745 1178.24
-1173.37 3746.64
-989.278 3154.48
2284.07 3949.83
443.228 922.206
139.024 -174.37
463.896 -1486.53
1345.3 -1735.36
-2957.17 -607.994
-465.059 3123.44
-4976.03 165.947
622.372 4986.31
660.731 570.473
-316.092 -2723.3
2016.64 -1075.55
100.314 295.519
939.971 3259.9
811.467 -151.548
1473.85 3037.8
311.566 -3377.47
-675.876 -2571.04
-1712 -2302.44
711.728 -4447.71
-1093.7 1997.56
825.973 64.0576
186.412 -4249.62
-1242.66 -272.179
-1644.15 -664.008
-81.7781 1235.96
365.797 -3282.45
-1022.18 947.267
1107.23 -1468.46
-2192.46 -2696.4
4002.11 1329.74
1173.57 3035.76
1453.76 701.038
1579.37 4237.22
-3030.8 -828.189
-15.9886 -4797.06
-1737.85 848.809
-1988.27 -2143.85
2115.71 -56.5306
-3731.78 -2513.71
178.736 -172.062
2771.75 277.029
-786.645 3486.71
1815.44 2324.24
-1012.82 -4142.61
-1885.72 -2042.87
1760.68 219.143
-4752.05 12.2091
2923.25 -2126.43
772.423 -851.366
1054.27 -1790.16
-1316.43 2756.66
4774.01 -931.63
-496.951 -1108.22
-1618.56 3199.48
1795.31 -2879.63
248.87 1714.25
1529.93 1266.22
-882.792 -5193.88
2804.23 -512.164
-2042.47 2847.1
-125.689 545.332
1476.63 -2730.83
1201.36 1004.65
470.238 536.344
-1697.08 2619.02
-1796.97 -3005.54
3484.4 661.103
-153.741 822.251
-2464.37 -1076.77
732.137 2954.32
-1478.26 1528.22
2411.54 -1145.16
785.918 2848.42
399.107 -205.894
3037.51 -4011.85
-3139.73 -407.979
479.119 1984.82
-995.285 201.333
1639.81 -3576.43
-1065.61 -379.277
475.441 -5128.54
-604.168 3270.1
354.619 -22.3354
2500.56 -1035.77
2204.08 -2414.92
138.238 89.1192
-61.3691 -349.762
344.135 -299.544
324.317 687.593
3327.92 -474.452
1823.39 89.6552
-1276.83 -1137.03
262.26 -1195.31
30.9616 1373.61
13.8856 -2856.19
63.5347 -3509.47
1289.63 -863.137
-235.265 -170.909
-453.997 -273.515
-3753.46 -3124.52
-423.301 483.752
-37.8369 268.029
-1021.22 -728.333
796.522 -782.043
90.632 -253.423
2837.53 -2696.15
2736.56 3625.09
1823.66 3725.65
-160.847 3838.94
608.981 2120.03
154.4 -194.935
-1525.78 2790.56
-3414.29 -1025.52
485.993 -1690.44
-360.667 402.232
-2799.15 -361.602
-2257.23 2990.01
2370.13 2573.54
1620.71 -1882.18
-839.129 962.57
-1102.91 3053.37
3487.23 -3192.06
-1824.6 -1141.19
1613.89 -879.883
4660.96 -2141.12
-3981.36 1041.13
798.477 2203.08
1187.66 -367.948
-833.691 -153.779
-1469.95 -905.434
2265.07 2403.22
144.977 1013.72
-4108.15 3378.72
581.407 -1759.15
-46.6424 -2094.23
-462.287 -896.482
2232.87 -791.452
-74.4242 103.381
-774.974 3613.08
271.851 -813.811
1572.52 4415.54
-2802.93 3571.94
-2406.09 2755.27
198.359 -130.436
212.557 1139.38
-960.889 1547.24
-1262.93 -4499.49
-121.338 -2941.5
37.2603 56.5553
-3156.51 -2028.55
-4595.29 1134.07
-971.72 -272.609
2128.4 479.852
193.269 -135.882
-860.743 1851.54
-1339.34 -1597.81
-4534.51 828.786
606.651 1028.25
3532.02 717.641
304.718 -2010.18
-2496.79 -2406.71
-442.921 -73.2903
2093.2 4113.7
1571.75 4952.5
-3578.49 -1961.11
3339.48 -345.383
1972.29 -3377.78
2569.05 1165.97
147.213 -22.5
4104.31 2507.7
590.859 -1813.34
1210.23 -378.654
-235.827 -2207.42
-1206.8 -2760.15
-3473.72 1599.53
-504.574 -133.158
-28.6084 -443.409
-1244.73 2298.3
-2111.44 4310.33
-638.72 1587.6
-1647.35 -1491.49
-261.755 454.316
329.962 2846.67
683.924 440.045
-4780.87 521.436
-206.405 -1166.09
-841.657 -2596.88
1443.98 2758.44
3356.47 1457.01
-2021.8 1601.68
891.405 -1572.42
3344.61 -3550.63
-1512.92 74.8157
-1392.28 -1171.52
34.2155 58.3357
560.792 495.856
-639.239 889.231
-171.5 -304.344
-939.023 -719.072
3018.82 -1654.4
-900.542 1377.74
932.178 2471.88
-2464.23 376.396
745.893 -3329.93
759.784 -2855.91
3114.6 -3899.85
4510.91 1489.17
1754.41 1975.81
-1275.71 462.037
5015.7 -1807.51
194.917 -405.416
-878.926 -5077.49
1020.46 3460.41
2028.39 -3535.35
-1778.27 774.356
-1488.02 1475.51
-304.744 11.4182
-1542.38 -4219.61
2001.79 -327.123
1727.39 -98.9009
-146.891 870.462
729.918 868.982
-558.176 -2184.61
-102.881 230.241
1191.95 -1926.73
947.738 2791.82
302.375 2702.49
2361.19 1332.59
-2934.55 999.04
-41.1053 -4978.79
1119.22 412.762
2565.8 2843.34
-4743.31 -1253.17
-747.598 -1441.81
2512 567.086
148.822 -92.1022
4260.83 1735.85
-4358.56 -1794.81
1760.54 2529.26
-213.301 1046.03
-1069.23 3408.07
193.021 1026.86
3143.99 -1406.68
648.079 4057.47
392.758 -1637.78
-293.169 -3224.6
-292.508 -229.779
-3737.46 613.174
1726.18 1054.69
132.118 2463.12
1453.67 -231.69
5002.88 1263.4
-1520.58 -3809.5
520.481 66.3448
-122.879 -5214.78
-2837.8 3564.26
-1361.36 -225.208
2552.58 2723.47
-3624.16 -252.248
4004.71 -985.025
588.521 4875.13
-285.89 1822.37
3800.73 -634.454
-75.5105 36.3487
2458.42 1077.56
2774.7 -2155.14
1415.13 2403.47
2490.81 -4343.88
-4253.91 -303.693
-898.464 3507.58


1714.52 -1485.05
-275.903 -679.502
-2464.55 -13.1913
-146.835 -4106.69
-2256.56 1616.19
-154.478 2607.91
-717.86 -125.469
729.463 4082.23
2464.34 865.745
-4714.9 -952.76
2516 -212.66
3201.6 2665.76
-31.5302 -75.2764
-280.606 59.5261
1552.37 -852.55
-2047.03 3310.01
-3597.94 1067.03
-474.64 1838.76
-1231.57 -4364.65
-1311.9 -1763.34
4707.1 2195.4
1638.88 -1075.09
616.216 734.572
1859.58 -512.736
-561.766 1484.11
3161.78 -524.172
549.349 428.033
3839.71 267.744
2015.09 -2055.65
-755.453 1721.63
232.747 3625.29
-4206.86 -2714.91
811.205 -1399.09
-383.401 998.313
-1857.8 665.692
2129.54 635.822
3301.23 2229.96
1355.53 -2377.83
-1733.46 1833.85
638.774 335.195
-1749.25 679.733
-1442.11 2962.73
-3183.28 -2164.85
425.917 -3528.13
1377.51 2247.44
-2607.93 -1041.41
-966.554 2467.8
-288.93 431.797
-359.339 3634.93
488.198 -64.7857
-955.867 -3832.31
-1546.2 2755.2
-30.4868 -163.057
786.659 -211.778
31.5851 1985.88
-1224.45 -4927.23
382.266 2675.51
-744.923 -580.244
2825.34 12.3018
496.511 1269.34
1408.49 -3074.47
-1905.52 530.262
-2036.49 376.374
-4650.4 -2218.24
1536.93 299.305
3075.29 -2324.96
-2963.92 1987.09
-4595.41 -636.612
4230.34 1394.01
-207.106 -70.8158
2888.63 -1037.32
-1202.15 4084.31
-61.322 -1659.71
-2878.01 -3510.46
66.9904 -397.659
-938.53 -2235.97
-1599.41 2346.83
1557.27 3866.21
1384.42 950.798
4038.28 1423.98
-664.458 -1710.05
-3214.52 1474.85
508.565 -1854.11
-1805.85 -1564.5
749.457 288.035
2750.83 2218.98
735.423 203.036
-3859.87 2890.51
681.946 -823.939
-2890.59 -568.382
839.926 491.59
-3597.86 -341.033
2030.9 -1469.88
-1728.02 4459.92
-4150.65 2908.38
4506.85 1751.64
1031.77 2463.84
1551.55 1264.02
-979.984 2087.45
1557.74 -1961.7
2881.32 116.91
486.86 -1075.94
306.635 1488.53
290.987 -255.592
2120.13 160.215
1740.19 -820.564
-1841.63 1077.9
30.5744 195.324
-285.963 -95.0367
-2487.48 -3152.58
2269.01 4506.82
-3996.33 3286.74
-629.794 -2524.82
-286.269 -4412.9
1158.09 2242.81
-2558.73 -513.467
2489.96 -1455.49
3633.35 -1489.13
5051.73 -904.343
254.24 -2414.94
-1634.35 -3597.83
-3421.48 -4025.14
3451.56 3259.63
4457.67 -1616.71
-3961.03 2604.73
3389.41 -2887.85
-3218.87 1194.84
2169.72 3624.5
2369.69 2682.91
-3266.63 -1765.11
-1233.77 1313.55
-830.816 -439.789
-233.6 1734.91
-612.196 698.18
3519.34 -686.522
1113.99 -1280.53
-2361.69 457.185
-142.904 2403.4
1840.8 -572.582
-116.024 -1104.21
3636.05 -2009.43
5041.42 1666.77
-2890.45 3378.52
-4111.07 25.3066
1482.09 3020.12
-4663.76 340.057
4716.5 -2306.58
-2209.46 1535.37
753.259 4.93298
4443.4 -1890.23
860.065 -805.186
-1003.07 -4080.1
-3264.27 -1063.45
-1554.6 3202.62
3734.05 -1272.23
1668.32 -3621.6
1210.14 -2560.55
-1355.39 3622.92
474.209 -93.7291
-1626.06 1077.71
80.078 -1066.24
-2559.35 3939.63
3311.55 64.0287
-2049.49 -3063.41
-1241.66 -44.5218
3401.94 3655.23
470.946 464.014
-872.035 -682.156
-3149.3 -278.721
2693.37 -2747.61
3891.09 1145.85
2533.29 -782.88
-4730.07 -1044.6
711.297 4434.91
-176.505 359.155
-1099.38 -448.842
254.086 -655.815
-2460.09 -3828.79
105.467 4486.02
1339.11 727.375
-79.4925 -31.3243
-550.498 1628.58
3579.83 3314.01
2627.91 -101.623
3579.33 768.147
-799.913 1082.82
-3404.78 3529.11
-816.758 962.886
4410.61 1889.09
-207.643 -240.164
-120.024 -186.24
109.619 274.402
-4742.82 -1766.66
1602.42 1222.23
-758.957 -5240.32
-102.993 -417.426
2348.65 -1288.73
1133.8 1915.76
5099.75 507.83
3550.21 1689.85
1660.81 1718.76
3011.58 3492.68
1898.62 1650.09
-438.088 -772.23
-4164.72 1389.35
-2479.4 -634.038
1619.26 855.098
-2727.2 1055.93
-3582.9 3606.21
1186.76 1886.25
282.329 -649.865
-1175.91 -322.665
3728.37 -3296.16
-225.572 948.52
1966.7 -1101.18
-1720.82 1207.69
123.367 -1672.16
-577.851 -540.551
2605.29 4595.7
-4158.71 -2174.69
-169.934 -4324.71
4279.99 -621.95
4089.87 -2756.76
-160.52 -433.358
-3778.03 -95.7734
3066.98 -2471.93
-442.674 1171.49
-1180.61 3744.19
-997.446 3151.78
2277.12 3954.06
429.007 929.843
165.656 -148.812
476.16 -1482.55
1353.95 -1728.68
-2955.02 -616.09
-474.692 3122.34
-4976.09 159.411
615.525 4987.09
649.624 583.851
-306.07 -2724.71
2022.04 -1065.99
71.1025 302.899
932.142 3261.85
816.502 -135.411
1466.09 3041.44
320.476 -3376.73
-666.934 -2572.88
-1704.53 -2307.73
718.641 -4446.44
-1103.87 1992.6
825.602 81.6978
194.291 -4249.29
-1240.6 -286.783
-1639.27 -674.698
-96.2177 1234.71
374.023 -3281.27
-1032.97 937.797
1116.56 -1461.23
-2186.02 -2701.36
3999.63 1337.11
1165.72 3038.48
1449.05 713.686
1572.61 4239.62
-3028.48 -837.362
-8.19134 -4797.21
-1743.08 838.327
-1981.19 -2150.81
2116.08 -45.3549
-3727.71 -2519.49
200.604 -143.335
2770.63 286.314
-794.57 3484.77
1808.08 2329.93
-1004.62 -4144.85
-1878.51 -2049.81
1758.11 230.062
-4752.11 4.66456
2928.28 -2119.54
781.782 -840.123
1063.84 -1784.44
-1324.63 2752.68
4775.53 -924.209
-483.845 -1115.83
-1626.11 3195.64
1801.92 -2875.12
237.561 1714.56
1522.61 1274.97
-876.088 -5194.97
2805.34 -503.493
-2050.03 2841.96
-147.794 537.776
1483.77 -2726.51
1193.1 1014.7
457.082 548.585
-1705.01 2614.03
-1789.28 -3010.37
3482.92 670.061
-171.235 818.991
-2460.4 -1085.66
722.78 2956.89
-1486.61 1520.52
2415.65 -1136.31
776.977 2850.81
412.915 -184.02
3043.09 -4007.57
-3138.27 -416.081
468.864 1986.33
-995.461 185.625
1647.22 -3573.05
-1061.43 -394.188
483.193 -5127.99
-613.525 3268.67
351.001 4.32375
2503.92 -1026.99
2209.96 -2409.13
112.189 123.248
-32.1995 -351.598
361.953 -284.045
308.971 696.151
3328.84 -466.256
1823.92 102.496
-1268.37 -1145.14
277.588 -1194.56
16.6201 1375.49
23.754 -2856.33
71.4627 -3509.05
1298.55 -852.559
-212.966 -190.481
-441.277 -291.418
-3748.72 -3130.29
-438.434 470.271
-68.1902 265.724
-1013.26 -740.714
808.436 -771.925
120.96 -240.532
2842.63 -2690.51
2730.13 3630.2
1816.21 3729.47
-169.488 3838.74
598.736 2122.7
180.885 -171.271
-1533.72 2786.22
-3411.93 -1034.47
497.989 -1687.27
-374.846 386.255
-2798.05 -371.419
-2264.33 2984.87
2363.49 2580.09
1627.64 -1875.58
-849.016 952.642
-1111.39 3050.33
3492.65 -3186.34
-1818.67 -1150.09
1618.16 -869.733
4664.17 -2134.35
-3983.14 1033.8
788.473 2206.82
1192.81 -354.068
-830.19 -171.139
-1463.77 -916.536
2258.3 2410.13
129.387 1018.08
-4112.41 3373.47
591.824 -1754.91
-36.2891 -2093.69
-447.945 -904.024
2236.71 -781.356
-109.182 66.1782
-783.495 3611.38
287.683 -806.033
1565.81 4417.82
-2808.5 3567.44
-2412.62 2749.67
214.053 -100.177
198.132 1139.57
-970.94 1540.87
-1255.97 -4501.38
-112.048 -2941.82
-41.0909 56.4351
-3152.1 -2035.13
-4597.01 1126.98
-969.035 -288.662
2125.49 489.577
207.658 -102.947
-871.937 1847.17
-1330.9 -1603.88
-4536.05 821.021
593.818 1035.68
3530.46 726.611
315.769 -2008.36
-2490.56 -2413.59
-441.363 -98.0484
2086.93 4116.73
1565.46 4954.38
-3574.69 -1967.91
3340.83 -335.903
1979.16 -3373.7
2565.05 1174.5
149.01 23.0575
4100.66 2513.38
602.462 -1810.01
1214.13 -364.913
-224.908 -2208.72
-1197.96 -2764.3
-3476.94 1592.27
-498.041 -156.037
-5.81741 -445.825
-1252.58 2293.47
-2118.45 4307.02
-651.22 1583.72
-1640.07 -1499.68
-281.829 442.467
321.305 2847.18
675.147 455.494
-4781.44 514.745
-192.064 -1166.59
-831.883 -2600.5
1436.31 2762.08
3353.12 1464.62
-2028.33 1593.71
900.913 -1566.12
3350.53 -3545.3
-1512.37 62.3122
-1384.89 -1182.01
-37.5725 56.688
550.135 509.148
-652.202 880.525
-144.558 -316.339
-930.919 -732.028
3022.41 -1647.25
-912.272 1371.42
922.637 2475.74
-2465.09 367.01
754.569 -3328.05
767.855 -2853.27
3120.43 -3895.26
4508.57 1496.63
1746.97 1982.45
-1282.6 449.038
5018.31 -1800.57
219.255 -395.2
-872.355 -5078.52
1012.16 3462.93
2035.09 -3531.42
-1781.82 764.106
-1497.18 1467.62
-311.15 -18.9684
-1535.8 -4221.82
2003.25 -316.181
1727.43 -87.055
-163.952 867.407
717.55 877.212
-547.958 -2186.98
-134.255 218.535
1201.15 -1921.09
938.399 2795.35
293.505 2702.93
2356.4 1341.52
-2937.62 990.257
-33.9185 -4978.84
1114 426.662
2559.72 2848.8
-4741.46 -1259.62
-736.31 -1447.72
2509.61 576.452
166.034 -54.4213
4257.98 1743
-4355.71 -1801.92
1753.41 2533.75
-229.202 1044.72
-1077.7 3405.55
177.67 1031.64
3147.28 -1398.99
639.687 4059.02
405.823 -1635.81
-284.429 -3225.3
-275.035 -250.391
-3739.22 604.306
1719.99 1063.23
122.535 2463.12
1455.36 -218.637
5001.14 1270.09
-1513.48 -3812.21
517.165 88.9051
-116.321 -5214.82
-2844.2 3559.35
-1358.75 -238.589
2546.24 2729.73
-3623.78 -261.302
4006.23 -977.946
580.744 4876.23
-298.665 1821.53
3802.16 -626.218
-77.5926 -30.1631
2454.57 1087.14
2779.33 -2148.72
1406.83 2408.34
2497.15 -4340.27
-4253.2 -310.772
-905.769 3505.37


1721.01 -1477.03
-257.14 -684.791
-2463.84 -22.5424
-139.242 -4106.85
-2261.96 1608.41
-165.341 2607.9
-715.105 -143.973
721.687 4083.61
2461.06 875.272
-4713.45 -960.035
2516.66 -202.757
3196.39 2672.23
37.931 -62.7344
-289.155 26.8133
1557.5 -842.004
-2053.95 3305.72
-3600.42 1058.9
-486.774 1836.42
-1223.89 -4366.95
-1303.26 -1769.36
4704.19 2201.44
1644.7 -1065.51
605.429 746.944
1861.83 -501.942
-572.324 1478.53
3163.06 -515.559
538.255 442.881
3839.37 276.675
2022.14 -2048.93
-765.441 1716.51
224.689 3625.65
-4203.16 -2720.39
823.66 -1393.6
-398.871 994.509
-1860.4 655.448
2127.01 647.299
3296.67 2236.8
1364.16 -2373.01
-1740.61 1826.9
630.447 352.031
-1754.59 668.422
-1449.93 2958.84
-3178.82 -2171.02
433.876 -3526.96
1368.97 2252.77
-2604.38 -1050.44
-976.021 2464.24
-308.164 418.739
-368.081 3634.21
491.491 -41.1033
-947.695 -3834.48
-1553.14 2750.82
11.9837 -166.953
789.97 -193.87
20.2749 1985.88
-1216.96 -4929.25
373.074 2676.45
-737.461 -594.704
2824.96 21.3177
483.572 1274.52
1415.92 -3070.82
-1908.61 519.179
-2038.58 365.295
-4647.44 -2224.22
1534.08 311.675
3079.61 -2318.83
-2968.28 1980.26
-4594.39 -644.045
4227.95 1401.21
-192.645 -104.731
2891.46 -1028.91
-1209.94 4082.12
-49.5972 -1658.93
-2872.05 -3515.42
92.7213 -391.839
-929.062 -2239.82
-1607.96 2341.42
1550.21 3868.95
1377.12 960.503
4035.69 1431.47
-653.322 -1714.37
-3218.47 1466.74
519.612 -1850.88
-1799.08 -1571.27
745.05 304.068
2745.41 2225.78
731.92 219.973
-3863.72 2885.08
691.831 -812.349
-2888.51 -576.736
832.507 506.332
-3596.84 -348.711
2037.49 -1461.44
-1734.62 4457.28
-4155.25 2902.1
4504.28 1757.75
1022.51 2467.89
1544.19 1271.44
-990.085 2083.06
1564.98 -1955.4
2880.48 125.485
500.442 -1069.74
293.966 1490.54
307.3 -233.753
2118.47 170.198
1743.85 -810.442
-1846.37 1068.61
-9.40874 193.483
-274.637 -123.602
-2481.37 -3157.25
2262.9 4509.8
-4001.27 3280.95
-619.368 -2528.12
-277.911 -4413.68
1148.62 2248.41
-2557.04 -523.871
2494.1 -1447.67
3636.85 -1481.15
5052.7 -897.995
264.816 -2414.03
-1626.62 -3601.53
-3416.43 -4029.29
3446.27 3265.41
4460.21 -1609.73
-3965.25 2598.41
3393.85 -2882.37
-3222.54 1186.05
2162.59 3629.01
2363.04 2689.12
-3262.64 -1772.56
-1241.59 1305.17
-825.079 -455.341
-246.697 1734.42
-626.079 689.098
3520.71 -678.572
1121.99 -1272.08
-2363.67 446.96
-153.571 2402.98
1844.95 -561.181
-100.858 -1104.58
3639.96 -2002.44
5039.19 1673.89
-2895.55 3373.87
-4110.89 18.0512
1474.82 3023.29
-4664.44 332.244
4719.3 -2300.63
-2214.82 1527.39
751.147 23.9665
4446.54 -1883.13
871.197 -794.826
-995.132 -4082.17
-3261.5 -1070.92
-1562.35 3198.89
3736.86 -1264.31
1675.05 -3618.28
1217.87 -2556.38
-1362.91 3620.05
479.018 -68.836
-1631.08 1068.32
95.9616 -1066.41
-2565.44 3935.63
3311.72 73.6142
-2042.81 -3067.66
-1239.43 -58.3386
3396.34 3660.66
457.411 477.727
-864.916 -696.286
-3148.43 -287.585
2699.62 -2741.7
3888.81 1153.15
2536.38 -773.274
-4728.5 -1051.83
704.239 4435.91
-199.624 346.215
-1094.46 -463.13
272.04 -647.205
-2453.58 -3833.05
98.415 4486.02
1334.09 740.524
-35.3874 -78.2127
-563.297 1625.54
3574.94 3319.23
2628.44 -91.4769
3577.43 775.599
-810.86 1074.33
-3410.53 3523.78
-827.91 953.629
4407.66 1896.23
-186.124 -260.614
-87.5371 -202.255
80.967 284.336
-4740.29 -1773.65
1595.59 1231.67
-751.853 -5241.4
-77.5724 -418.821
2352.8 -1280.41
1124.56 1921.01
5099.03 514.82
3546.68 1697.6
1653.47 1724.96
3005.75 3497.81
1892.01 1657.12
-422.226 -779.119
-4167.57 1381.48
-2477.27 -644.697
1614.08 866.503
-2731.23 1046.65
-3588.44 3600.9
1177.33 1893.1
298.854 -638.444
-1170.38 -335.652
3732.75 -3291.04
-241.74 945.273
1970.79 -1092.24
-1727.21 1198.57
135.779 -1671.16
-567.311 -554.031
2599.49 4598.89
-4155.33 -2181
-161.682 -4325.21
4280.92 -614.661
4093.49 -2751.14
-137.17 -443.591
-3777.55 -103.249
3071.84 -2465.75
-454.543 1164.58
-1187.84 3741.73
-1005.61 3149.07
2270.16 3958.27
414.68 937.253
187.879 -119.294
488.391 -1478.46
1362.56 -1721.96
-2952.85 -624.181
-484.321 3121.2
-4976.13 152.874
608.676 4987.86
638.258 596.995
-296.043 -2726.08
2027.4 -1056.41
41.2243 307.437
924.306 3263.77
821.155 -119.209
1458.31 3045.05
329.383 -3375.97
-657.982 -2574.69
-1697.04 -2313
725.552 -4445.16
-1114.01 1987.6
824.846 99.3
202.17 -4248.96
-1238.37 -301.35
-1634.3 -685.357
-110.644 1233.29
382.247 -3280.07
-1043.66 928.236
1125.85 -1453.94
-2179.56 -2706.3
3997.15 1344.48
1157.86 3041.18
1444.25 726.289
1565.84 4242.01
-3026.15 -846.528
-0.394086 -4797.34
-1748.23 827.814
-1974.09 -2157.75
2116.39 -34.178
-3723.63 -2525.25
218.59 -111.837
2769.47 295.596
-802.491 3482.81
1800.69 2335.6
-996.421 -4147.08
-1871.27 -2056.73
1755.46 240.97
-4752.17 -2.87996
2933.3 -2112.64
791.005 -828.734
1073.38 -1778.67
-1332.81 2748.67
4777.05 -916.786
-470.668 -1123.28
-1633.65 3191.78
1808.53 -2870.6
226.24 1714.78
1515.23 1283.69
-869.383 -5196.05
2806.42 -494.815
-2057.57 2836.81
-169.669 529.381
1490.9 -2722.17
1184.77 1024.7
443.59 560.424
-1712.92 2609.02
-1781.58 -3015.19
3481.43 679.015
-188.65 815.36
-2456.41 -1094.54
713.416 2959.44
-1494.92 1512.77
2419.72 -1127.45
768.028 2853.17
425.497 -161.6
3048.66 -4003.3
-3136.79 -424.179
458.595 1987.78
-995.383 169.871
1654.63 -3569.64
-1057.05 -409.028
490.944 -5127.43
-622.878 3267.23
345.113 30.9538
2507.24 -1018.19
2215.83 -2403.32
78.6664 149.193
-2.82614 -351.203
378.753 -267.748
293.438 704.29
3329.74 -458.056
1824.36 115.333
-1259.84 -1153.18
292.876 -1193.64
2.27696 1377.23
33.6223 -2856.45
79.3904 -3508.61
1307.37 -841.922
-188.065 -207.72
-427.747 -308.786
-3743.98 -3136.05
-453.124 456.314
-97.5996 259.729
-1005.17 -752.997
820.198 -761.662
149.51 -224.103
2847.72 -2684.86
2723.69 3635.29
1808.75 3733.28
-178.128 3838.52
588.477 2125.32
203.982 -144.398
-1541.64 2781.86
-3409.55 -1043.42
509.96 -1684.03
-388.374 369.607
-2796.92 -381.231
-2271.42 2979.71
2356.83 2586.63
1634.54 -1868.94
-858.795 942.593
-1119.87 3047.28
3498.06 -3180.61
-1812.7 -1158.96
1622.36 -859.547
4667.37 -2127.58
-3984.91 1026.46
778.453 2210.51
1197.79 -340.14
-826.327 -188.425
-1457.51 -927.591
2251.53 2417.02
113.766 1022.2
-4116.65 3368.22
602.217 -1750.59
-25.9349 -2093.1
-433.489 -911.333
2240.51 -771.245
-126.923 18.6434
-792.013 3609.65
303.392 -797.914
1559.1 4420.1
-2814.06 3562.94
-2419.13 2744.05
225.016 -67.7057
183.674 1139.57
-980.949 1534.43
-1249 -4503.25
-102.758 -2942.12
-69.016 -8.95234
-3147.68 -2041.7
-4598.72 1119.89
-966.103 -304.641
2122.52 499.29
217.168 -67.6023
-883.104 1842.73
-1322.43 -1609.91
-4537.58 813.255
580.893 1042.95
3528.88 735.578
326.81 -2006.48
-2484.3 -2420.46
-438.495 -122.516
2080.66 4119.74
1559.17 4956.25
-3570.88 -1974.7
3342.16 -326.42
1986.02 -3369.61
2561.03 1183.01
137.166 66.531
4097.01 2519.06
614.042 -1806.61
1217.87 -351.125
-213.983 -2209.97
-1189.11 -2768.42
-3480.14 1585
-490.556 -178.619
16.9917 -446.862
-1260.41 2288.61
-2125.46 4303.69
-663.686 1579.75
-1632.75 -1507.84
-301.374 429.786
312.645 2847.67
666.037 470.72
-4782 508.052
-177.693 -1166.9
-822.099 -2604.09
1428.63 2765.71
3349.75 1472.22
-2034.84 1585.72
910.381 -1559.75
3356.44 -3539.97
-1511.7 49.804
-1377.45 -1192.46
-71.877 -11.0167
539.13 522.118
-665.035 871.644
-116.655 -326.231
-922.667 -744.867
3025.99 -1640.08
-923.95 1365.02
913.083 2479.56
-2465.91 357.619
763.24 -3326.16
775.919 -2850.6
3126.24 -3890.67
4506.22 1504.08
1739.51 1989.06
-1289.35 435.993
5020.91 -1793.63
242.943 -383.811
-865.782 -5079.55
1003.86 3465.44
2041.77 -3527.48
-1785.3 753.828
-1506.29 1459.69
-314.653 -49.1812
-1529.21 -4224.02
2004.65 -305.23
1727.39 -75.2047
-180.95 864.019
705.053 885.282
-537.727 -2189.3
-163.336 203.087
1210.33 -1915.41
929.05 2798.86
284.632 2703.33
2351.58 1350.44
-2940.66 981.465
-26.7316 -4978.88
1108.62 440.495
2553.62 2854.25
-4739.6 -1266.06
-724.978 -1453.54
2507.18 585.809
173.745 -13.6287
4255.11 1750.15
-4352.84 -1809.01
1746.27 2538.22
-245.053 1043.19
-1086.16 3403.01
162.279 1036.18
3150.55 -1391.29
631.292 4060.55
418.866 -1633.75
-275.686 -3225.98
-256.076 -269.65
-3740.96 595.435
1713.74 1071.73
112.951 2463.09
1456.92 -205.567
4999.4 1276.78
-1506.37 -3814.91
512.877 111.298
-109.763 -5214.86
-2850.58 3554.42
-1355.99 -251.946
2539.88 2735.97
-3623.39 -270.355
4007.72 -970.863
572.966 4877.31
-311.427 1820.62
3803.57 -617.979
-33.3349 -79.0745
2450.68 1096.71
2783.93 -2142.29
1398.51 2413.17
2503.5 -4336.65
-4252.47 -317.849
-913.068 3503.15


1727.47 -1468.97
-238.202 -689.614
-2463.08 -31.8931
-131.649 -4106.98
-2267.34 1600.61
-176.201 2607.85
-711.858 -162.379
713.908 4084.98
2457.74 884.786
-4711.99 -967.307
2517.29 -192.851
3191.18 2678.68
68.921 6.4619
-294.343 -6.21365
1562.55 -831.419
-2060.86 3301.41
-3602.89 1050.78
-498.889 1834
-1216.21 -4369.25
-1294.58 -1775.33
4701.27 2207.49
1650.47 -1055.9
594.461 759.094
1864.02 -491.13
-582.845 1472.85
3164.31 -506.943
526.736 457.378
3839.02 285.604
2029.18 -2042.19
-775.399 1711.32
216.63 3625.99
-4199.44 -2725.87
836.064 -1388.03
-414.256 990.491
-1862.94 645.183
2124.44 658.761
3292.1 2243.63
1372.77 -2368.16
-1747.73 1819.92
621.673 368.617
-1759.86 657.086
-1457.74 2954.93
-3174.35 -2177.18
441.832 -3525.77
1360.41 2258.08
-2600.79 -1059.46
-985.474 2460.64
-326.802 404.872
-376.82 3633.47
493.667 -17.3276
-939.519 -3836.63
-1560.07 2746.42
53.6806 -159.896
792.891 -175.866
8.96407 1985.81
-1209.47 -4931.26
363.876 2677.36
-729.769 -608.979
2824.54 30.3333
470.583 1279.56
1423.34 -3067.16
-1911.64 508.079
-2040.61 354.205
-4644.47 -2230.2
1531.12 324.023
3083.92 -2312.68
-2972.63 1973.42
-4593.35 -651.477
4225.55 1408.42
-172.801 -135.72
2894.26 -1020.5
-1217.72 4079.91
-37.8696 -1658.05
-2866.08 -3520.37
118.06 -384.361
-919.576 -2243.63
-1616.49 2335.98
1543.14 3871.67
1369.75 970.154
4033.08 1438.97
-642.159 -1718.63
-3222.39 1458.61
530.639 -1847.59
-1792.29 -1578.01
740.263 319.945
2739.97 2232.57
727.98 236.778
-3867.56 2879.65
701.565 -800.583
-2886.39 -585.085
824.849 520.929
-3595.8 -356.386
2044.04 -1452.97
-1741.22 4454.64
-4159.85 2895.81
4501.71 1763.87
1013.23 2471.89
1536.78 1278.82
-1000.17 2078.63
1572.19 -1949.06
2879.6 134.058
513.944 -1063.37
281.275 1492.45
322.133 -210.789
2116.76 180.176
1747.45 -800.289
-1851.07 1059.29
-48.9864 183.659
-260.461 -150.884
-2475.25 -3161.9
2256.78 4512.77
-4006.2 3275.14
-608.932 -2531.38
-269.551 -4414.44
1139.14 2253.98
-2555.31 -534.267
2498.21 -1439.84
3640.34 -1473.17
5053.67 -891.645
275.387 -2413.07
-1618.89 -3605.21
-3411.38 -4033.43
3440.97 3271.2
4462.74 -1602.74
-3969.45 2592.09
3398.29 -2876.89
-3226.2 1177.26
2155.44 3633.51
2356.38 2695.31
-3258.64 -1780
-1249.37 1296.73
-819.08 -470.749
-259.781 1733.86
-639.757 679.79
3522.05 -670.618
1129.94 -1263.56
-2365.61 436.726
-164.236 2402.52
1849.03 -549.759
-85.673 -1104.73
3643.85 -1995.44
5036.94 1681.01
-2900.65 3369.22
-4110.7 10.7956
1467.55 3026.45
-4665.12 324.429
4722.09 -2294.67
-2220.15 1519.4
748.564 42.9849
4449.68 -1876.04
882.188 -784.339
-987.194 -4084.23
-3258.71 -1078.37
-1570.09 3195.14
3739.66 -1256.39
1681.78 -3614.95
1225.58 -2552.18
-1370.42 3617.17
482.674 -43.777
-1636.04 1058.88
111.825 -1066.36
-2571.52 3931.61
3311.87 83.1992
-2036.11 -3071.89
-1237.02 -72.1474
3390.73 3666.08
443.452 490.997
-857.631 -710.282
-3147.53 -296.446
2705.85 -2735.77
3886.52 1160.45
2539.44 -763.657
-4726.91 -1059.06
697.178 4436.89
-221.878 331.776
-1089.37 -477.345
289.784 -638.094
-2447.07 -3837.31
91.3622 4486.02
1328.98 753.618
29.3845 -81.0587
-576.067 1622.41
3570.05 3324.45
2628.94 -81.3292
3575.52 783.047
-821.719 1065.72
-3416.28 3518.43
-838.954 944.248
4404.7 1903.37
-163.007 -278.828
-52.6452 -212.706
51.4243 291.142
-4737.75 -1780.63
1588.7 1241.06
-744.749 -5242.46
-51.8762 -418.724
2356.92 -1272.07
1115.3 1926.22
5098.3 521.808
3543.13 1705.34
1646.09 1731.12
2999.91 3502.94
1885.36 1664.12
-406.203 -785.711
-4170.42 1373.61
-2475.1 -655.346
1608.83 877.871
-2735.24 1037.35
-3593.97 3595.58
1167.88 1899.9
315.151 -626.534
-1164.68 -348.59
3737.11 -3285.91
-257.839 941.757
1974.83 -1083.27
-1733.55 1189.41
148.184 -1670.08
-556.468 -567.215
2593.69 4602.07
-4151.93 -2187.29
-153.43 -4325.69
4281.85 -607.37
4097.1 -2745.52
-113.445 -452.611
-3777.04 -110.724
3076.68 -2459.57
-466.351 1157.51
-1195.08 3739.25
-1013.76 3146.33
2263.2 3962.48
400.252 944.432
205.092 -86.5949
500.588 -1474.27
1371.14 -1715.19
-2950.65 -632.265
-493.946 3120.05
-4976.17 146.337
601.827 4988.63
626.639 609.903
-286.014 -2727.41
2032.71 -1046.81
10.956 309.062
916.464 3265.68
825.425 -102.953
1450.53 3048.64
338.288 -3375.19
-649.022 -2576.46
-1689.53 -2318.24
732.462 -4443.87
-1124.13 1982.56
823.708 116.856
210.048 -4248.61
-1235.99 -315.879
-1629.26 -695.984
-125.055 1231.7
390.468 -3278.85
-1054.26 918.587
1135.09 -1446.58
-2173.08 -2711.23
3994.65 1351.84
1149.99 3043.85
1439.37 738.848
1559.07 4244.39
-3023.78 -855.688
7.40317 -4797.47
-1753.33 817.271
-1966.97 -2164.66
2116.64 -23.0001
-3719.54 -2531.01
232.292 -78.1487
2768.28 304.874
-810.408 3480.83
1793.29 2341.24
-988.218 -4149.29
-1864.02 -2063.62
1752.73 251.867
-4752.2 -10.4245
2938.3 -2105.74
800.089 -817.199
1082.89 -1772.85
-1340.99 2744.64
4778.55 -909.361
-457.423 -1130.57
-1641.18 3187.91
1815.12 -2866.05
214.907 1714.91
1507.8 1292.36
-862.676 -5197.12
2807.47 -486.133
-2065.11 2831.64
-191.276 520.153
1498.02 -2717.81
1176.35 1034.62
429.774 571.851
-1720.82 2603.98
-1773.87 -3019.99
3479.92 687.965
-205.981 811.359
-2452.38 -1103.41
704.046 2961.97
-1503.19 1504.98
2423.76 -1118.58
759.072 2855.51
436.844 -138.709
3054.23 -3999.01
-3135.28 -432.274
448.312 1989.17
-995.051 154.072
1662.02 -3566.23
-1052.49 -423.794
498.694 -5126.86
-632.227 3265.76
336.904 57.3744
2510.54 -1009.38
2221.68 -2397.5
40.0921 165.593
26.565 -348.542
394.514 -250.717
277.729 712.005
3330.62 -449.854
1824.73 128.164
-1251.25 -1161.16
308.122 -1192.55
-12.0664 1378.83
43.4901 -2856.53
87.3175 -3508.15
1316.11 -831.226
-160.723 -222.257
-413.427 -325.583
-3739.22 -3141.8
-467.356 441.896
-125.703 250.253
-996.95 -765.181
831.806 -751.256
175.866 -204.385
2852.79 -2679.19
2717.24 3640.37
1801.28 3737.08
-186.768 3838.29
578.203 2127.88
223.298 -114.846
-1549.56 2777.48
-3407.15 -1052.37
521.907 -1680.71
-401.219 352.308
-2795.76 -391.038
-2278.5 2974.54
2350.16 2593.15
1641.42 -1862.27
-868.466 932.426
-1128.33 3044.2
3503.46 -3174.87
-1806.68 -1167.79
1626.5 -849.325
4670.57 -2120.8
-3986.66 1019.13
768.417 2214.15
1202.61 -326.165
-822.104 -205.628
-1451.18 -938.599
2244.73 2423.9
98.1177 1026.08
-4120.89 3362.95
612.585 -1746.2
-15.5799 -2092.45
-418.921 -918.408
2244.27 -761.119
-125.178 -31.7788
-800.526 3607.91
318.973 -789.454
1552.39 4422.37
-2819.62 3558.42
-2425.63 2738.41
230.913 -33.7138
169.184 1139.38
-990.916 1527.92
-1242.03 -4505.12
-93.4662 -2942.38
-28.8302 -69.2155
-3143.24 -2048.26
-4600.42 1112.79
-962.925 -320.543
2119.5 508.991
221.268 -30.5821
-894.244 1838.25
-1313.91 -1615.89
-4539.1 805.486
567.878 1050.05
3527.29 744.54
337.841 -2004.53
-2478.04 -2427.31
-434.355 -146.628
2074.38 4122.74
1552.87 4958.11
-3567.05 -1981.49
3343.47 -316.936
1992.87 -3365.5
2556.97 1191.5
113.193 104.145
4093.34 2524.73
625.599 -1803.14
1221.46 -337.292
-203.053 -2211.17
-1180.25 -2772.52
-3483.33 1577.73
-482.134 -200.86
39.7487 -446.527
-1268.23 2283.72
-2132.47 4300.36
-676.119 1575.7
-1625.4 -1515.96
-320.353 416.297
303.981 2848.12
656.6 485.714
-4782.55 501.358
-163.294 -1167.03
-812.304 -2607.64
1420.93 2769.31
3346.36 1479.81
-2041.32 1577.71
919.808 -1553.32
3362.34 -3534.63
-1510.92 37.2921
-1369.95 -1202.85
-27.391 -65.9942
527.784 534.757
-677.735 862.588
-87.9683 -333.928
-914.271 -757.589
3029.54 -1632.9
-935.573 1358.54
903.517 2483.35
-2466.68 348.221
771.906 -3324.24
783.975 -2847.91
3132.06 -3886.07
4503.86 1511.53
1732.02 1995.64
-1295.97 422.903
5023.5 -1786.68
265.92 -371.3
-859.208 -5080.56
995.554 3467.93
2048.45 -3523.53
-1788.72 743.523
-1515.36 1451.72
-315.408 -78.9673
-1522.62 -4226.2
2005.98 -294.269
1727.26 -63.3507
-197.878 860.297
692.428 893.192
-527.484 -2191.57
-189.761 184.329
1219.48 -1909.69
919.693 2802.33
275.754 2703.69
2346.73 1359.34
-2943.68 972.664
-19.5446 -4978.91
1103.06 454.261
2547.52 2859.68
-4737.73 -1272.51
-713.601 -1459.28
2504.71 595.158
171.432 27.9463
4252.24 1757.3
-4349.97 -1816.1
1739.11 2542.67
-260.851 1041.44
-1094.61 3400.45
146.851 1040.49
3153.8 -1383.58
622.894 4062.07
431.887 -1631.6
-266.942 -3226.63
-235.731 -287.45
-3742.69 586.561
1707.44 1080.2
103.365 2463.01
1458.37 -192.479
4997.65 1283.47
-1499.25 -3817.6
507.626 133.483
-103.205 -5214.88
-2856.96 3549.49
-1353.1 -265.277
2533.52 2742.2
-3622.97 -279.407
4009.21 -963.776
565.187 4878.39
-324.177 1819.63
3804.97 -609.738
29.8868 -83.2279
2446.76 1106.26
2788.52 -2135.85
1390.17 2417.97
2509.84 -4333.03
-4251.73 -324.926
-920.363 3500.9


1733.89 -1460.87
-219.099 -693.962
-2462.29 -41.2433
-124.056 -4107.11
-2272.69 1592.79
-187.058 2607.76
-708.122 -180.672
706.127 4086.33
2454.39 894.288
-4710.52 -974.577
2517.87 -182.942
3185.96 2685.12
23.7898 68.0525
-296.254 -39.1741
1567.54 -820.794
-2067.76 3297.09
-3605.33 1042.64
-510.986 1831.52
-1208.53 -4371.53
-1285.87 -1781.26
4698.35 2213.52
1656.19 -1046.25
583.319 771.02
1866.13 -480.301
-593.327 1467.07
3165.54 -498.322
514.802 471.515
3838.65 294.532
2036.19 -2035.43
-785.326 1706.06
208.569 3626.31
-4195.72 -2731.34
848.417 -1382.37
-429.552 986.262
-1865.41 634.895
2121.81 670.207
3287.52 2250.45
1381.37 -2363.27
-1754.81 1812.91
612.458 384.943
-1765.07 645.723
-1465.54 2951
-3169.86 -2183.32
449.786 -3524.56
1351.83 2263.36
-2597.17 -1068.46
-994.914 2457.01
-344.81 390.224
-385.558 3632.71
494.727 6.48736
-931.339 -3838.77
-1566.98 2742
91.9499 -142.598
795.417 -157.774
-2.34709 1985.68
-1201.98 -4933.26
354.675 2678.23
-721.852 -623.066
2824.1 39.3486
457.545 1284.48
1430.74 -3063.47
-1914.6 496.962
-2042.58 343.104
-4641.49 -2236.17
1528.06 336.35
3088.21 -2306.53
-2976.96 1966.57
-4592.31 -658.906
4223.14 1415.62
-148.159 -162.943
2897.03 -1012.08
-1225.5 4077.69
-26.1398 -1657.08
-2860.1 -3525.31
142.896 -375.248
-910.074 -2247.39
-1625 2330.51
1536.07 3874.37
1362.3 979.751
4030.46 1446.45
-630.969 -1722.81
-3226.3 1450.47
541.647 -1844.24
-1785.46 -1584.72
735.099 335.66
2734.52 2239.35
723.608 253.443
-3871.4 2874.2
711.147 -788.642
-2884.25 -593.427
816.957 535.378
-3594.74 -364.06
2050.56 -1444.48
-1747.81 4451.99
-4164.43 2889.52
4499.12 1769.98
1003.95 2475.87
1529.32 1286.15
-1010.22 2074.16
1579.38 -1942.7
2878.69 142.629
527.364 -1056.82
268.563 1494.24
335.401 -186.8
2114.98 190.149
1750.99 -790.108
-1855.72 1049.94
-86.4022 165.795
-243.577 -176.597
-2469.12 -3166.54
2250.66 4515.73
-4011.13 3269.34
-598.487 -2534.61
-261.191 -4415.19
1129.64 2259.51
-2553.55 -544.655
2502.29 -1431.99
3643.82 -1465.18
5054.62 -885.293
285.954 -2412.07
-1611.15 -3608.88
-3406.33 -4037.56
3435.66 3276.97
4465.26 -1595.75
-3973.65 2585.76
3402.71 -2871.4
-3229.83 1168.46
2148.29 3638
2349.7 2701.49
-3254.62 -1787.43
-1257.08 1288.23
-812.824 -486.01
-272.853 1733.2
-653.226 670.261
3523.38 -662.66
1137.83 -1254.97
-2367.5 426.484
-174.897 2402.01
1853.04 -538.317
-70.471 -1104.66
3647.73 -1988.43
5034.69 1688.12
-2905.73 3364.55
-4110.49 3.54003
1460.27 3029.58
-4665.78 316.613
4724.87 -2288.71
-2225.45 1511.38
745.506 61.976
4452.8 -1868.94
893.039 -773.726
-979.253 -4086.27
-3255.91 -1085.83
-1577.83 3191.37
3742.43 -1248.46
1688.51 -3611.61
1233.29 -2547.95
-1377.93 3614.26
485.173 -18.613
-1640.94 1049.41
127.664 -1066.08
-2577.59 3927.59
3312 92.7835
-2029.41 -3076.11
-1234.45 -85.9463
3385.11 3671.5
429.082 503.813
-850.183 -724.143
-3146.61 -305.305
2712.07 -2729.83
3884.22 1167.74
2542.47 -754.029
-4725.31 -1066.29
690.116 4437.86
-243.167 315.893
-1084.11 -491.485
307.303 -628.488
-2440.54 -3841.55
84.3092 4486
1323.76 766.656
78.754 -40.6608
-588.807 1619.2
3565.14 3329.67
2629.4 -71.1803
3573.59 790.491
-832.49 1057
-3422.02 3513.08
-849.89 934.744
4401.74 1910.51
-138.527 -294.712
-16.2821 -217.199
21.3161 294.748
-4735.21 -1787.6
1581.76 1250.42
-737.643 -5243.51
-25.9902 -417.092
2361.01 -1263.71
1106.01 1931.39
5097.57 528.796
3539.58 1713.07
1638.69 1737.25
2994.06 3508.05
1878.69 1671.09
-390.024 -792.003
-4173.25 1365.73
-2472.9 -665.985
1603.52 889.202
-2739.22 1028.05
-3599.49 3590.26
1158.39 1906.66
331.203 -614.139
-1158.8 -361.477
3741.47 -3280.77
-273.865 937.974
1978.83 -1074.28
-1739.84 1180.22
160.581 -1668.9
-545.329 -580.098
2587.88 4605.24
-4148.53 -2193.59
-145.177 -4326.15
4282.76 -600.077
4100.71 -2739.88
-89.4148 -460.413
-3776.52 -118.199
3081.51 -2453.37
-478.097 1150.29
-1202.3 3736.75
-1021.91 3143.57
2256.23 3966.67
385.726 951.38
216.843 -51.5892
512.751 -1469.97
1379.68 -1708.38
-2948.42 -640.343
-503.567 3118.86
-4976.19 139.799
594.976 4989.38
614.771 622.568
-275.98 -2728.72
2037.98 -1037.19
-19.4165 307.732
908.617 3267.56
829.314 -86.6483
1442.73 3052.21
347.19 -3374.38
-640.052 -2578.19
-1682 -2323.45
739.369 -4442.57
-1134.22 1977.47
822.19 134.358
217.926 -4248.24
-1233.45 -330.368
-1624.15 -706.578
-139.448 1229.94
398.686 -3277.61
-1064.75 908.849
1144.28 -1439.17
-2166.6 -2716.14
3992.13 1359.19
1142.12 3046.5
1434.39 751.361
1552.3 4246.75
-3021.39 -864.84
15.2004 -4797.58
-1758.36 806.699
-1959.82 -2171.55
2116.83 -11.8216
-3715.44 -2536.76
241.417 -42.9207
2767.06 314.148
-818.32 3478.83
1785.87 2346.86
-980.011 -4151.49
-1856.74 -2070.48
1749.92 262.752
-4752.23 -17.969
2943.29 -2098.82
809.033 -805.521
1092.36 -1766.98
-1349.15 2740.58
4780.04 -901.934
-444.111 -1137.7
-1648.71 3184.01
1821.69 -2861.49
203.564 1714.96
1500.33 1300.99
-855.968 -5198.18
2808.49 -477.445
-2072.63 2826.45
-212.58 510.098
1505.12 -2713.42
1167.85 1044.47
415.643 582.862
-1728.71 2598.93
-1766.15 -3024.77
3478.39 696.911
-223.218 806.991
-2448.32 -1112.26
694.669 2964.46
-1511.42 1497.16
2427.77 -1109.69
750.108 2857.81
446.948 -115.424
3059.79 -3994.71
-3133.75 -440.365
438.014 1990.5
-994.46 138.234
1669.41 -3562.79
-1047.73 -438.483
506.443 -5126.29
-641.571 3264.26
326.33 83.3908
2513.8 -1000.56
2227.52 -2391.66
-0.98059 171.727
55.7818 -343.6
409.22 -233.014
261.854 719.295
3331.47 -441.649
1825.02 140.99
-1242.59 -1169.09
323.325 -1191.3
-26.4086 1380.29
53.3575 -2856.58
95.2442 -3507.67
1324.76 -820.472
-131.152 -233.703
-398.337 -341.773
-3734.46 -3147.54
-481.117 427.033
-152.172 237.519
-988.595 -777.263
843.258 -740.709
199.647 -181.675
2857.86 -2673.52
2710.78 3645.45
1793.81 3740.87
-195.407 3838.03
567.916 2130.4
238.534 -83.1939
-1557.46 2773.07
-3404.73 -1061.31
533.829 -1677.3
-413.348 334.381
-2794.56 -400.842
-2285.57 2969.36
2343.47 2599.65
1648.27 -1855.57
-878.026 922.14
-1136.79 3041.09
3508.86 -3169.12
-1800.61 -1176.6
1630.57 -839.067
4673.75 -2114.02
-3988.39 1011.79
758.366 2217.76
1207.27 -312.146
-817.523 -222.742
-1444.77 -949.559
2237.92 2430.75
82.4455 1029.7
-4125.12 3357.69
622.928 -1741.74
-5.22444 -2091.73
-404.246 -925.248
2247.98 -750.978
-104.609 -77.4535
-809.035 3606.16
334.416 -780.654
1545.67 4424.62
-2825.16 3553.9
-2432.12 2732.77
231.5 1.05032
154.665 1138.98
-1000.84 1521.35
-1235.06 -4506.97
-84.1738 -2942.61
41.5858 -59.4652
-3138.78 -2054.81
-4602.11 1105.69
-959.504 -336.364
2116.43 518.679
219.534 7.23503
-905.357 1833.7
-1305.36 -1621.83
-4540.6 797.715
554.775 1057
3525.67 753.498
348.862 -2002.52
-2471.75 -2434.14
-428.98 -170.324
2068.1 4125.73
1546.58 4959.96
-3563.22 -1988.26
3344.76 -307.449
1999.71 -3361.38
2552.89 1199.99
79.4864 132.824
4089.67 2530.39
637.133 -1799.6
1224.88 -323.415
-192.118 -2212.32
-1171.38 -2776.59
-3486.51 1570.45
-472.794 -222.718
62.3848 -444.834
-1276.02 2278.79
-2139.46 4297.02
-688.516 1571.56
-1618.01 -1524.05
-338.732 402.028
295.313 2848.55
646.843 500.472
-4783.09 494.663
-148.868 -1166.97
-802.499 -2611.16
1413.23 2772.89
3342.96 1487.39
-2047.76 1569.67
929.195 -1546.81
3368.24 -3529.28
-1510.02 24.7773
-1362.38 -1213.19
41.9731 -62.9719
516.106 547.061
-690.299 853.36
-58.6837 -339.356
-905.731 -770.192
3033.08 -1625.71
-947.142 1351.98
893.937 2487.11
-2467.42 338.818
780.567 -3322.3
792.023 -2845.18
3137.86 -3881.46
4501.49 1518.98
1724.51 2002.19
-1302.46 409.768
5026.09 -1779.73
288.133 -357.722
-852.632 -5081.57
987.243 3470.4
2055.12 -3519.56
-1792.08 733.192
-1524.39 1443.71
-313.578 -108.109
-1516.03 -4228.38
2007.25 -283.299
1727.04 -51.4934
-214.729 856.244
679.676 900.939
-517.229 -2193.79
-213.239 162.704
1228.6 -1903.93
910.325 2805.77
266.874 2704.02
2341.85 1368.23
-2946.67 963.855
-12.3576 -4978.93
1097.33 467.956
2541.4 2865.1
-4735.85 -1278.95
-702.182 -1464.93
2502.21 604.497
159.124 67.8872
4249.35 1764.43
-4347.08 -1823.19
1731.94 2547.1
-276.594 1039.46
-1103.06 3397.87
131.389 1044.56
3157.02 -1375.87
614.495 4063.57
444.884 -1629.37
-258.196 -3227.26
-214.11 -303.694
-3744.4 577.684
1701.09 1088.64
93.7768 2462.88
1459.69 -179.375
4995.89 1290.16
-1492.13 -3820.26
501.422 155.416
-96.6468 -5214.9
-2863.34 3544.55
-1350.08 -278.582
2527.13 2748.42
-3622.54 -288.457
4010.68 -956.686
557.406 4879.45
-336.913 1818.57
3806.35 -601.493
77.2922 -42.3398
2442.81 1115.8
2793.1 -2129.4
1381.81 2422.74
2516.17 -4329.39
-4250.97 -332.001
-927.652 3498.63


1740.28 -1452.75
-199.845 -697.829
-2461.45 -50.5928
-116.462 -4107.22
-2278.01 1584.96
-197.913 2607.63
-703.902 -198.842
698.343 4087.67
2451 903.777
-4709.04 -981.845
2518.41 -173.03
3180.72 2691.56
-47.8675 64.0186
-295.015 -71.7209
1572.45 -810.131
-2074.65 3292.76
-3607.76 1034.5
-523.063 1828.97
-1200.84 -4373.81
-1277.13 -1787.15
4695.41 2219.56
1661.84 -1036.56
572.005 782.721
1868.18 -469.454
-603.77 1461.19
3166.74 -489.697
502.463 485.281
3838.25 303.458
2043.18 -2028.64
-795.222 1700.73
200.507 3626.61
-4191.99 -2736.8
860.718 -1376.62
-444.758 981.824
-1867.82 624.586
2119.13 681.637
3282.92 2257.26
1389.94 -2358.36
-1761.87 1805.87
602.811 400.996
-1770.2 634.336
-1473.33 2947.05
-3165.36 -2189.46
457.737 -3523.33
1343.23 2268.6
-2593.52 -1077.45
-1004.34 2453.35
-362.155 374.825
-394.294 3631.92
494.675 30.2876
-923.156 -3840.89
-1573.89 2737.55
124.448 -116.338
797.547 -139.604
-13.6582 1985.48
-1194.48 -4935.26
345.468 2679.07
-713.716 -636.963
2823.62 48.3634
444.46 1289.26
1438.14 -3059.76
-1917.5 485.828
-2044.49 331.994
-4638.5 -2242.14
1524.89 348.653
3092.49 -2300.36
-2981.27 1959.71
-4591.25 -666.334
4220.71 1422.81
-119.433 -185.676
2899.78 -1003.65
-1233.27 4075.45
-14.4085 -1656.02
-2854.12 -3530.25
167.122 -364.533
-900.556 -2251.11
-1633.5 2325.01
1528.99 3877.06
1354.77 989.295
4027.83 1453.93
-619.752 -1726.92
-3230.19 1442.33
552.635 -1840.81
-1778.6 -1591.4
729.566 351.206
2729.06 2246.11
718.807 269.957
-3875.22 2868.75
720.571 -776.527
-2882.08 -601.763
808.833 549.675
-3593.66 -371.732
2057.05 -1435.97
-1754.4 4449.33
-4169.01 2883.22
4496.53 1776.08
994.646 2479.81
1521.81 1293.45
-1020.26 2069.64
1586.54 -1936.3
2877.75 151.2
540.699 -1050.11
255.831 1495.92
347.024 -161.896
2113.15 200.117
1754.46 -779.897
-1860.32 1040.57
-119.818 140.289
-224.156 -200.471
-2462.98 -3171.16
2244.53 4518.68
-4016.04 3263.52
-588.034 -2537.79
-252.83 -4415.93
1120.12 2265
-2551.74 -555.035
2506.35 -1424.12
3647.28 -1457.18
5055.57 -878.94
296.515 -2411.02
-1603.41 -3612.53
-3401.27 -4041.68
3430.34 3282.73
4467.77 -1588.76
-3977.84 2579.43
3407.12 -2865.9
-3233.44 1159.64
2141.13 3642.47
2343.01 2707.65
-3250.58 -1794.85
-1264.74 1279.67
-806.315 -501.119
-285.912 1732.47
-666.485 660.515
3524.68 -654.699
1145.65 -1246.32
-2369.35 416.234
-185.555 2401.45
1856.99 -526.856
-55.2554 -1104.38
3651.6 -1981.42
5032.43 1695.24
-2910.81 3359.88
-4110.26 -3.71557
1452.98 3032.7
-4666.42 308.797
4727.65 -2282.74
-2230.73 1503.34
741.973 80.9277
4455.91 -1861.84
903.748 -762.99
-971.308 -4088.3
-3253.08 -1093.27
-1585.55 3187.58
3745.2 -1240.53
1695.22 -3608.25
1240.97 -2543.69
-1385.43 3611.35
486.517 6.59549
-1645.78 1039.9
143.476 -1065.57
-2583.66 3923.56
3312.1 102.367
-2022.69 -3080.31
-1231.7 -99.7332
3379.48 3676.91
414.315 516.162
-842.573 -737.867
-3145.67 -314.161
2718.28 -2723.88
3881.9 1175.03
2545.46 -744.392
-4723.71 -1073.51
683.052 4438.81
-263.395 298.632
-1078.68 -505.549
324.582 -618.39
-2434.01 -3845.79
77.2559 4485.97
1318.45 779.639
87.3144 20.5891
-601.517 1615.91
3560.23 3334.87
2629.82 -61.0305
3571.65 797.931
-843.171 1048.17
-3427.75 3507.73
-860.714 925.118
4398.76 1917.64
-112.916 -308.194
20.5423 -215.495
-9.02666 295.108
-4732.65 -1794.58
1574.77 1259.74
-730.536 -5244.56
-0.00653596 -413.885
2365.06 -1255.34
1096.69 1936.51
5096.82 535.783
3536 1720.8
1631.25 1743.35
2988.2 3513.16
1871.98 1678.04
-373.694 -797.989
-4176.07 1357.85
-2470.65 -676.614
1598.13 900.496
-2743.17 1018.73
-3605 3584.93
1148.88 1913.38
346.995 -601.26
-1152.76 -374.311
3745.82 -3275.63
-289.813 933.925
1982.78 -1065.26
-1746.08 1171
172.969 -1667.62
-533.903 -592.675
2582.06 4608.4
-4145.12 -2199.87
-136.924 -4326.61
4283.65 -592.783
4104.3 -2734.24
-65.1473 -466.995
-3775.99 -125.673
3086.33 -2447.16
-489.777 1142.92
-1209.52 3734.24
-1030.04 3140.79
2249.25 3970.85
371.105 958.097
222.84 -15.2137
524.878 -1465.58
1388.19 -1701.53
-2946.17 -648.416
-513.184 3117.65
-4976.21 133.261
588.124 4990.12
602.66 634.987
-265.943 -2729.98
2043.2 -1027.54
-49.6012 303.433
900.763 3269.42
832.824 -70.3043
1434.93 3055.76
356.091 -3373.55
-631.074 -2579.89
-1674.45 -2328.64
746.274 -4441.25
-1144.29 1972.34
820.294 151.799
225.803 -4247.86
-1230.76 -344.816
-1618.96 -717.139
-153.823 1228
406.901 -3276.34
-1075.14 899.025
1153.43 -1431.7
-2160.1 -2721.03
3989.61 1366.54
1134.23 3049.13
1429.33 763.828
1545.52 4249.11
-3018.98 -873.984
22.9976 -4797.69
-1763.33 796.099
-1952.66 -2178.42
2116.96 -0.642797
-3711.33 -2542.5
245.792 -6.84763
2765.81 323.419
-826.227 3476.81
1778.44 2352.45
-971.802 -4153.67
-1849.43 -2077.33
1747.02 273.624
-4752.25 -25.5134
2948.26 -2091.88
817.834 -793.7
1101.8 -1761.06
-1357.3 2736.5
4781.52 -894.505
-430.736 -1144.66
-1656.22 3180.1
1828.26 -2856.91
192.211 1714.92
1492.8 1309.57
-849.258 -5199.23
2809.48 -468.751
-2080.13 2821.25
-233.542 499.224
1512.22 -2709.01
1159.27 1054.25
401.21 593.447
-1736.58 2593.85
-1758.42 -3029.54
3476.84 705.853
-240.354 802.257
-2444.23 -1121.1
685.286 2966.93
-1519.62 1489.29
2431.74 -1100.78
741.136 2860.09
455.809 -91.8181
3065.34 -3990.41
-3132.19 -448.452
427.704 1991.76
-993.611 122.359
1676.8 -3559.35
-1042.79 -453.094
514.191 -5125.7
-650.911 3262.75
313.36 108.793
2517.02 -991.726
2233.34 -2385.81
-42.0029 167.474
84.6284 -336.381
422.854 -214.7
245.824 726.158
3332.3 -433.44
1825.24 153.811
-1233.86 -1176.95
338.483 -1189.88
-40.7481 1381.62
63.2242 -2856.6
103.17 -3507.17
1333.31 -809.662
-99.628 -241.658
-382.498 -357.321
-3729.68 -3153.28
-494.392 411.738
-176.705 221.761
-980.109 -789.242
854.554 -730.024
220.515 -156.314
2862.9 -2667.83
2704.32 3650.51
1786.33 3744.64
-204.044 3837.76
557.615 2132.86
249.494 -50.0476
-1565.35 2768.64
-3402.29 -1070.24
545.725 -1673.82
-424.731 315.851
-2793.33 -410.64
-2292.63 2964.16
2336.78 2606.14
1655.09 -1848.84
-887.475 911.737
-1145.23 3037.97
3514.24 -3163.37
-1794.5 -1185.38
1634.57 -828.774
4676.93 -2107.24
-3990.12 1004.44
748.3 2221.31
1211.76 -298.085
-812.584 -239.759
-1438.29 -960.472
2231.1 2437.59
66.7535 1033.08
-4129.35 3352.41
633.245 -1737.21
5.13114 -2090.96
-389.467 -931.85
2251.65 -740.822
-68.6836 -111.798
-817.541 3604.38
349.714 -771.516
1538.95 4426.87
-2830.7 3549.36
-2438.6 2727.1
226.63 35.7861
140.12 1138.39
-1010.72 1514.71
-1228.08 -4508.81
-74.8804 -2942.81
74.5343 -0.110573
-3134.31 -2061.35
-4603.79 1098.58
-955.843 -352.101
2113.3 528.354
211.703 44.8422
-916.442 1829.1
-1296.77 -1627.72
-4542.09 789.941
541.587 1063.78
3524.04 762.453
359.872 -2000.45
-2465.45 -2440.96
-422.412 -193.546
2061.81 4128.71
1540.28 4961.8
-3559.36 -1995.03
3346.02 -297.961
2006.54 -3357.24
2548.77 1208.46
39.0798 150.327
4085.98 2536.04
648.643 -1796
1228.15 -309.497
-181.179 -2213.41
-1162.5 -2780.63
-3489.66 1563.16
-462.554 -244.152
84.8322 -441.794
-1283.8 2273.83
-2146.46 4293.67
-700.877 1567.35
-1610.58 -1532.1
-356.479 387.008
286.643 2848.94
636.772 514.986
-4783.61 487.966
-134.419 -1166.73
-792.684 -2614.65
1405.51 2776.44
3339.54 1494.97
-2054.18 1561.61
938.541 -1540.23
3374.12 -3523.92
-1509.01 12.2606
-1354.76 -1223.48
72.3719 2.67644
504.105 559.021
-702.727 843.962
-28.9971 -342.458
-897.049 -782.675
3036.59 -1618.51
-958.656 1345.34
884.345 2490.83
-2468.11 329.408
789.223 -3320.34
800.063 -2842.42
3143.66 -3876.84
4499.11 1526.42
1716.97 2008.72
-1308.81 396.592
5028.67 -1772.78
309.532 -343.132
-846.054 -5082.57
978.926 3472.85
2061.79 -3515.58
-1795.37 722.834
-1533.37 1435.66
-309.333 -136.42
-1509.43 -4230.54
2008.46 -272.321
1726.73 -39.6335
-231.498 851.86
666.8 908.521
-506.962 -2195.96
-233.546 138.654
1237.69 -1898.12
900.949 2809.19
257.989 2704.32
2336.93 1377.09
-2949.63 955.038
-5.17061 -4978.94
1091.43 481.578
2535.27 2870.5
-4733.97 -1285.38
-690.719 -1470.48
2499.66 613.827
137.423 103.814
4246.45 1771.57
-4344.19 -1830.28
1724.75 2551.5
-292.278 1037.26
-1111.5 3395.27
115.898 1048.39
3160.23 -1368.14
606.093 4065.06
457.857 -1627.04
-249.447 -3227.86
-191.329 -318.292
-3746.09 568.805
1694.68 1097.04
84.1872 2462.72
1460.9 -166.257
4994.12 1296.84
-1485 -3822.92
494.276 177.058
-90.0883 -5214.9
-2869.7 3539.6
-1346.92 -291.86
2520.74 2754.63
-3622.08 -297.505
4012.13 -949.593
549.625 4880.51
-349.635 1817.43
3807.71 -593.246
85.0975 20.7954
2438.83 1125.32
2797.65 -2122.93
1373.44 2427.49
2522.5 -4325.75
-4250.2 -339.076
-934.937 3496.35


1746.62 -1444.59
-180.451 -701.208
-2460.57 -59.9413
-108.867 -4107.31
-2283.31 1577.1
-208.765 2607.47
-699.202 -216.877
690.557 4089
2447.57 913.252
-4707.54 -989.111
2518.92 -163.116
3175.47 2697.98
-87.7508 12.3019
-290.788 -103.544
1577.28 -799.43
-2081.53 3288.41
-3610.17 1026.36
-535.121 1826.34
-1193.15 -4376.07
-1268.36 -1793
4692.46 2225.58
1667.44 -1026.84
560.526 794.194
1870.16 -458.589
-614.173 1455.22
3167.92 -481.069
489.729 498.667
3837.85 312.384
2050.15 -2021.83
-805.087 1695.34
192.445 3626.89
-4188.25 -2742.26
872.966 -1370.8
-459.87 977.18
-1870.17 614.255
2116.41 693.052
3278.31 2264.06
1398.5 -2353.42
-1768.91 1798.8
592.74 416.767
-1775.27 622.923
-1481.11 2943.08
-3160.84 -2195.59
465.686 -3522.07
1334.61 2273.81
-2589.85 -1086.43
-1013.75 2449.65
-378.804 358.708
-403.027 3631.12
493.515 54.0201
-914.968 -3843
-1580.78 2733.09
149.229 -82.8576
799.278 -121.364
-24.9688 1985.22
-1186.99 -4937.24
336.257 2679.87
-705.364 -650.668
2823.11 57.3777
431.329 1293.91
1445.53 -3056.04
-1920.34 474.678
-2046.34 320.874
-4635.5 -2248.11
1521.62 360.933
3096.76 -2294.18
-2985.57 1952.84
-4590.18 -673.761
4218.28 1430.01
-87.4401 -203.332
2902.51 -995.209
-1241.04 4073.2
-2.67643 -1654.86
-2848.12 -3535.17
190.631 -352.255
-891.02 -2254.8
-1641.97 2319.49
1521.9 3879.74
1347.17 998.784
4025.18 1461.41
-608.51 -1730.96
-3234.06 1434.18
563.603 -1837.32
-1771.7 -1598.05
723.667 366.576
2723.57 2252.86
713.584 286.313
-3879.04 2863.3
729.836 -764.24
-2879.88 -610.094
800.481 563.817
-3592.56 -379.401
2063.5 -1427.43
-1760.99 4446.66
-4173.58 2876.92
4493.92 1782.18
985.332 2483.72
1514.25 1300.7
-1030.28 2065.08
1593.68 -1929.86
2876.78 159.768
553.949 -1043.24
243.08 1497.48
356.932 -136.191
2111.27 210.08
1757.87 -769.658
-1864.87 1031.17
-147.461 108.042
-202.398 -222.254
-2456.84 -3175.78
2238.4 4521.62
-4020.95 3257.7
-577.572 -2540.94
-244.468 -4416.65
1110.58 2270.46
-2549.9 -565.407
2510.38 -1416.24
3650.72 -1449.18
5056.51 -872.585
307.071 -2409.93
-1595.65 -3616.16
-3396.2 -4045.8
3425.02 3288.49
4470.27 -1581.77
-3982.02 2573.09
3411.52 -2860.4
-3237.04 1150.83
2133.96 3646.93
2336.31 2713.8
-3246.53 -1802.27
-1272.34 1271.06
-799.557 -516.073
-298.957 1731.65
-679.529 650.557
3525.97 -646.734
1153.41 -1237.59
-2371.15 405.976
-196.21 2400.85
1860.87 -515.375
-40.029 -1103.89
3655.45 -1974.39
5030.16 1702.35
-2915.87 3355.2
-4110.02 -10.9711
1445.67 3035.79
-4667.06 300.98
4730.41 -2276.77
-2235.97 1495.29
737.964 99.8274
4459.02 -1854.73
914.313 -752.133
-963.359 -4090.31
-3250.23 -1100.71
-1593.27 3183.77
3747.94 -1232.59
1701.93 -3604.87
1248.65 -2539.4
-1392.93 3608.41
486.708 31.7885
-1650.57 1030.35
159.257 -1064.84
-2589.73 3919.52
3312.18 111.95
-2015.97 -3084.49
-1228.78 -113.506
3373.85 3682.31
399.164 528.033
-834.806 -751.453
-3144.7 -323.015
2724.48 -2717.92
3879.56 1182.31
2548.41 -734.743
-4722.09 -1080.73
675.986 4439.76
-282.468 280.062
-1073.09 -519.534
341.606 -607.806
-2427.47 -3850.01
70.2024 4485.93
1313.05 792.565
50.9154 71.3243
-614.197 1612.53
3555.31 3340.07
2630.21 -50.8797
3569.68 805.366
-853.761 1039.22
-3433.47 3502.36
-871.427 915.371
4395.77 1924.76
-86.4065 -319.226
56.7655 -207.521
-39.2696 292.209
-4730.08 -1801.54
1567.73 1269.02
-723.428 -5245.6
25.9767 -409.068
2369.09 -1246.95
1087.35 1941.58
5096.06 542.769
3532.41 1728.52
1623.78 1749.42
2982.34 3518.26
1865.25 1684.95
-357.22 -803.666
-4178.87 1349.97
-2468.37 -687.232
1592.68 911.751
-2747.09 1009.41
-3610.51 3579.59
1139.34 1920.05
362.509 -587.9
-1146.54 -387.09
3750.16 -3270.47
-305.679 929.612
1986.68 -1056.22
-1752.28 1161.74
185.347 -1666.26
-522.198 -604.941
2576.25 4611.56
-4141.69 -2206.15
-128.671 -4327.05
4284.53 -585.486
4107.88 -2728.6
-40.7098 -472.359
-3775.43 -133.146
3091.13 -2440.95
-501.39 1135.38
-1216.74 3731.71
-1038.18 3137.98
2242.27 3975.02
356.395 964.58
222.963 21.5642
536.969 -1461.08
1396.67 -1694.64
-2943.88 -656.482
-522.796 3116.42
-4976.21 126.723
581.271 4990.86
590.31 647.155
-255.903 -2731.22
2048.38 -1017.87
-79.3025 296.179
892.903 3271.26
835.954 -53.9283
1427.11 3059.29
364.989 -3372.7
-622.087 -2581.56
-1666.89 -2333.81
753.176 -4439.92
-1154.34 1967.16
818.023 169.17
233.679 -4247.47
-1227.91 -359.22
-1613.69 -727.666
-168.176 1225.9
415.113 -3275.04
-1085.43 889.115
1162.52 -1424.16
-2153.59 -2725.91
3987.06 1373.89
1126.34 3051.74
1424.18 776.248
1538.74 4251.45
-3016.54 -883.122
30.7948 -4797.78
-1768.23 785.469
-1945.48 -2185.27
2117.04 10.536
-3707.21 -2548.24
245.372 29.3605
2764.52 332.685
-834.13 3474.77
1770.98 2358.02
-963.589 -4155.84
-1842.11 -2084.14
1744.05 284.484
-4752.25 -33.0578
2953.21 -2084.94
826.489 -781.738
1111.22 -1755.09
-1365.44 2732.39
4782.98 -887.074
-417.298 -1151.46
-1663.73 3176.17
1834.81 -2852.31
180.847 1714.79
1485.22 1318.11
-842.547 -5200.27
2810.43 -460.052
-2087.63 2816.03
-254.126 487.543
1519.29 -2704.57
1150.61 1063.95
386.485 603.601
-1744.44 2588.75
-1750.68 -3034.28
3475.27 714.791
-257.381 797.161
-2440.11 -1129.92
675.896 2969.37
-1527.76 1481.38
2435.68 -1091.86
732.157 2862.34
463.43 -67.9617
3070.89 -3986.1
-3130.61 -456.536
417.38 1992.97
-992.499 106.453
1684.17 -3555.88
-1037.66 -467.624
521.939 -5125.1
-660.246 3261.21
297.978 133.357
2520.22 -982.878
2239.14 -2379.93
-80.5331 153.264
112.907 -326.906
435.405 -195.837
229.648 732.591
3333.11 -425.229
1825.38 166.624
-1225.08 -1184.75
353.595 -1188.29
-55.0836 1382.81
73.0903 -2856.58
111.096 -3506.65
1341.77 -798.796
-66.503 -245.71
-365.936 -372.193
-3724.9 -3159.01
-507.168 396.028
-199.025 203.225
-971.494 -801.118
865.691 -719.205
238.181 -128.683
2867.94 -2662.13
2697.85 3655.56
1778.84 3748.4
-212.681 3837.47
547.3 2135.27
256.08 -16.0214
-1573.22 2764.19
-3399.83 -1079.17
557.595 -1670.26
-435.337 296.743
-2792.07 -420.434
-2299.67 2958.94
2330.06 2612.61
1661.88 -1842.08
-896.81 901.217
-1153.67 3034.82
3519.62 -3157.61
-1788.34 -1194.12
1638.5 -818.445
4680.1 -2100.45
-3991.82 997.093
738.218 2224.82
1216.09 -283.984
-807.29 -256.671
-1431.74 -971.336
2224.25 2444.42
51.0457 1036.21
-4133.57 3347.13
643.536 -1732.6
15.4866 -2090.13
-374.588 -938.213
2255.28 -730.651
-22.9178 -130.182
-826.041 3602.58
364.859 -762.041
1532.22 4429.1
-2836.23 3544.82
-2445.06 2721.42
216.265 69.6502
125.55 1137.61
-1020.56 1508
-1221.11 -4510.64
-65.5863 -2942.98
34.3122 62.4116
-3129.83 -2067.88
-4605.45 1091.48
-951.942 -367.75
2110.12 538.015
197.712 81.1361
-927.5 1824.45
-1288.14 -1633.56
-4543.58 782.166
528.315 1070.4
3522.38 771.403
370.87 -1998.32
-2459.14 -2447.77
-414.691 -216.24
2055.52 4131.68
1533.97 4963.63
-3555.5 -2001.79
3347.27 -288.47
2013.37 -3353.09
2544.63 1216.91
-4.58461 155.313
4082.29 2541.69
660.129 -1792.32
1231.26 -295.538
-170.235 -2214.45
-1153.6 -2784.65
-3492.8 1555.86
-451.436 -265.123
107.024 -437.424
-1291.55 2268.84
-2153.45 4290.3
-713.202 1563.06
-1603.11 -1540.11
-373.562 371.266
277.969 2849.3
626.393 529.251
-4784.13 481.269
-119.947 -1166.29
-782.859 -2618.1
1397.78 2779.97
3336.1 1502.53
-2060.56 1553.52
947.845 -1533.59
3380.01 -3518.55
-1507.89 -0.256987
-1347.09 -1233.72
37.6445 61.2554
491.788 570.632
-715.014 834.397
0.889235 -343.198
-888.227 -795.036
3040.09 -1611.3
-970.115 1338.63
874.741 2494.52
-2468.76 319.994
797.873 -3318.35
808.095 -2839.64
3149.45 -3872.22
4496.72 1533.86
1709.41 2015.21
-1315.03 383.375
5031.23 -1765.83
330.073 -327.591
-839.475 -5083.55
970.604 3475.28
2068.44 -3511.59
-1798.6 712.45
-1542.31 1427.57
-302.842 -163.743
-1502.83 -4232.69
2009.6 -261.333
1726.34 -27.7716
-248.178 847.148
653.802 915.936
-496.684 -2198.09
-250.51 112.617
1246.76 -1892.27
891.564 2812.58
249.102 2704.58
2331.99 1385.94
-2952.58 946.213
2.01642 -4978.94
1085.36 495.126
2529.13 2875.9
-4732.07 -1291.82
-679.214 -1475.95
2497.08 623.148
107.495 133.519
4243.54 1778.7
-4341.28 -1837.35
1717.54 2555.89
-307.901 1034.85
-1119.93 3392.66
100.381 1051.99
3163.42 -1360.41
597.688 4066.53
470.805 -1624.63
-240.697 -3228.44
-167.508 -331.161
-3747.76 559.923
1688.22 1105.41
74.5961 2462.51
1461.99 -153.125
4992.34 1303.52
-1477.87 -3825.56
486.203 198.368
-83.5296 -5214.9
-2876.06 3534.63
-1343.63 -305.108
2514.34 2760.82
-3621.61 -306.552
4013.57 -942.496
541.842 4881.55
-362.342 1816.21
3809.06 -584.996
49.7797 73.239
2434.81 1134.83
2802.2 -2116.45
1365.05 2432.21
2528.82 -4322.09
-4249.41 -346.149
-942.216 3494.05


1752.92 -1436.4
-160.93 -704.095
-2459.64 -69.2889
-101.273 -4107.39
-2288.58 1569.23
-219.613 2607.27
-694.025 -234.764
682.768 4090.31
2444.11 922.714
-4706.04 -996.374
2519.38 -153.198
3170.21 2704.4
-82.5912 -47.4085
-283.764 -134.374
1582.04 -788.691
-2088.4 3284.05
-3612.57 1018.21
-547.158 1823.65
-1185.46 -4378.31
-1259.55 -1798.8
4689.51 2231.61
1672.98 -1017.08
548.885 805.439
1872.07 -447.709
-624.536 1449.15
3169.07 -472.437
476.611 511.661
3837.42 321.308
2057.1 -2015
-814.92 1689.88
184.381 3627.16
-4184.51 -2747.71
885.162 -1364.89
-474.885 972.332
-1872.46 603.904
2113.63 704.45
3273.69 2270.86
1407.05 -2348.45
-1775.91 1791.71
582.253 432.246
-1780.26 611.486
-1488.88 2939.09
-3156.31 -2201.71
473.632 -3520.8
1325.97 2278.99
-2586.14 -1095.4
-1023.15 2445.92
-394.729 341.906
-411.759 3630.3
491.256 77.6322
-906.777 -3845.09
-1587.66 2728.6
164.811 -44.268
800.606 -103.062
-36.2786 1984.89
-1179.49 -4939.21
327.042 2680.63
-696.8 -664.178
2822.57 66.3914
418.154 1298.43
1452.91 -3052.29
-1923.11 463.512
-2048.13 309.744
-4632.5 -2254.07
1518.24 373.188
3101.01 -2288
-2989.85 1945.95
-4589.1 -681.185
4215.83 1437.19
-53.0732 -215.471
2905.2 -986.761
-1248.81 4070.94
9.05584 -1653.6
-2842.12 -3540.08
213.321 -338.462
-881.469 -2258.44
-1650.43 2313.94
1514.81 3882.41
1339.49 1008.22
4022.52 1468.88
-597.241 -1734.92
-3237.91 1426.02
574.55 -1833.76
-1764.77 -1604.67
717.407 381.763
2718.07 2259.6
707.941 302.501
-3882.84 2857.83
738.938 -751.782
-2877.66 -618.418
791.903 577.8
-3591.44 -387.069
2069.92 -1418.87
-1767.57 4443.97
-4178.14 2870.6
4491.31 1788.28
976.004 2487.59
1506.64 1307.91
-1040.27 2060.48
1600.79 -1923.4
2875.78 168.335
567.11 -1036.19
230.31 1498.94
365.064 -109.81
2109.32 220.036
1761.21 -759.39
-1869.37 1021.73
-167.798 70.4517
-178.526 -241.717
-2450.68 -3180.38
2232.26 4524.55
-4025.85 3251.88
-567.102 -2544.05
-236.105 -4417.36
1101.03 2275.88
-2548.02 -575.771
2514.38 -1408.35
3654.15 -1441.17
5057.44 -866.229
317.621 -2408.8
-1587.9 -3619.78
-3391.13 -4049.92
3419.68 3294.24
4472.76 -1574.77
-3986.19 2566.74
3415.91 -2854.88
-3240.61 1142
2126.79 3651.38
2329.59 2719.93
-3242.46 -1809.67
-1279.89 1262.39
-792.553 -530.868
-311.988 1730.74
-692.358 640.393
3527.24 -638.766
1161.11 -1228.81
-2372.91 395.711
-206.861 2400.21
1864.68 -503.876
-24.7948 -1103.18
3659.29 -1967.36
5027.88 1709.45
-2920.93 3350.51
-4109.77 -18.2267
1438.36 3038.86
-4667.69 293.162
4733.17 -2270.8
-2241.18 1487.21
733.478 118.663
4462.11 -1847.61
924.733 -741.157
-955.408 -4092.31
-3247.36 -1108.14
-1600.97 3179.94
3750.67 -1224.65
1708.64 -3601.48
1256.31 -2535.08
-1400.42 3605.46
485.755 56.907
-1655.3 1020.77
175.005 -1063.88
-2595.78 3915.47
3312.24 121.532
-2009.23 -3088.66
-1225.69 -127.263
3368.21 3687.7
383.645 539.416
-826.884 -764.899
-3143.7 -331.866
2730.66 -2711.94
3877.21 1189.59
2551.33 -725.085
-4720.46 -1087.95
668.918 4440.69
-300.3 260.261
-1067.32 -533.438
358.36 -596.742
-2420.93 -3854.22
63.1487 4485.87
1307.55 805.434
-12.0492 85.0392
-626.846 1609.08
3550.39 3345.26
2630.55 -40.7283
3567.69 812.797
-864.26 1030.17
-3439.18 3496.99
-882.027 905.506
4392.77 1931.88
-59.2249 -327.778
91.3018 -193.394
-69.0768 286.07
-4727.51 -1808.51
1560.64 1278.26
-716.318 -5246.62
51.8552 -402.611
2373.08 -1238.55
1077.98 1946.61
5095.3 549.753
3528.81 1736.23
1616.29 1755.45
2976.46 3523.34
1858.48 1691.85
-340.607 -809.029
-4181.66 1342.07
-2466.05 -697.84
1587.16 922.968
-2750.98 1000.07
-3616.01 3574.25
1129.78 1926.68
377.728 -574.062
-1140.16 -399.812
3754.49 -3265.32
-321.459 925.037
1990.55 -1047.15
-1758.42 1152.45
197.715 -1664.8
-510.219 -616.892
2570.42 4614.71
-4138.26 -2212.43
-120.417 -4327.47
4285.4 -578.187
4111.46 -2722.95
-16.1677 -476.513
-3774.86 -140.619
3095.93 -2434.72
-512.935 1127.7
-1223.95 3729.17
-1046.3 3135.16
2235.28 3979.18
341.598 970.829
217.261 57.7804
549.022 -1456.48
1405.11 -1687.71
-2941.57 -664.542
-532.405 3115.16
-4976.2 120.184
574.417 4991.58
577.727 659.067
-245.86 -2732.41
2053.52 -1008.18
-108.225 286.018
885.037 3273.08
838.706 -37.528
1419.29 3062.8
373.884 -3371.83
-613.091 -2583.18
-1659.3 -2338.94
760.077 -4438.58
-1164.36 1961.94
815.379 186.464
241.554 -4247.06
-1224.91 -373.579
-1608.34 -738.159
-182.505 1223.63
423.322 -3273.73
-1095.61 879.121
1171.57 -1416.57
-2147.06 -2730.77
3984.51 1381.23
1118.43 3054.32
1418.94 788.62
1531.95 4253.78
-3014.08 -892.252
38.5918 -4797.86
-1773.08 774.811
-1938.28 -2192.09
2117.06 21.7146
-3703.08 -2553.97
240.24 65.0068
2763.2 341.948
-842.028 3472.71
1763.51 2363.57
-955.373 -4158
-1834.76 -2090.94
1740.99 295.33
-4752.25 -40.6021
2958.15 -2077.99
834.997 -769.637
1120.59 -1749.06
-1373.56 2728.26
4784.44 -879.641
-403.801 -1158.09
-1671.22 3172.23
1841.36 -2847.69
169.475 1714.58
1477.6 1326.61
-835.834 -5201.3
2811.36 -451.348
-2095.11 2810.79
-274.297 475.068
1526.36 -2700.11
1141.88 1073.59
371.479 613.317
-1752.28 2583.62
-1742.93 -3039.01
3473.68 723.725
-274.292 791.704
-2435.95 -1138.72
666.501 2971.79
-1535.87 1473.43
2439.59 -1082.93
723.17 2864.56
469.817 -43.9241
3076.44 -3981.78
-3129 -464.616
407.043 1994.11
-991.124 90.518
1691.54 -3552.4
-1032.34 -482.07
529.685 -5124.49
-669.577 3259.65
280.187 156.839
2523.38 -974.017
2244.93 -2374.04
-114.318 130.019
140.423 -315.221
446.863 -176.482
213.336 738.593
3333.89 -417.015
1825.44 179.431
-1216.22 -1192.49
368.657 -1186.54
-69.4137 1383.86
82.9555 -2856.54
119.02 -3506.1
1350.14 -787.876
-32.2203 -245.454
-348.674 -386.354
-3720.11 -3164.74
-519.433 379.919
-218.877 182.168
-962.751 -812.888
876.668 -708.252
252.404 -99.19
2872.97 -2656.42
2691.37 3660.6
1771.35 3752.14
-221.317 3837.17
536.972 2137.63
258.291 18.2813
-1581.09 2759.71
-3397.36 -1088.09
569.439 -1666.61
-445.135 277.084
-2790.77 -430.223
-2306.71 2953.71
2323.33 2619.06
1668.64 -1835.29
-906.032 890.583
-1162.1 3031.65
3524.98 -3151.84
-1782.13 -1202.84
1642.36 -808.082
4683.26 -2093.66
-3993.52 989.741
728.122 2228.29
1220.26 -269.845
-801.644 -273.47
-1425.12 -982.152
2217.4 2451.22
35.3258 1039.1
-4137.78 3341.85
653.8 -1727.93
25.8416 -2089.24
-359.613 -944.336
2258.86 -720.467
26.0717 -130.401
-834.538 3600.77
379.844 -752.23
1525.49 4431.32
-2841.76 3540.26
-2451.51 2715.73
200.495 101.769
110.958 1136.62
-1030.35 1501.23
-1214.12 -4512.46
-56.2916 -2943.13
-35.3638 58.9333
-3125.33 -2074.4
-4607.11 1084.37
-947.805 -383.307
2106.89 547.663
177.739 114.968
-938.529 1819.73
-1279.47 -1639.35
-4545.05 774.389
514.961 1076.85
3520.71 780.348
381.857 -1996.12
-2452.81 -2454.56
-405.861 -238.356
2049.22 4134.64
1527.67 4965.45
-3551.62 -2008.54
3348.48 -278.977
2020.19 -3348.93
2540.46 1225.36
-47.8654 147.382
4078.58 2547.34
671.589 -1788.59
1234.21 -281.541
-159.288 -2215.44
-1144.7 -2788.64
-3495.93 1548.56
-439.464 -285.592
128.895 -431.74
-1299.29 2263.81
-2160.43 4286.93
-725.491 1558.68
-1595.6 -1548.09
-389.95 354.835
269.293 2849.62
615.711 543.261
-4784.63 474.57
-105.456 -1165.66
-773.023 -2621.52
1390.04 2783.48
3332.64 1510.09
-2066.91 1545.41
957.107 -1526.87
3385.88 -3513.18
-1506.65 -12.7746
-1339.35 -1243.9
-38.7689 58.0132
479.164 581.887
-727.16 824.665
30.7693 -341.561
-879.268 -807.273
3043.57 -1604.09
-981.517 1331.84
865.124 2498.17
-2469.37 310.574
806.519 -3316.35
816.119 -2836.83
3155.24 -3867.58
4494.32 1541.29
1701.83 2021.68
-1321.11 370.119
5033.79 -1758.87
349.717 -311.159
-832.894 -5084.53
962.277 3477.69
2075.09 -3507.58
-1801.76 702.041
-1551.21 1419.44
-294.271 -189.943
-1496.22 -4234.82
2010.69 -250.338
1725.86 -15.9083
-264.762 842.11
640.682 923.182
-486.394 -2200.16
-264.011 85.0206
1255.79 -1886.38
882.17 2815.94
240.211 2704.8
2327.02 1394.77
-2955.49 937.379
9.20345 -4978.93
1079.12 508.597
2522.97 2881.28
-4730.16 -1298.25
-667.668 -1481.33
2494.46 632.459
71.0365 155.102
4240.62 1785.82
-4338.36 -1844.43
1710.32 2560.24
-323.459 1032.22
-1128.36 3390.02
84.8408 1055.35
3166.59 -1352.66
589.282 4067.99
483.728 -1622.13
-231.945 -3228.99
-142.776 -342.227
-3749.41 551.038
1681.7 1113.74
65.0037 2462.26
1462.95 -139.98
4990.55 1310.2
-1470.73 -3828.18
477.219 219.305
-76.9707 -5214.89
-2882.41 3529.66
-1340.2 -318.325
2507.92 2766.99
-3621.12 -315.598
4014.99 -935.395
534.058 4882.58
-375.035 1814.92
3810.39 -576.744
-11.1553 87.0783
2430.76 1144.32
2806.72 -2109.96
1356.65 2436.89
2535.14 -4318.43
-4248.61 -353.221
-949.49 3491.73


1759.19 -1428.18
-141.296 -706.481
-2458.67 -78.6352
-93.6773 -4107.45
-2293.82 1561.33
-230.459 2607.03
-688.377 -252.491
674.977 4091.6
2440.62 932.163
-4704.53 -1003.64
2519.8 -143.278
3164.94 2710.8
-43.3548 -88.3908
-274.149 -163.98
1586.73 -777.915
-2095.27 3279.67
-3614.94 1010.05
-559.175 1820.89
-1177.76 -4380.55
-1250.72 -1804.55
4686.55 2237.63
1678.47 -1007.29
537.088 816.454
1873.91 -436.811
-634.857 1442.98
3170.2 -463.801
463.121 524.255
3836.98 330.23
2064.02 -2008.14
-824.721 1684.35
176.316 3627.4
-4180.75 -2753.16
897.304 -1358.89
-489.802 967.281
-1874.68 593.532
2110.81 715.831
3269.05 2277.64
1415.57 -2343.44
-1782.88 1784.58
571.357 447.422
-1785.19 600.025
-1496.64 2935.07
-3151.77 -2207.81
481.575 -3519.51
1317.32 2284.14
-2582.4 -1104.35
-1032.53 2442.15
-409.902 324.451
-420.488 3629.47
487.909 101.072
-898.581 -3847.16
-1594.52 2724.08
170.224 -2.94893
801.529 -84.7089
-47.5872 1984.49
-1171.98 -4941.18
317.822 2681.36
-688.03 -677.491
2821.99 75.4042
404.935 1302.81
1460.28 -3048.52
-1925.82 452.33
-2049.86 298.605
-4629.49 -2260.02
1514.76 385.417
3105.24 -2281.8
-2994.11 1939.06
-4588.01 -688.608
4213.37 1444.38
-17.2766 -221.812
2907.88 -978.304
-1256.57 4068.66
20.7876 -1652.25
-2836.12 -3544.99
235.089 -323.208
-871.902 -2262.04
-1658.87 2308.37
1507.71 3885.06
1331.74 1017.6
4019.85 1476.35
-585.947 -1738.81
-3241.74 1417.85
585.476 -1830.13
-1757.81 -1611.26
710.791 396.761
2712.56 2266.32
701.885 318.512
-3886.64 2852.37
747.873 -739.155
-2875.4 -626.735
783.103 591.621
-3590.31 -394.734
2076.3 -1410.29
-1774.15 4441.28
-4182.69 2864.29
4488.68 1794.37
966.663 2491.44
1498.98 1315.08
-1050.24 2055.83
1607.87 -1916.91
2874.74 176.9
580.18 -1028.98
217.524 1500.28
371.367 -82.8779
2107.32 229.987
1764.49 -749.095
-1873.82 1012.28
-179.708 29.3257
-152.788 -258.653
-2444.51 -3184.97
2226.12 4527.47
-4030.75 3246.05
-556.623 -2547.13
-227.742 -4418.06
1091.45 2281.26
-2546.11 -586.127
2518.36 -1400.44
3657.56 -1433.16
5058.36 -859.87
328.166 -2407.62
-1580.13 -3623.39
-3386.05 -4054.02
3414.34 3299.98
4475.23 -1567.76
-3990.35 2560.39
3420.29 -2849.36
-3244.16 1133.17
2119.6 3655.82
2322.86 2726.05
-3238.38 -1817.07
-1287.38 1253.66
-785.308 -545.502
-325.004 1729.76
-704.969 630.027
3528.48 -630.794
1168.75 -1219.95
-2374.63 385.438
-217.508 2399.52
1868.42 -492.359
-9.55578 -1102.26
3663.12 -1960.33
5025.6 1716.55
-2925.98 3345.8
-4109.5 -25.4822
1431.04 3041.91
-4668.3 285.343
4735.92 -2264.82
-2246.36 1479.11
728.515 137.421
4465.19 -1840.5
935.007 -730.064
-947.453 -4094.29
-3244.47 -1115.56
-1608.67 3176.1
3753.39 -1216.7
1715.33 -3598.07
1263.95 -2530.74
-1407.9 3602.49
483.671 81.8931
-1659.96 1011.15
190.716 -1062.7
-2601.83 3911.41
3312.27 131.114
-2002.49 -3092.81
-1222.43 -141.003
3362.56 3693.09
367.77 550.3
-818.81 -778.205
-3142.68 -340.715
2736.84 -2705.95
3874.85 1196.86
2554.22 -715.417
-4718.82 -1095.17
661.848 4441.61
-316.808 239.313
-1061.4 -547.26
374.83 -585.205
-2414.38 -3858.43
56.0948 4485.8
1301.95 818.245
-67.9726 52.6712
-639.462 1605.54
3545.45 3350.44
2630.86 -30.5762
3565.69 820.224
-874.665 1021
-3444.89 3491.61
-892.512 895.523
4389.76 1939
-31.5925 -333.838
123.076 -173.424
-98.1132 276.741
-4724.92 -1815.47
1553.5 1287.46
-709.207 -5247.64
77.5191 -394.492
2377.04 -1230.12
1068.59 1951.59
5094.52 556.737
3525.19 1743.93
1608.76 1761.45
2970.58 3528.42
1851.69 1698.71
-323.86 -814.075
-4184.44 1334.18
-2463.69 -708.437
1581.58 934.147
-2754.84 990.726
-3621.5 3568.89
1120.19 1933.26
392.635 -559.751
-1133.6 -412.474
3758.82 -3260.15
-337.148 920.201
1994.36 -1038.06
-1764.52 1143.13
210.072 -1663.25
-497.977 -628.522
2564.6 4617.84
-4134.81 -2218.7
-112.162 -4327.88
4286.25 -570.887
4115.03 -2717.29
8.41534 -479.466
-3774.26 -148.091
3100.7 -2428.48
-524.409 1119.85
-1231.15 3726.61
-1054.42 3132.31
2228.28 3983.33
326.718 976.844
205.946 92.5059
561.038 -1451.78
1413.52 -1680.74
-2939.24 -672.596
-542.009 3113.87
-4976.19 113.646
567.561 4992.29
564.917 670.72
-235.813 -2733.58
2058.61 -998.466
-136.075 273.024
877.166 3274.88
841.082 -21.1108
1411.45 3066.29
382.777 -3370.94
-604.087 -2584.78
-1651.7 -2344.06
766.976 -4437.23
-1174.35 1956.68
812.364 203.673
249.428 -4246.64
-1221.76 -387.891
-1602.92 -748.618
-196.81 1221.19
431.528 -3272.39
-1105.69 869.044
1180.57 -1408.91
-2140.52 -2735.61
3981.94 1388.57
1110.52 3056.89
1413.61 800.945
1525.15 4256.09
-3011.59 -901.375
46.3888 -4797.93
-1777.85 764.126
-1931.05 -2198.89
2117.02 32.8926
-3698.94 -2559.69
230.594 99.4348
2761.85 351.206
-849.921 3470.63
1756.02 2369.09
-947.154 -4160.14
-1827.39 -2097.7
1737.84 306.162
-4752.23 -48.1463
2963.07 -2071.02
843.355 -757.397
1129.94 -1742.99
-1381.67 2724.1
4785.89 -872.206
-390.247 -1164.56
-1678.71 3168.26
1847.88 -2843.05
158.094 1714.28
1469.92 1335.07
-829.119 -5202.33
2812.25 -442.639
-2102.58 2805.53
-294.017 461.814
1533.41 -2695.63
1133.06 1083.15
356.204 622.588
-1760.1 2578.48
-1735.17 -3043.72
3472.07 732.655
-291.079 785.89
-2431.76 -1147.52
657.099 2974.18
-1543.94 1465.44
2443.46 -1073.98
714.176 2866.75
474.983 -19.7721
3081.97 -3977.45
-3127.36 -472.692
396.694 1995.19
-989.484 74.5589
1698.9 -3548.91
-1026.84 -496.431
537.43 -5123.88
-678.903 3258.06
260.011 178.985
2526.5 -965.143
2250.7 -2368.13
-141.364 99.1114
166.981 -301.389
457.222 -156.692
196.9 744.161
3334.66 -408.798
1825.42 192.23
-1207.31 -1200.16
383.669 -1184.63
-83.7369 1384.78
92.8199 -2856.46
126.945 -3505.54
1358.42 -776.901
2.66876 -240.503
-330.741 -399.77
-3715.31 -3170.46
-531.175 363.428
-236.025 158.86
-953.882 -824.552
887.484 -697.169
262.997 -68.2709
2877.98 -2650.7
2684.89 3665.64
1763.85 3755.87
-229.952 3836.84
526.631 2139.94
256.213 52.2832
-1588.94 2755.22
-3394.86 -1097
581.256 -1662.89
-454.094 256.903
-2789.45 -440.007
-2313.73 2948.47
2316.59 2625.5
1675.37 -1828.46
-915.137 879.835
-1170.52 3028.45
3530.34 -3146.06
-1775.88 -1211.52
1646.15 -797.685
4686.41 -2086.87
-3995.19 982.386
718.01 2231.71
1224.26 -255.67
-795.648 -290.15
-1418.43 -992.918
2210.52 2458.01
19.5977 1041.75
-4141.98 3336.56
664.038 -1723.18
36.1958 -2088.29
-344.546 -950.218
2262.4 -710.268
71.5096 -112.761
-843.031 3598.94
394.66 -742.085
1518.76 4433.53
-2847.28 3535.7
-2457.95 2710.03
179.549 131.254
96.3462 1135.43
-1040.1 1494.4
-1207.14 -4514.27
-46.9962 -2943.24
-68.1635 -11.477
-3120.81 -2080.91
-4608.75 1077.26
-943.434 -398.769
2103.6 557.297
152.227 145.21
-949.53 1814.97
-1270.77 -1645.1
-4546.5 766.609
501.528 1083.14
3519.02 789.29
392.833 -1993.87
-2446.47 -2461.33
-395.967 -259.848
2042.92 4137.59
1521.36 4967.27
-3547.73 -2015.29
3349.68 -269.483
2026.99 -3344.75
2536.26 1233.78
-87.1226 127.089
4074.87 2552.98
683.025 -1784.78
1237 -267.507
-148.336 -2216.38
-1135.78 -2792.61
-3499.03 1541.25
-426.663 -305.523
150.379 -424.763
-1307.01 2258.75
-2167.41 4283.55
-737.742 1554.23
-1588.06 -1556.03
-405.616 337.745
260.613 2849.92
604.734 557.01
-4785.12 467.871
-90.9478 -1164.85
-763.178 -2624.91
1382.29 2786.96
3329.16 1517.65
-2073.24 1537.28
966.326 -1520.09
3391.74 -3507.8
-1505.29 -25.2912
-1331.56 -1254.03
-65.813 -8.8463
466.242 592.779
-739.161 814.771
60.4357 -337.553
-870.172 -819.386
3047.02 -1596.86
-992.863 1324.97
855.495 2501.79
-2469.94 301.148
815.159 -3314.32
824.135 -2833.99
3161.02 -3862.94
4491.9 1548.72
1694.22 2028.12
-1327.06 356.825
5036.34 -1751.91
368.428 -293.898
-826.312 -5085.5
953.944 3480.08
2081.73 -3503.56
-1804.86 691.607
-1560.06 1411.26
-283.785 -214.908
-1489.61 -4236.95
2011.71 -239.335
1725.29 -4.04417
-281.243 836.746
627.444 930.257
-476.094 -2202.18
-273.971 56.2821
1264.8 -1880.45
872.766 2819.27
231.317 2704.99
2322.01 1403.58
-2958.38 928.537
16.3905 -4978.91
1072.72 521.99
2516.81 2886.64
-4728.24 -1304.68
-656.081 -1486.62
2491.8 641.76
30.1999 167.109
4237.68 1792.95
-4335.43 -1851.5
1703.08 2564.58
-338.95 1029.37
-1136.78 3387.36
69.282 1058.48
3169.73 -1344.91
580.873 4069.43
496.624 -1619.54
-223.191 -3229.52
-117.265 -351.427
-3751.05 542.15
1675.13 1122.04
55.4101 2461.97
1463.79 -126.824
4988.75 1316.88
-1463.59 -3830.8
467.34 239.832
-70.4117 -5214.86
-2888.75 3524.68
-1336.64 -331.511
2501.49 2773.16
-3620.61 -324.641
4016.4 -928.291
526.273 4883.61
-387.713 1813.56
3811.7 -568.489
-65.7981 53.1491
2426.68 1153.8
2811.23 -2103.45
1348.23 2441.55
2541.45 -4314.76
-4247.8 -360.292
-956.759 3489.38


1765.41 -1419.93
-121.56 -708.363
-2457.66 -87.9802
-86.0818 -4107.49
-2299.03 1553.42
-241.301 2606.76
-682.263 -270.047
667.183 4092.88
2437.08 941.598
-4703 -1010.89
2520.18 -133.356
3159.66 2717.2
11.8968 -97.0785
-262.162 -192.17
1591.34 -767.103
-2102.12 3275.28
-3617.3 1001.89
-571.17 1818.06
-1170.06 -4382.77
-1241.85 -1810.26
4683.58 2243.65
1683.89 -997.463
525.138 827.237
1875.68 -425.898
-645.135 1436.72
3171.3 -455.161
449.268 536.439
3836.52 339.151
2070.92 -2001.27
-834.489 1678.76
168.251 3627.62
-4176.99 -2758.6
909.391 -1352.81
-504.618 962.03
-1876.83 583.14
2107.93 727.196
3264.4 2284.41
1424.08 -2338.41
-1789.83 1777.43
560.063 462.285
-1790.04 588.541
-1504.39 2931.04
-3147.21 -2213.91
489.515 -3518.19
1308.64 2289.25
-2578.63 -1113.29
-1041.9 2438.35
-424.294 306.38
-429.215 3628.61
483.489 124.29
-890.382 -3849.22
-1601.37 2719.55
165.056 38.5487
802.045 -66.3124
-58.8942 1984.03
-1164.48 -4943.13
308.598 2682.06
-679.058 -690.606
2821.39 84.4163
391.675 1307.06
1467.64 -3044.73
-1928.46 441.133
-2051.53 287.458
-4626.46 -2265.98
1511.18 397.62
3109.47 -2275.6
-2998.36 1932.15
-4586.9 -696.029
4210.89 1451.56
18.9825 -222.232
2910.52 -969.838
-1264.32 4066.37
32.5181 -1650.8
-2830.1 -3549.88
255.839 -306.553
-862.319 -2265.6
-1667.29 2302.77
1500.61 3887.7
1323.92 1026.92
4017.16 1483.81
-574.629 -1742.63
-3245.55 1409.67
596.381 -1826.43
-1750.81 -1617.82
703.825 411.564
2707.03 2273.03
695.421 334.338
-3890.43 2846.89
756.639 -726.361
-2873.11 -635.047
774.084 605.277
-3589.15 -402.398
2082.65 -1401.68
-1780.72 4438.57
-4187.24 2857.97
4486.04 1800.46
957.309 2495.24
1491.27 1322.2
-1060.19 2051.14
1614.92 -1910.38
2873.68 185.463
593.158 -1021.61
204.721 1501.51
375.799 -55.5287
2105.26 239.932
1767.71 -738.771
-1878.22 1002.79
-182.608 -13.2739
-125.452 -272.883
-2438.33 -3189.54
2219.98 4530.39
-4035.63 3240.21
-546.136 -2550.16
-219.378 -4418.75
1081.86 2286.61
-2544.16 -596.474
2522.31 -1392.51
3660.96 -1425.14
5059.26 -853.511
338.704 -2406.4
-1572.36 -3626.98
-3380.97 -4058.12
3408.99 3305.72
4477.7 -1560.76
-3994.51 2554.03
3424.66 -2843.83
-3247.69 1124.33
2112.42 3660.24
2316.12 2732.15
-3234.28 -1824.46
-1294.81 1244.88
-777.825 -559.971
-338.004 1728.69
-717.359 619.464
3529.71 -622.818
1176.33 -1211.03
-2376.3 375.159
-228.151 2398.79
1872.1 -480.824
5.68514 -1101.11
3666.93 -1953.28
5023.3 1723.65
-2931.02 3341.09
-4109.21 -32.7375
1423.7 3044.94
-4668.9 277.524
4738.66 -2258.83
-2251.52 1471
723.075 156.089
4468.27 -1833.38
945.134 -718.855
-939.494 -4096.26
-3241.55 -1122.98
-1616.36 3172.24
3756.09 -1208.74
1722.02 -3594.65
1271.58 -2526.36
-1415.38 3599.51
480.469 106.69
-1664.57 1001.5
206.387 -1061.29
-2607.88 3907.34
3312.28 140.694
-1995.73 -3096.95
-1219 -154.722
3356.91 3698.47
351.556 560.675
-810.586 -791.368
-3141.63 -349.56
2743 -2699.95
3872.47 1204.13
2557.07 -705.738
-4717.18 -1102.38
654.776 4442.51
-331.916 217.307
-1055.31 -560.998
391.001 -573.201
-2407.82 -3862.62
49.0408 4485.72
1296.26 830.996
-84.1025 -9.77105
-652.047 1601.92
3540.51 3355.62
2631.14 -20.4238
3563.66 827.647
-884.976 1011.72
-3450.59 3486.22
-902.881 885.424
4386.75 1946.11
-3.72418 -337.414
151.061 -148.121
-126.047 264.302
-4722.33 -1822.43
1546.31 1296.61
-702.095 -5248.65
102.853 -384.695
2380.97 -1221.69
1059.17 1956.53
5093.74 563.719
3521.56 1751.63
1601.2 1767.42
2964.7 3533.49
1844.86 1705.55
-306.985 -818.8
-4187.21 1326.28
-2461.29 -719.023
1575.93 945.285
-2758.68 981.369
-3626.99 3563.54
1110.57 1939.8
407.213 -544.97
-1126.88 -425.074
3763.13 -3254.98
-352.743 915.107
1998.13 -1028.95
-1770.57 1133.78
222.418 -1661.61
-485.477 -639.829
2558.77 4620.98
-4131.36 -2224.96
-103.907 -4328.28
4287.1 -563.585
4118.59 -2711.63
32.9777 -481.232
-3773.65 -155.562
3105.47 -2422.23
-535.81 1111.85
-1238.35 3724.04
-1062.52 3129.43
2221.28 3987.47
311.759 982.622
189.38 124.875
573.014 -1446.98
1421.9 -1673.72
-2936.87 -680.643
-551.608 3112.56
-4976.16 107.107
560.705 4992.99
551.885 682.109
-225.764 -2734.71
2063.65 -988.73
-162.568 257.308
869.288 3276.65
843.083 -4.68413
1403.61 3069.76
391.668 -3370.02
-595.074 -2586.33
-1644.08 -2349.14
773.872 -4435.86
-1184.32 1951.37
808.983 220.79
257.302 -4246.21
-1218.45 -402.156
-1597.43 -759.041
-211.087 1218.58
439.732 -3271.03
-1115.67 858.885
1189.52 -1401.2
-2133.97 -2740.44
3979.36 1395.91
1102.6 3059.42
1408.2 813.22
1518.36 4258.4
-3009.07 -910.49
54.1857 -4797.99
-1782.57 753.412
-1923.81 -2205.67
2116.92 44.0696
-3694.78 -2565.41
216.734 132.049
2760.46 360.461
-857.809 3468.53
1748.51 2374.59
-938.931 -4162.27
-1820 -2104.44
1734.62 316.98
-4752.2 -55.6904
2967.97 -2064.04
851.56 -745.02
1139.25 -1736.86
-1389.77 2719.92
4787.32 -864.769
-376.637 -1170.86
-1686.19 3164.28
1854.4 -2838.39
146.704 1713.89
1462.2 1343.47
-822.404 -5203.34
2813.11 -433.925
-2110.04 2800.26
-313.252 447.797
1540.45 -2691.12
1124.18 1092.64
340.672 631.408
-1767.92 2573.31
-1727.4 -3048.41
3470.44 741.58
-307.735 779.721
-2427.54 -1156.29
647.691 2976.54
-1551.96 1457.41
2447.3 -1065.01
705.175 2868.91
478.941 4.43042
3087.5 -3973.12
-3125.7 -480.765
386.332 1996.21
-987.576 58.5796
1706.26 -3545.4
-1021.16 -510.703
545.175 -5123.25
-688.224 3256.46
237.503 199.522
2529.6 -956.257
2256.45 -2362.2
-159.999 62.3144
192.397 -285.494
466.475 -136.524
180.349 749.295
3335.4 -400.578
1825.32 205.021
-1198.32 -1207.77
398.629 -1182.55
-98.052 1385.56
102.683 -2856.35
134.868 -3504.95
1366.61 -765.874
37.4908 -230.522
-312.164 -412.409
-3710.51 -3176.17
-542.381 346.569
-250.247 133.584
-944.888 -836.108
898.137 -685.959
269.832 -36.3756
2882.98 -2644.96
2678.39 3670.66
1756.34 3759.59
-238.586 3836.5
516.277 2142.19
250.008 85.4459
-1596.77 2750.7
-3392.34 -1105.91
593.045 -1659.09
-462.184 236.231
-2788.09 -449.786
-2320.75 2943.21
2309.84 2631.93
1682.08 -1821.61
-924.124 868.974
-1178.94 3025.23
3535.69 -3140.28
-1769.58 -1220.17
1649.87 -787.253
4689.55 -2080.07
-3996.86 975.027
707.885 2235.09
1228.1 -241.46
-789.303 -306.704
-1411.66 -1003.63
2203.63 2464.78
3.86497 1044.15
-4146.18 3331.26
674.248 -1718.36
46.5491 -2087.28
-329.391 -955.856
2265.89 -700.056
107.292 -79.8767
-851.519 3597.09
409.3 -731.609
1512.02 4435.73
-2852.78 3531.13
-2464.37 2704.31
153.807 157.227
81.7175 1134.04
-1049.8 1487.5
-1200.15 -4516.07
-37.7004 -2943.32
-15.8612 -64.2783
-3116.28 -2087.41
-4610.38 1070.14
-938.832 -414.134
2100.27 566.917
121.877 170.833
-960.502 1810.15
-1262.03 -1650.8
-4547.95 758.828
488.017 1089.26
3517.31 798.227
403.796 -1991.55
-2440.11 -2468.09
-385.055 -280.671
2036.61 4140.53
1515.04 4969.07
-3543.82 -2022.03
3350.85 -259.986
2033.79 -3340.56
2532.02 1242.2
-118.926 95.9483
4071.15 2558.61
694.436 -1780.91
1239.63 -253.439
-137.381 -2217.26
-1126.86 -2796.54
-3502.13 1533.94
-413.061 -324.879
171.413 -416.512
-1314.71 2253.66
-2174.38 4280.15
-749.956 1549.7
-1580.48 -1563.93
-420.534 320.032
251.93 2850.19
593.467 570.492
-4785.6 461.17
-76.4245 -1163.84
-753.324 -2628.26
1374.52 2790.42
3325.67 1525.19
-2079.53 1529.12
975.502 -1513.24
3397.6 -3502.41
-1503.82 -37.8058
-1323.71 -1264.11
-16.5816 -67.7323
453.03 603.303
-751.016 804.715
89.6825 -331.201
-860.943 -831.372
3050.46 -1589.62
-1004.15 1318.03
845.854 2505.37
-2470.46 291.718
823.795 -3312.27
832.143 -2831.12
3166.79 -3858.29
4489.48 1556.15
1686.59 2034.53
-1332.88 343.496
5038.89 -1744.94
386.178 -275.868
-819.728 -5086.46
945.606 3482.45
2088.37 -3499.53
-1807.89 681.147
-1568.87 1403.05
-271.541 -238.544
-1483 -4239.06
2012.66 -228.324
1724.63 7.82015
-297.617 831.061
614.089 937.158
-465.782 -2204.15
-280.352 26.8067
1273.79 -1874.47
863.354 2822.58
222.42 2705.15
2316.98 1412.37
-2961.24 919.687
23.5774 -4978.88
1066.15 535.302
2510.63 2892
-4726.31 -1311.11
-644.455 -1491.82
2489.1 651.052
-12.5218 168.651
4234.74 1800.06
-4332.49 -1858.56
1695.83 2568.89
-354.371 1026.31
-1145.2 3384.69
53.708 1061.38
3172.86 -1337.15
572.463 4070.86
509.495 -1616.87
-214.436 -3230.02
-91.1121 -358.703
-3752.67 533.26
1668.51 1130.3
45.8157 2461.63
1464.52 -113.658
4986.95 1323.55
-1456.44 -3833.39
456.586 259.91
-63.8526 -5214.83
-2895.08 3519.69
-1332.94 -344.663
2495.04 2779.31
-3620.08 -333.683
4017.8 -921.184
518.486 4884.62
-400.375 1812.12
3812.99 -560.231
-82.4486 -11.2614
2422.57 1163.26
2815.72 -2096.93
1339.79 2446.18
2547.76 -4311.08
-4246.97 -367.362
-964.023 3487.02


1771.6 -1411.64
-101.736 -709.735
-2456.61 -97.3236
-78.486 -4107.53
-2304.21 1545.49
-252.14 2606.44
-675.688 -287.421
659.387 4094.15
2433.52 951.02
-4701.46 -1018.15
2520.52 -123.432
3154.37 2723.59
62.3784 -69.4853
-248.026 -218.787
1595.88 -756.254
-2108.96 3270.87
-3619.64 993.727
-583.144 1815.16
-1162.35 -4384.98
-1232.96 -1815.93
4680.6 2249.66
1689.26 -987.601
513.042 837.789
1877.39 -414.969
-655.371 1430.36
3172.38 -446.518
435.065 548.204
3836.04 348.07
2077.8 -1994.37
-844.225 1673.1
160.184 3627.83
-4173.21 -2764.04
921.424 -1346.66
-519.33 956.582
-1878.92 572.727
2105.01 738.543
3259.73 2291.18
1432.56 -2333.35
-1796.75 1770.24
548.377 476.825
-1794.83 577.034
-1512.13 2926.98
-3142.64 -2220
497.453 -3516.86
1299.95 2294.33
-2574.83 -1122.22
-1051.26 2434.51
-437.883 287.729
-437.939 3627.73
478.01 147.235
-882.18 -3851.26
-1608.21 2714.99
149.485 77.609
802.151 -47.882
-70.1993 1983.5
-1156.97 -4945.08
299.37 2682.72
-669.889 -703.519
2820.75 93.4273
378.374 1311.17
1474.99 -3040.92
-1931.03 429.922
-2053.14 276.302
-4623.43 -2271.92
1507.49 409.796
3113.68 -2269.38
-3002.59 1925.23
-4585.78 -703.448
4208.41 1458.73
54.7401 -216.766
2913.14 -961.363
-1272.07 4064.06
44.2468 -1649.26
-2824.08 -3554.76
275.477 -288.567
-852.72 -2269.12
-1675.69 2297.14
1493.5 3890.32
1316.02 1036.18
4014.46 1491.27
-563.286 -1746.38
-3249.34 1401.49
607.263 -1822.67
-1743.78 -1624.35
696.514 426.164
2701.48 2279.73
688.553 349.97
-3894.21 2841.41
765.232 -713.4
-2870.79 -643.352
764.849 618.764
-3587.97 -410.059
2088.97 -1393.05
-1787.29 4435.86
-4191.77 2851.64
4483.4 1806.55
947.942 2499.01
1483.51 1329.28
-1070.12 2046.4
1621.95 -1903.82
2872.58 194.024
606.042 -1014.07
191.902 1502.63
378.327 -27.8984
2103.14 249.87
1770.85 -728.421
-1882.57 993.276
-176.511 -55.2281
-96.8025 -284.256
-2432.15 -3194.1
2213.83 4533.29
-4040.51 3234.37
-535.641 -2553.16
-211.013 -4419.42
1072.26 2291.92
-2542.17 -606.813
2526.23 -1384.57
3664.34 -1417.11
5060.16 -847.149
349.237 -2405.14
-1564.58 -3630.55
-3375.87 -4062.21
3403.63 3311.44
4480.15 -1553.74
-3998.65 2547.66
3429.02 -2838.29
-3251.2 1115.48
2105.22 3664.66
2309.37 2738.24
-3230.16 -1831.83
-1302.18 1236.04
-770.109 -574.272
-350.988 1727.54
-729.526 608.708
3530.92 -614.839
1183.84 -1202.04
-2377.93 364.872
-238.79 2398.01
1875.71 -469.271
20.9249 -1099.75
3670.73 -1946.23
5021 1730.75
-2936.05 3336.37
-4108.91 -39.9928
1416.36 3047.95
-4669.49 269.704
4741.39 -2252.85
-2256.64 1462.86
717.158 174.654
4471.33 -1826.25
955.112 -707.534
-931.533 -4098.22
-3238.62 -1130.39
-1624.04 3168.36
3758.77 -1200.78
1728.7 -3591.22
1279.2 -2521.96
-1422.85 3596.51
476.169 131.244
-1669.13 991.811
222.015 -1059.67
-2613.91 3903.26
3312.26 150.273
-1988.96 -3101.07
-1215.39 -168.42
3351.25 3703.84
335.015 570.532
-802.215 -804.388
-3140.55 -358.403
2749.14 -2693.94
3870.07 1211.4
2559.88 -696.05
-4715.52 -1109.59
647.703 4443.41
-345.553 194.339
-1049.05 -574.649
406.859 -560.737
-2401.26 -3866.8
41.9866 4485.63
1290.48 843.689
-48.9866 -66.1602
-664.599 1598.22
3535.56 3360.79
2631.37 -10.271
3561.62 835.065
-895.192 1002.33
-3456.28 3480.82
-913.133 875.209
4383.72 1953.22
24.172 -338.526
174.322 -118.189
-152.553 248.87
-4719.72 -1829.39
1539.07 1305.73
-694.982 -5249.65
127.735 -373.213
2384.86 -1213.23
1049.73 1961.42
5092.94 570.701
3517.91 1759.32
1593.61 1773.35
2958.8 3538.55
1838 1712.35
-289.988 -823.201
-4189.97 1318.38
-2458.86 -729.598
1570.21 956.385
-2762.49 972.003
-3632.47 3558.17
1100.93 1946.29
421.445 -529.726
-1119.99 -437.61
3767.44 -3249.8
-368.239 909.757
2001.86 -1019.81
-1776.56 1124.4
234.751 -1659.88
-472.727 -650.807
2552.93 4624.1
-4127.89 -2231.22
-95.6523 -4328.67
4287.92 -556.281
4122.13 -2705.96
57.46 -481.828
-3773.02 -163.033
3110.22 -2415.98
-547.136 1103.7
-1245.55 3721.45
-1070.63 3126.54
2214.28 3991.6
296.725 988.164
168.056 154.11
584.951 -1442.08
1430.24 -1666.67
-2934.48 -688.684
-561.203 3111.22
-4976.12 100.568
553.847 4993.68
538.636 693.23
-215.712 -2735.81
2068.65 -978.974
-187.427 239.006
861.405 3278.4
844.71 11.7446
1395.76 3073.2
400.556 -3369.08
-586.053 -2587.85
-1636.44 -2354.2
780.766 -4434.48
-1194.26 1946.03
805.236 237.808
265.175 -4245.76
-1214.99 -416.37
-1591.86 -769.428
-225.335 1215.8
447.931 -3269.64
-1125.54 848.645
1198.41 -1393.43
-2127.41 -2745.25
3976.76 1403.23
1094.68 3061.94
1402.71 825.447
1511.56 4260.69
-3006.54 -919.598
61.9824 -4798.04
-1787.22 742.672
-1916.55 -2212.43
2116.77 55.2455
-3690.62 -2571.11
199.041 162.333
2759.04 369.711
-865.693 3466.41
1740.98 2380.07
-930.706 -4164.39
-1812.59 -2111.16
1731.31 327.782
-4752.16 -63.2343
2972.86 -2057.05
859.61 -732.508
1148.54 -1730.68
-1397.86 2715.71
4788.75 -857.33
-362.974 -1177
-1693.65 3160.28
1860.91 -2833.72
135.308 1713.41
1454.43 1351.84
-815.686 -5204.35
2813.94 -425.207
-2117.49 2794.97
-331.967 433.037
1547.47 -2686.59
1115.21 1102.06
324.892 639.771
-1775.71 2568.12
-1719.62 -3053.08
3468.78 750.501
-324.252 773.2
-2423.28 -1165.05
638.277 2978.87
-1559.95 1449.35
2451.11 -1056.03
696.167 2871.05
481.708 28.6222
3093.02 -3968.77
-3124.01 -488.833
375.959 1997.17
-985.399 42.5844
1713.61 -3541.88
-1015.3 -524.886
552.918 -5122.61
-697.54 3254.83
212.747 218.167
2532.66 -947.358
2262.19 -2356.25
-168.95 21.7553
216.493 -267.642
474.62 -116.031
163.692 753.992
3336.11 -392.355
1825.15 217.803
-1189.28 -1215.32
413.534 -1180.32
-112.357 1386.21
112.545 -2856.21
142.79 -3504.34
1374.7 -754.794
71.4403 -215.255
-292.974 -424.237
-3705.7 -3181.87
-553.041 329.362
-261.338 106.637
-935.77 -847.554
908.627 -674.623
272.834 -3.96311
2887.97 -2639.22
2671.89 3675.67
1748.83 3763.3
-247.218 3836.15
505.911 2144.4
239.903 117.279
-1604.6 2746.16
-3389.81 -1114.81
604.805 -1655.2
-469.377 215.1
-2786.7 -459.56
-2327.75 2937.94
2303.07 2638.34
1688.76 -1814.72
-932.993 858.001
-1187.34 3021.99
3541.04 -3134.48
-1763.23 -1228.79
1653.52 -776.788
4692.68 -2073.26
-3998.51 967.664
697.745 2238.42
1231.78 -227.218
-782.614 -323.123
-1404.82 -1014.3
2196.73 2471.53
-11.8686 1046.31
-4150.37 3325.96
684.43 -1713.47
56.901 -2086.21
-314.152 -961.25
2269.34 -689.83
128.657 -36.2563
-860.003 3595.22
423.754 -720.802
1505.28 4437.92
-2858.28 3526.54
-2470.78 2698.57
123.814 178.844
67.0741 1132.45
-1059.46 1480.54
-1193.16 -4517.85
-28.4042 -2943.38
55.2974 -44.8829
-3111.73 -2093.9
-4612 1063.03
-933.999 -429.398
2096.87 576.523
87.6216 190.982
-971.446 1805.27
-1253.25 -1656.45
-4549.38 751.045
474.431 1095.21
3515.58 807.159
414.747 -1989.17
-2433.73 -2474.84
-373.17 -300.786
2030.3 4143.45
1508.73 4970.87
-3539.9 -2028.76
3352 -250.488
2040.58 -3336.35
2527.76 1250.6
-140.286 56.4072
4067.42 2564.24
705.82 -1776.97
1242.1 -239.337
-126.423 -2218.09
-1117.92 -2800.46
-3505.2 1526.61
-398.686 -343.628
191.932 -407.012
-1322.39 2248.54
-2181.35 4276.75
-762.131 1545.08
-1572.86 -1571.8
-434.679 301.73
243.245 2850.42
581.918 583.703
-4786.07 454.468
-61.8885 -1162.63
-743.459 -2631.58
1366.75 2793.85
3322.16 1532.72
-2085.78 1520.95
984.634 -1506.33
3403.45 -3497.02
-1502.23 -50.3176
-1315.8 -1274.13
54.2003 -41.5299
439.537 613.451
-762.723 794.5
118.308 -322.553
-851.582 -843.231
3053.88 -1582.37
-1015.38 1311.01
836.202 2508.92
-2470.95 282.283
832.424 -3310.2
840.142 -2828.22
3172.56 -3853.63
4487.04 1563.57
1678.94 2040.91
-1338.56 330.132
5041.42 -1737.97
402.941 -257.134
-813.142 -5087.41
937.263 3484.8
2094.99 -3495.48
-1810.86 670.663
-1577.64 1394.8
-257.692 -260.772
-1476.38 -4241.16
2013.56 -217.306
1723.89 19.6841
-313.876 825.054
600.619 943.884
-455.46 -2206.07
-283.147 -3.01289
1282.74 -1868.45
853.934 2825.85
213.52 2705.27
2311.92 1421.15
-2964.08 910.829
30.7644 -4978.84
1059.42 548.531
2504.44 2897.34
-4724.37 -1317.53
-632.789 -1496.92
2486.37 660.334
-54.4436 159.492
4231.78 1807.17
-4329.54 -1865.62
1688.57 2573.19
-369.719 1023.04
-1153.61 3381.99
38.1221 1064.04
3175.97 -1329.38
564.05 4072.27
522.337